{"type":"FeatureCollection","features":[{"type":"Feature","properties":{"year":2015,"scene_id":"S2A_MSIL2A_20150805T160206_R054_T18SWJ_20210411T183211","datetime":"2015-08-05T16:02:06.027000Z","cloud_cover_tile_pct":12.9,"cloud_mask_aoi_pct":6.7,"ndwi_threshold":0.012,"tide":{"level_m_msl":0.794,"time":"2015-08-05T16:00:00Z","source":"verified"},"wave":{"height_m":1.09,"dominant_period_s":7.1,"time":"2015-08-05T15:50:00Z","source":"NDBC historical"},"wave_setup_m":0.146,"horizontal_correction_m":20.9,"uncertainty_m":17.8,"image":"/data/scenes/sentinel-20150805T160206.jpg","image_shape":[477,556],"stac_url":"https://planetarycomputer.microsoft.com/api/stac/v1/collections/sentinel-2-l2a/items/S2A_MSIL2A_20150805T160206_R054_T18SWJ_20210411T183211","high_tide":{"time":"2015-08-05T17:21:00Z","level_m_msl":0.939,"source":"NOAA predicted high tide","image_offset_minutes":-78.9},"geometry_p90_deviation_m":89.6,"geometry_max_deviation_m":120.4,"geometry_kind":"corrected"},"geometry":{"type":"LineString","coordinates":[[-74.7863839,39.0058278],[-74.7863862,39.0056709],[-74.7863343,39.0055129],[-74.7862718,39.0053102],[-74.7862706,39.0051067],[-74.7862782,39.0049721],[-74.7861814,39.0048302],[-74.7860483,39.0046112],[-74.786067,39.0044696],[-74.7858816,39.0043379],[-74.7856061,39.0041083],[-74.7855814,39.0038438],[-74.785582,39.0036636],[-74.7855825,39.0034834],[-74.785583,39.0033031],[-74.7855836,39.0031229],[-74.7855841,39.0029427],[-74.7855847,39.0027625],[-74.7855852,39.0025822],[-74.7855931,39.0023564],[-74.7857275,39.0021379],[-74.7858252,39.0019963],[-74.7858184,39.0018618],[-74.7858189,39.0016815],[-74.7858195,39.0015013],[-74.7858273,39.0012754],[-74.7859617,39.0010569],[-74.7860778,39.0008769],[-74.7862167,39.0006682],[-74.7864482,39.0004884],[-74.7865642,39.0003084],[-74.7868182,39.0001085],[-74.7870696,38.9999148],[-74.7873967,38.9997491],[-74.7874902,38.9995892],[-74.7877442,38.9993892],[-74.7879532,38.9992296],[-74.7880464,38.9990783],[-74.7881853,38.9988695],[-74.7883939,38.9987184],[-74.7883945,38.9985382],[-74.7886713,38.9983096],[-74.7889028,38.9981298],[-74.7891343,38.9979499],[-74.7893433,38.9977903],[-74.7894365,38.997639],[-74.7895753,38.9974302],[-74.7898661,38.9972068],[-74.7902917,38.9970509],[-74.7902469,38.9969195],[-74.7904784,38.9967397],[-74.7905018,38.9965308],[-74.7908713,38.996331],[-74.7909648,38.9961711],[-74.7911963,38.9959913],[-74.7913123,38.9958113],[-74.7915662,38.9956114],[-74.7917977,38.9954316],[-74.7920292,38.9952517],[-74.7922607,38.9950719],[-74.7924697,38.9949122],[-74.7925857,38.9947322],[-74.7927943,38.9945811],[-74.7928402,38.994352],[-74.7933225,38.9941588],[-74.7934186,38.9939926],[-74.7937854,38.9937992],[-74.7939517,38.993682],[-74.7939522,38.9935018],[-74.794229,38.9932731],[-74.7944604,38.9930933],[-74.7946919,38.9929135],[-74.7949234,38.9927337],[-74.7951324,38.992574],[-74.7952484,38.992394],[-74.7955023,38.992194],[-74.7957338,38.9920142],[-74.7959428,38.9918545],[-74.7960175,38.9917417],[-74.7961016,38.9914603],[-74.7966964,38.9912715],[-74.7967531,38.991135],[-74.7969617,38.9909839],[-74.7969439,38.9908422],[-74.7971011,38.9905949],[-74.797355,38.990395],[-74.7975864,38.9902152],[-74.7978179,38.9900353],[-74.7980493,38.9898555],[-74.7983007,38.9896618],[-74.7986645,38.9894726],[-74.7989945,38.9893026],[-74.7991836,38.9891567],[-74.799322,38.9889566],[-74.7997057,38.9887535],[-74.8000357,38.9885834],[-74.8002248,38.9884376],[-74.8003632,38.9882374],[-74.8006877,38.9880779],[-74.8006469,38.9879649],[-74.8008634,38.9876741],[-74.8014243,38.9875045],[-74.8013412,38.9874254],[-74.8014756,38.9872069],[-74.8016568,38.9869642],[-74.802136,38.9867751],[-74.8022853,38.9866676],[-74.8022858,38.9864874],[-74.8025825,38.9862448],[-74.8029463,38.9860556],[-74.8032563,38.9858994],[-74.803327,38.9857682],[-74.8034429,38.9855882],[-74.8035589,38.9854081],[-74.8036748,38.9852281],[-74.8037908,38.9850481]]}},{"type":"Feature","properties":{"year":2016,"scene_id":"S2A_MSIL2A_20161018T160122_R054_T18SWJ_20210213T115531","datetime":"2016-10-18T16:01:22.026000Z","cloud_cover_tile_pct":0.2,"cloud_mask_aoi_pct":4.87,"ndwi_threshold":0.22,"tide":{"level_m_msl":1.138,"time":"2016-10-18T16:00:00Z","source":"verified"},"wave":{"height_m":0.8,"dominant_period_s":7.0,"time":"2016-10-18T16:01:22.026000Z","source":"regional climatology fallback"},"wave_setup_m":0.123,"horizontal_correction_m":28.0,"uncertainty_m":19.0,"image":"/data/scenes/sentinel-20161018T160122.jpg","image_shape":[477,556],"stac_url":"https://planetarycomputer.microsoft.com/api/stac/v1/collections/sentinel-2-l2a/items/S2A_MSIL2A_20161018T160122_R054_T18SWJ_20210213T115531","high_tide":{"time":"2016-10-18T14:45:00Z","level_m_msl":1.225,"source":"NOAA predicted high tide","image_offset_minutes":76.4},"geometry_p90_deviation_m":80.4,"geometry_max_deviation_m":102.2,"geometry_kind":"corrected"},"geometry":{"type":"LineString","coordinates":[[-74.7871099,39.0058291],[-74.7871104,39.0056489],[-74.7871109,39.0054687],[-74.7871139,39.0053198],[-74.7870638,39.0051694],[-74.7869995,39.0049591],[-74.7869976,39.0047475],[-74.7869982,39.0045673],[-74.7869987,39.0043871],[-74.7869992,39.0042069],[-74.7869998,39.0040266],[-74.7870003,39.0038464],[-74.7870103,39.0037275],[-74.7868954,39.003547],[-74.7868864,39.0033055],[-74.786887,39.0031253],[-74.7868875,39.0029451],[-74.7868975,39.0028261],[-74.7867826,39.0026457],[-74.7867831,39.0024655],[-74.7866925,39.0023368],[-74.7865533,39.0021046],[-74.7865443,39.0018631],[-74.7865449,39.0016829],[-74.7865454,39.0015026],[-74.7865459,39.0013224],[-74.7865465,39.0011422],[-74.7865815,39.0008491],[-74.786813,39.0006693],[-74.7868443,39.0004505],[-74.7871913,39.0002709],[-74.7871365,39.0001809],[-74.7872525,39.0000009],[-74.7873084,38.9997305],[-74.7876553,38.9995509],[-74.7876252,38.9994092],[-74.7878567,38.9992294],[-74.7878227,38.999162],[-74.7878331,38.9989206],[-74.7879738,38.9986889],[-74.7880652,38.9985605],[-74.7880904,38.9983286],[-74.7883827,38.9980833],[-74.788584,38.9979305],[-74.7887,38.9977505],[-74.7889315,38.9975707],[-74.7890476,38.9973907],[-74.7893586,38.9971524],[-74.7897716,38.9970045],[-74.7897114,38.9968898],[-74.7900037,38.9966444],[-74.7901743,38.9965301],[-74.7901749,38.9963499],[-74.7905166,38.9960731],[-74.790979,38.9958937],[-74.7911878,38.9957268],[-74.7915348,38.9955472],[-74.7918079,38.9953454],[-74.792415,38.9951547],[-74.7928293,38.9949959],[-74.7930114,38.9948475],[-74.7932428,38.9946677],[-74.793501,38.9944693],[-74.7938213,38.9943083],[-74.7938518,38.9942454],[-74.7938425,38.9941265],[-74.7938528,38.993885],[-74.7939935,38.9936533],[-74.794197,38.9933892],[-74.7946594,38.9932098],[-74.7946879,38.9931139],[-74.7948039,38.9929338],[-74.7949807,38.9926883],[-74.7953543,38.9924901],[-74.7954983,38.9923944],[-74.7954988,38.9922141],[-74.7957609,38.9919958],[-74.7958462,38.9918543],[-74.7959622,38.9916743],[-74.7961657,38.9914101],[-74.7966281,38.9912307],[-74.7966873,38.9910963],[-74.7969488,38.9908895],[-74.7971502,38.9907366],[-74.797323,38.990511],[-74.7978675,38.9902945],[-74.7985014,38.9901397],[-74.798367,38.9901081],[-74.7985077,38.9898764],[-74.7986543,38.9896579],[-74.7988858,38.989478],[-74.7990319,38.989271],[-74.7994282,38.9890599],[-74.7997524,38.9888932],[-74.8000065,38.9887005],[-74.8004689,38.988521],[-74.8006509,38.9883727],[-74.8008522,38.9882198],[-74.8009375,38.9880783],[-74.8010289,38.9879499],[-74.8010847,38.9876795],[-74.8014884,38.9874543],[-74.8017425,38.9872616],[-74.8021822,38.987095],[-74.8022106,38.9869991],[-74.8023266,38.9868191],[-74.8024732,38.9866005],[-74.8027348,38.9863937],[-74.8029662,38.9862139],[-74.803247,38.9860026],[-74.8037094,38.9858231],[-74.8038914,38.9856747],[-74.8040927,38.9855219],[-74.804178,38.9853804],[-74.8042693,38.985252],[-74.80426,38.985133]]}},{"type":"Feature","properties":{"year":2016,"scene_id":"S2A_MSIL2A_20161117T160132_R054_T18SWJ_20210528T232522","datetime":"2016-11-17T16:01:32.026000Z","cloud_cover_tile_pct":0.49,"cloud_mask_aoi_pct":10.65,"ndwi_threshold":0.22,"tide":{"level_m_msl":1.134,"time":"2016-11-17T16:00:00Z","source":"verified"},"wave":{"height_m":0.8,"dominant_period_s":7.0,"time":"2016-11-17T16:01:32.026000Z","source":"regional climatology fallback"},"wave_setup_m":0.123,"horizontal_correction_m":27.9,"uncertainty_m":19.0,"image":"/data/scenes/sentinel-20161117T160132.jpg","image_shape":[477,556],"stac_url":"https://planetarycomputer.microsoft.com/api/stac/v1/collections/sentinel-2-l2a/items/S2A_MSIL2A_20161117T160132_R054_T18SWJ_20210528T232522","high_tide":{"time":"2016-11-17T15:19:00Z","level_m_msl":1.155,"source":"NOAA predicted high tide","image_offset_minutes":42.5},"geometry_p90_deviation_m":70.7,"geometry_max_deviation_m":91.8,"geometry_kind":"corrected"},"geometry":{"type":"LineString","coordinates":[[-74.7873419,39.0058295],[-74.7873448,39.0056805],[-74.7872947,39.0055301],[-74.7872375,39.0053497],[-74.7871708,39.0051083],[-74.7872499,39.0048398],[-74.7873546,39.0048093],[-74.7871484,39.0046802],[-74.7871152,39.0043873],[-74.7871158,39.0042071],[-74.7871163,39.0040269],[-74.7871168,39.0038466],[-74.7871174,39.0036664],[-74.7871179,39.0034862],[-74.7871185,39.003306],[-74.7871284,39.0031868],[-74.7870135,39.0030064],[-74.7870046,39.0027651],[-74.7870051,39.0025848],[-74.7870057,39.0024046],[-74.7870399,39.002337],[-74.7868095,39.0021564],[-74.7867763,39.0018635],[-74.7867769,39.0016833],[-74.7867774,39.0015031],[-74.7867779,39.0013228],[-74.7867785,39.0011426],[-74.786779,39.0009624],[-74.7867894,39.0007211],[-74.7869606,39.0004512],[-74.7871615,39.0003098],[-74.7871276,39.0002421],[-74.787138,39.0000008],[-74.7873092,38.9997309],[-74.7875407,38.9995511],[-74.7876261,38.9994095],[-74.7877176,38.999281],[-74.7877427,38.9990493],[-74.7880048,38.9988311],[-74.7880656,38.9987409],[-74.7880907,38.9985092],[-74.7883829,38.9982641],[-74.7885843,38.9981112],[-74.7886698,38.9979696],[-74.7888163,38.9977512],[-74.7890173,38.9976098],[-74.7889932,38.997481],[-74.7891944,38.9971842],[-74.7895681,38.9969861],[-74.7897729,38.9968248],[-74.7900044,38.996645],[-74.7902359,38.9964652],[-74.7904674,38.9962854],[-74.7906688,38.9961325],[-74.7908641,38.9958942],[-74.791461,38.9957059],[-74.7916509,38.995548],[-74.7920552,38.9953399],[-74.7926173,38.9951673],[-74.7928072,38.9950094],[-74.7931768,38.9948169],[-74.7935011,38.9946502],[-74.7936759,38.9945158],[-74.7937614,38.9943742],[-74.7939079,38.9941557],[-74.7941394,38.9939759],[-74.7942554,38.9937959],[-74.7945435,38.9935706],[-74.7948905,38.993391],[-74.7950347,38.9932951],[-74.7950106,38.9931663],[-74.7951818,38.9928964],[-74.7954132,38.9927166],[-74.7955292,38.9925365],[-74.7957607,38.9923567],[-74.7958767,38.9921767],[-74.7961382,38.99197],[-74.7963696,38.9917901],[-74.7965711,38.9916372],[-74.7966565,38.9914956],[-74.7967725,38.9913156],[-74.7968884,38.9911356],[-74.7970044,38.9909555],[-74.7972077,38.9906917],[-74.7976927,38.9904994],[-74.7978749,38.9903509],[-74.7981063,38.9901711],[-74.7983378,38.9899913],[-74.7985692,38.9898115],[-74.7988006,38.9896316],[-74.7989715,38.9895171],[-74.798972,38.9893369],[-74.7993133,38.9890604],[-74.799753,38.9888938],[-74.7998123,38.9887592],[-74.8000438,38.9885794],[-74.8002164,38.9883539],[-74.8007014,38.9881616],[-74.800823,38.9880785],[-74.8008541,38.9878599],[-74.8012576,38.9876348],[-74.8014324,38.9875004],[-74.8015484,38.9873204],[-74.8018365,38.9870951],[-74.8021833,38.9869154],[-74.8023881,38.9867541],[-74.8026196,38.9865743],[-74.8028209,38.9864214],[-74.8029063,38.9862798],[-74.8030829,38.9860344],[-74.8034436,38.9858446],[-74.8035734,38.9857017],[-74.8037166,38.9855602],[-74.8037502,38.9854316],[-74.8038194,38.9852241],[-74.803949,38.9850199]]}},{"type":"Feature","properties":{"year":2017,"scene_id":"S2A_MSIL2A_20170317T154951_R054_T18SWJ_20210208T232045","datetime":"2017-03-17T15:49:51.026000Z","cloud_cover_tile_pct":1.11,"cloud_mask_aoi_pct":5.68,"ndwi_threshold":0.192,"tide":{"level_m_msl":0.361,"time":"2017-03-17T15:48:00Z","source":"verified"},"wave":{"height_m":0.8,"dominant_period_s":7.0,"time":"2017-03-17T15:49:51.026000Z","source":"regional climatology fallback"},"wave_setup_m":0.123,"horizontal_correction_m":10.8,"uncertainty_m":15.9,"image":"/data/scenes/sentinel-20170317T154951.jpg","image_shape":[477,556],"stac_url":"https://planetarycomputer.microsoft.com/api/stac/v1/collections/sentinel-2-l2a/items/S2A_MSIL2A_20170317T154951_R054_T18SWJ_20210208T232045","high_tide":{"time":"2017-03-17T16:36:00Z","level_m_msl":0.538,"source":"NOAA predicted high tide","image_offset_minutes":-46.1},"geometry_p90_deviation_m":97.7,"geometry_max_deviation_m":109.6,"geometry_kind":"corrected"},"geometry":{"type":"LineString","coordinates":[[-74.7870783,39.0058291],[-74.7870788,39.0056488],[-74.7870794,39.0054686],[-74.7870799,39.0052884],[-74.7870805,39.0051081],[-74.787081,39.0049279],[-74.7870815,39.0047477],[-74.7870821,39.0045675],[-74.7870826,39.0043872],[-74.7870832,39.004207],[-74.7870837,39.0040268],[-74.7870842,39.0038466],[-74.7870848,39.0036663],[-74.7870853,39.0034861],[-74.7870895,39.0033294],[-74.7869745,39.003149],[-74.7869751,39.0029688],[-74.7868601,39.0027883],[-74.78687,39.002628],[-74.7866396,39.0024473],[-74.7866271,39.0022237],[-74.7866313,39.002067],[-74.7865164,39.0018866],[-74.7865133,39.0016828],[-74.7865138,39.0015026],[-74.7865144,39.0013224],[-74.7865149,39.0011421],[-74.7865155,39.0009619],[-74.7865198,39.0007582],[-74.7866453,39.0005583],[-74.7867518,39.0003981],[-74.7867524,39.0002179],[-74.7869115,38.9999858],[-74.7873637,38.9998135],[-74.7873409,38.9996585],[-74.7875724,38.9994787],[-74.7875597,38.9993418],[-74.7875735,38.9991182],[-74.7878167,38.9989236],[-74.787921,38.9987584],[-74.7880275,38.9985982],[-74.7880375,38.9983981],[-74.7882924,38.9981932],[-74.7885005,38.9980385],[-74.7885011,38.9978583],[-74.7887559,38.9976533],[-74.7889874,38.9974735],[-74.7891956,38.9973189],[-74.7891961,38.9971386],[-74.7894509,38.9969337],[-74.7896824,38.9967539],[-74.7899139,38.9965741],[-74.7901338,38.9964046],[-74.7902498,38.9962246],[-74.7904813,38.9960448],[-74.7905973,38.9958648],[-74.7908404,38.9956746],[-74.7910719,38.9954948],[-74.7912918,38.9953253],[-74.7914194,38.9951349],[-74.7917766,38.9949482],[-74.7919978,38.9947755],[-74.7922293,38.9945957],[-74.7924607,38.9944159],[-74.7927112,38.994224],[-74.793187,38.9940386],[-74.7936171,38.9938773],[-74.7935942,38.9937222],[-74.793868,38.9935051],[-74.7943304,38.9933257],[-74.7945196,38.9931831],[-74.7945624,38.9929657],[-74.7952692,38.9927806],[-74.7954872,38.9926069],[-74.7959497,38.9924274],[-74.7961388,38.9922849],[-74.7961393,38.9921046],[-74.7963708,38.9919248],[-74.7963713,38.9917446],[-74.7966261,38.9915396],[-74.7968765,38.9913477],[-74.7973199,38.9911803],[-74.7972971,38.9910253],[-74.7975519,38.9908203],[-74.7977834,38.9906405],[-74.7980032,38.990471],[-74.7981308,38.9902806],[-74.7984661,38.9901114],[-74.7984549,38.9899459],[-74.7987097,38.9897409],[-74.7989295,38.9895715],[-74.7990455,38.9893914],[-74.7992885,38.9892013],[-74.7995084,38.9890318],[-74.7996031,38.9888864],[-74.7996131,38.9886863],[-74.7998679,38.9884813],[-74.8000993,38.9883015],[-74.8003307,38.9881217],[-74.8005622,38.9879418],[-74.8007936,38.987762],[-74.801025,38.9875822],[-74.8012565,38.9874023],[-74.8014879,38.9872225],[-74.8017193,38.9870427],[-74.8019508,38.9868628],[-74.8021822,38.986683],[-74.8024239,38.986496],[-74.8027605,38.9863235],[-74.8028649,38.9861539],[-74.8030845,38.9859888],[-74.8030718,38.9858519],[-74.8030973,38.9856136],[-74.8034747,38.9854115],[-74.803797,38.9852486],[-74.8038281,38.9851088]]}},{"type":"Feature","properties":{"year":2017,"scene_id":"S2A_MSIL2A_20170416T160131_R054_T18SWJ_20210209T081106","datetime":"2017-04-16T16:01:31.026000Z","cloud_cover_tile_pct":6.25,"cloud_mask_aoi_pct":4.07,"ndwi_threshold":0.097,"tide":{"level_m_msl":0.413,"time":"2017-04-16T16:00:00Z","source":"verified"},"wave":{"height_m":1.19,"dominant_period_s":5.9,"time":"2017-04-16T15:50:00Z","source":"NDBC historical"},"wave_setup_m":0.127,"horizontal_correction_m":12.0,"uncertainty_m":16.2,"image":"/data/scenes/sentinel-20170416T160131.jpg","image_shape":[477,556],"stac_url":"https://planetarycomputer.microsoft.com/api/stac/v1/collections/sentinel-2-l2a/items/S2A_MSIL2A_20170416T160131_R054_T18SWJ_20210209T081106","high_tide":{"time":"2017-04-16T16:47:00Z","level_m_msl":0.479,"source":"NOAA predicted high tide","image_offset_minutes":-45.5},"geometry_p90_deviation_m":52.3,"geometry_max_deviation_m":76.9,"geometry_kind":"corrected"},"geometry":{"type":"LineString","coordinates":[[-74.7876415,39.0058301],[-74.7876431,39.0056633],[-74.7875889,39.0054957],[-74.7875287,39.0053026],[-74.7875282,39.005109],[-74.7875328,39.004955],[-74.7874178,39.0047745],[-74.7874143,39.0045681],[-74.7874189,39.0044141],[-74.787304,39.0042336],[-74.7873004,39.0040272],[-74.787301,39.003847],[-74.7873015,39.0036667],[-74.7873061,39.0035127],[-74.7871912,39.0033323],[-74.7871877,39.0031258],[-74.7871882,39.0029456],[-74.7871928,39.0027916],[-74.7870778,39.0026112],[-74.7871147,39.0024812],[-74.7866646,39.0023081],[-74.786502,39.0020694],[-74.7864985,39.001863],[-74.7864991,39.0016828],[-74.7864996,39.0015026],[-74.7865001,39.0013223],[-74.7865007,39.0011421],[-74.786516,39.0009136],[-74.7867606,39.0007173],[-74.7868635,39.0005538],[-74.7869796,39.0003737],[-74.7870956,39.0001937],[-74.7872247,38.9999972],[-74.7874431,38.9998339],[-74.7874436,38.9996537],[-74.7876752,38.9994739],[-74.7876757,38.9992936],[-74.7879072,38.9991138],[-74.7879077,38.9989336],[-74.7881767,38.9987178],[-74.7884993,38.9985577],[-74.7884867,38.998394],[-74.7887314,38.9981977],[-74.7888603,38.9980061],[-74.7892187,38.9978186],[-74.7894259,38.9976583],[-74.7895287,38.9974947],[-74.7896708,38.9972867],[-74.7900178,38.9971071],[-74.7901209,38.9969386],[-74.7903392,38.9967753],[-74.7903398,38.9965951],[-74.7906184,38.9963737],[-74.7910597,38.9962078],[-74.7910342,38.9960556],[-74.7912657,38.9958758],[-74.7912557,38.9957177],[-74.7913954,38.9954991],[-74.7916397,38.9953077],[-74.7918712,38.9951279],[-74.7921027,38.9949481],[-74.7923342,38.9947683],[-74.7925868,38.994575],[-74.7930492,38.9943956],[-74.7932888,38.9942119],[-74.7938489,38.9940421],[-74.7938014,38.9939199],[-74.7939654,38.9936818],[-74.7944457,38.993493],[-74.7947748,38.9933228],[-74.7949948,38.9931509],[-74.7952263,38.9929711],[-74.7954577,38.9927913],[-74.7956763,38.992623],[-74.7957923,38.992443],[-74.7960366,38.9922516],[-74.7962552,38.9920834],[-74.7963581,38.9919198],[-74.796474,38.9917398],[-74.7966032,38.9915433],[-74.7968346,38.9913635],[-74.7969375,38.9911999],[-74.7970795,38.9909919],[-74.7974475,38.9907988],[-74.7977847,38.9906247],[-74.7980048,38.9904528],[-74.7982476,38.990265],[-74.7986043,38.9900799],[-74.7989415,38.9899057],[-74.7991355,38.9897619],[-74.799136,38.9895817],[-74.7993674,38.9894018],[-74.7993574,38.9892437],[-74.7995214,38.9890056],[-74.8000015,38.9888168],[-74.8003192,38.9886545],[-74.8004466,38.9884665],[-74.8009187,38.9882816],[-74.801129,38.9881152],[-74.8013344,38.9879634],[-74.8013349,38.9877832],[-74.8015923,38.9875753],[-74.8018238,38.9873955],[-74.8020552,38.9872156],[-74.8022866,38.9870358],[-74.802518,38.986856],[-74.8027495,38.9866761],[-74.803002,38.9864828],[-74.8034547,38.9863089],[-74.8035706,38.9861289],[-74.804033,38.9859494],[-74.8041115,38.9858054],[-74.8042169,38.9856474],[-74.8042132,38.9854934],[-74.8042349,38.9852559],[-74.804555,38.9850491]]}},{"type":"Feature","properties":{"year":2017,"scene_id":"S2A_MSIL2A_20170516T154911_R054_T18SWJ_20210209T155818","datetime":"2017-05-16T15:49:11.026000Z","cloud_cover_tile_pct":8.18,"cloud_mask_aoi_pct":2.86,"ndwi_threshold":-0.002,"tide":{"level_m_msl":0.528,"time":"2017-05-16T15:48:00Z","source":"verified"},"wave":{"height_m":0.44,"dominant_period_s":13.8,"time":"2017-05-16T15:50:00Z","source":"NDBC historical"},"wave_setup_m":0.18,"horizontal_correction_m":15.7,"uncertainty_m":16.8,"image":"/data/scenes/sentinel-20170516T154911.jpg","image_shape":[477,556],"stac_url":"https://planetarycomputer.microsoft.com/api/stac/v1/collections/sentinel-2-l2a/items/S2A_MSIL2A_20170516T154911_R054_T18SWJ_20210209T155818","high_tide":{"time":"2017-05-16T17:05:00Z","level_m_msl":0.467,"source":"NOAA predicted high tide","image_offset_minutes":-75.8},"geometry_p90_deviation_m":50.7,"geometry_max_deviation_m":62.4,"geometry_kind":"corrected"},"geometry":{"type":"LineString","coordinates":[[-74.7877138,39.0058302],[-74.7877157,39.0056676],[-74.7876624,39.0055041],[-74.7876013,39.0053069],[-74.7876004,39.0051091],[-74.7876063,39.0049633],[-74.7874914,39.0047828],[-74.7874866,39.0045682],[-74.7874924,39.0044224],[-74.7873775,39.0042419],[-74.7873727,39.0040273],[-74.7873786,39.0038815],[-74.7872636,39.0037011],[-74.7872778,39.0035499],[-74.7870645,39.0033909],[-74.7869188,39.0031598],[-74.7869193,39.0029795],[-74.7868044,39.0027991],[-74.7867996,39.0025845],[-74.7868054,39.0024386],[-74.7867042,39.0022872],[-74.7865755,39.0020778],[-74.7865708,39.0018631],[-74.7865713,39.0016829],[-74.7865718,39.0015027],[-74.7865724,39.0013225],[-74.7865785,39.0011079],[-74.7866945,39.0009278],[-74.786695,39.0007476],[-74.7868249,39.0005386],[-74.7869582,39.0003369],[-74.7871897,39.0001571],[-74.7872885,38.9999988],[-74.7874217,38.9997971],[-74.7876532,38.9996173],[-74.787752,38.9994589],[-74.7878542,38.9993079],[-74.7878547,38.9991277],[-74.7879846,38.9989187],[-74.7881006,38.9987387],[-74.7882338,38.998537],[-74.7884481,38.9983788],[-74.7884659,38.998177],[-74.7888448,38.9979718],[-74.7890444,38.9978176],[-74.7891604,38.9976375],[-74.7894088,38.9974426],[-74.7896403,38.9972628],[-74.7898718,38.997083],[-74.7901033,38.9969031],[-74.7903348,38.9967233],[-74.7905662,38.9965435],[-74.7907977,38.9963637],[-74.7910292,38.9961839],[-74.7912438,38.9960192],[-74.7913598,38.9958392],[-74.7916082,38.9956443],[-74.7918397,38.9954644],[-74.7920542,38.9952998],[-74.7921702,38.9951198],[-74.7924186,38.9949248],[-74.7926501,38.994745],[-74.7928966,38.9945547],[-74.7932435,38.9943751],[-74.79346,38.9942057],[-74.7936746,38.9940411],[-74.7937906,38.9938611],[-74.7940048,38.9937029],[-74.7940225,38.993501],[-74.7944014,38.9932958],[-74.7946179,38.9931264],[-74.7948493,38.9929466],[-74.7950639,38.9927819],[-74.7951799,38.9926019],[-74.7954283,38.9924069],[-74.7956428,38.9922423],[-74.7957588,38.9920622],[-74.7960222,38.9918568],[-74.7963541,38.9916876],[-74.7964532,38.9915228],[-74.7967015,38.9913278],[-74.796933,38.991148],[-74.7971794,38.9909577],[-74.7975264,38.9907781],[-74.7977428,38.9906087],[-74.7979743,38.9904289],[-74.7982057,38.990249],[-74.7984372,38.9900692],[-74.7986686,38.9898894],[-74.7989,38.9897096],[-74.7991315,38.9895297],[-74.7993629,38.9893499],[-74.7995944,38.9891701],[-74.7998258,38.9889902],[-74.8000231,38.9888472],[-74.8000236,38.988667],[-74.8003503,38.9884191],[-74.8012607,38.9882452],[-74.8011604,38.9881917],[-74.8011803,38.987948],[-74.8014459,38.9877314],[-74.8016773,38.9875516],[-74.8019087,38.9873717],[-74.8021401,38.9871919],[-74.8023374,38.9870489],[-74.8023552,38.986847],[-74.8027467,38.9866345],[-74.8031042,38.9864498],[-74.8035559,38.9862755],[-74.8037746,38.9861029],[-74.8041065,38.9859336],[-74.8041883,38.9857904],[-74.8042966,38.985624],[-74.8043487,38.9854592],[-74.8044207,38.9852501],[-74.8046116,38.9850485]]}},{"type":"Feature","properties":{"year":2017,"scene_id":"S2A_MSIL2A_20170612T153911_R011_T18SWJ_20210209T222703","datetime":"2017-06-12T15:39:11.026000Z","cloud_cover_tile_pct":0.18,"cloud_mask_aoi_pct":3.8,"ndwi_threshold":0.138,"tide":{"level_m_msl":0.55,"time":"2017-06-12T15:42:00Z","source":"verified"},"wave":{"height_m":0.75,"dominant_period_s":5.3,"time":"2017-06-12T15:50:00Z","source":"NDBC historical"},"wave_setup_m":0.09,"horizontal_correction_m":14.2,"uncertainty_m":16.6,"image":"/data/scenes/sentinel-20170612T153911.jpg","image_shape":[477,556],"stac_url":"https://planetarycomputer.microsoft.com/api/stac/v1/collections/sentinel-2-l2a/items/S2A_MSIL2A_20170612T153911_R011_T18SWJ_20210209T222703","high_tide":{"time":"2017-06-12T15:16:00Z","level_m_msl":0.527,"source":"NOAA predicted high tide","image_offset_minutes":23.2},"geometry_p90_deviation_m":71.5,"geometry_max_deviation_m":99.7,"geometry_kind":"corrected"},"geometry":{"type":"LineString","coordinates":[[-74.7871008,39.0058602],[-74.78704,39.0056647],[-74.7870393,39.0054685],[-74.7870398,39.0052883],[-74.7870404,39.0051081],[-74.7870457,39.004959],[-74.7869308,39.0047785],[-74.7869313,39.0045983],[-74.7868164,39.0044179],[-74.7868121,39.0042065],[-74.7868126,39.0040263],[-74.786818,39.0038772],[-74.7867031,39.0036967],[-74.7866988,39.0034854],[-74.7866993,39.0033052],[-74.7866999,39.003125],[-74.7867004,39.0029447],[-74.7867009,39.0027645],[-74.7867063,39.0026154],[-74.7865914,39.002435],[-74.7865919,39.0022547],[-74.786477,39.0020743],[-74.7864727,39.001863],[-74.7864732,39.0016827],[-74.7864738,39.0015025],[-74.7864743,39.0013223],[-74.7864748,39.0011421],[-74.7864754,39.0009618],[-74.7864809,39.0007505],[-74.7866095,39.0005443],[-74.7867411,39.0003447],[-74.7869726,39.0001649],[-74.7870886,38.9999849],[-74.7873201,38.9998051],[-74.787408,38.9996708],[-74.7874211,38.9994644],[-74.7876526,38.9992846],[-74.7876406,38.9991306],[-74.7878,38.9988911],[-74.7881317,38.9987252],[-74.7881323,38.998545],[-74.7884792,38.9983654],[-74.7884517,38.9982309],[-74.7885802,38.9980247],[-74.7886962,38.9978447],[-74.7888278,38.9976451],[-74.7890746,38.9974516],[-74.7893061,38.9972718],[-74.7895223,38.9971057],[-74.7896227,38.9969452],[-74.7897696,38.9967319],[-74.7901302,38.9965429],[-74.7903828,38.9963519],[-74.7909688,38.9961694],[-74.7912577,38.9960274],[-74.7912301,38.995893],[-74.7913586,38.9956867],[-74.7914902,38.9954872],[-74.7917217,38.9953073],[-74.7918377,38.9951273],[-74.7920845,38.9949338],[-74.792316,38.994754],[-74.7925822,38.9945536],[-74.7931601,38.9943744],[-74.7933568,38.9942152],[-74.7935883,38.9940353],[-74.7938197,38.9938555],[-74.7940203,38.993709],[-74.7940209,38.9935287],[-74.7942679,38.9933294],[-74.7943839,38.9931493],[-74.7946154,38.9929695],[-74.7947314,38.9927895],[-74.7949628,38.9926097],[-74.7950788,38.9924297],[-74.7953256,38.9922361],[-74.795557,38.9920563],[-74.7957885,38.9918765],[-74.796045,38.9916807],[-74.7964959,38.9915078],[-74.7965675,38.9913705],[-74.7966835,38.9911905],[-74.796815,38.9909909],[-74.7970618,38.9907973],[-74.7972932,38.9906175],[-74.7975382,38.9904283],[-74.7978967,38.9902421],[-74.7982032,38.9900921],[-74.7982037,38.9899119],[-74.7986006,38.989698],[-74.7990283,38.9895392],[-74.7989979,38.9893922],[-74.799245,38.9891928],[-74.7993762,38.9889991],[-74.7997367,38.98881],[-74.7999797,38.9886236],[-74.8004305,38.9884507],[-74.8005465,38.9882707],[-74.8010088,38.9880913],[-74.8010679,38.9879802],[-74.8010684,38.9877999],[-74.8011843,38.9876199],[-74.8011848,38.9874397],[-74.8013289,38.9872139],[-74.8016103,38.9869997],[-74.802167,38.9868316],[-74.8021386,38.9866746],[-74.8025259,38.9864652],[-74.8028477,38.9863016],[-74.8029328,38.9861548],[-74.8030564,38.9859642],[-74.803238,38.9857753],[-74.8034117,38.9855954],[-74.8035854,38.9854154],[-74.8037512,38.9852444],[-74.8038595,38.985075]]}},{"type":"Feature","properties":{"year":2017,"scene_id":"S2A_MSIL2A_20170615T160131_R054_T18SWJ_20210209T231305","datetime":"2017-06-15T16:01:31.026000Z","cloud_cover_tile_pct":12.53,"cloud_mask_aoi_pct":5.08,"ndwi_threshold":-0.02,"tide":{"level_m_msl":0.609,"time":"2017-06-15T16:00:00Z","source":"verified"},"wave":{"height_m":0.73,"dominant_period_s":4.0,"time":"2017-06-15T15:50:00Z","source":"NDBC historical"},"wave_setup_m":0.067,"horizontal_correction_m":15.0,"uncertainty_m":16.7,"image":"/data/scenes/sentinel-20170615T160131.jpg","image_shape":[477,556],"stac_url":"https://planetarycomputer.microsoft.com/api/stac/v1/collections/sentinel-2-l2a/items/S2A_MSIL2A_20170615T160131_R054_T18SWJ_20210209T231305","high_tide":{"time":"2017-06-15T17:25:00Z","level_m_msl":0.541,"source":"NOAA predicted high tide","image_offset_minutes":-83.5},"geometry_p90_deviation_m":90.2,"geometry_max_deviation_m":125.6,"geometry_kind":"corrected"},"geometry":{"type":"LineString","coordinates":[[-74.787491,39.0058298],[-74.7874928,39.0056664],[-74.7874394,39.0055021],[-74.7873822,39.0053218],[-74.787325,39.0051414],[-74.787264,39.0049451],[-74.7872632,39.004748],[-74.7872638,39.0045678],[-74.7872694,39.0044204],[-74.7871675,39.0042677],[-74.7870395,39.0040596],[-74.7870349,39.0038465],[-74.7870355,39.0036663],[-74.7870411,39.0035189],[-74.7869262,39.0033384],[-74.7869216,39.0031254],[-74.7869222,39.0029451],[-74.7869227,39.0027649],[-74.7869283,39.0026175],[-74.7868134,39.0024371],[-74.7868139,39.0022569],[-74.786712,39.0021042],[-74.786584,39.001896],[-74.7865795,39.0016829],[-74.78658,39.0015027],[-74.7865806,39.0013225],[-74.7865811,39.0011422],[-74.7865869,39.0009292],[-74.7867162,39.0007215],[-74.7868322,39.0005415],[-74.7869482,39.0003614],[-74.7870807,39.0001608],[-74.7872958,39.0000016],[-74.7872778,38.9998819],[-74.7872836,38.9996689],[-74.7874129,38.9994612],[-74.7875157,38.9993088],[-74.7875294,38.9991009],[-74.7877935,38.998886],[-74.7880089,38.9987206],[-74.7881249,38.9985406],[-74.7883564,38.9983608],[-74.788456,38.9982015],[-74.7886046,38.9979863],[-74.7889354,38.9978212],[-74.7889359,38.997641],[-74.7892991,38.9974469],[-74.7893989,38.9972814],[-74.789614,38.9971222],[-74.789596,38.9970025],[-74.7895965,38.9968223],[-74.7896482,38.9965464],[-74.7901106,38.996367],[-74.7900786,38.9962219],[-74.7903427,38.996007],[-74.7905741,38.9958271],[-74.7908056,38.9956473],[-74.7910371,38.9954675],[-74.791236,38.9953228],[-74.791253,38.995122],[-74.7916612,38.9949026],[-74.7922307,38.9947269],[-74.7924093,38.9945833],[-74.7925253,38.9944033],[-74.7928096,38.9941873],[-74.7933875,38.9940081],[-74.7935823,38.99385],[-74.7937976,38.9936847],[-74.7939298,38.9934902],[-74.794291,38.9933006],[-74.7945082,38.9931307],[-74.7947396,38.9929509],[-74.7949711,38.9927711],[-74.7952026,38.9925913],[-74.795434,38.9924115],[-74.7956655,38.9922316],[-74.7958969,38.9920518],[-74.7961284,38.991872],[-74.7963273,38.9917273],[-74.7963278,38.9915471],[-74.7965918,38.9913321],[-74.7967907,38.9911874],[-74.7967912,38.9910072],[-74.7970553,38.9907922],[-74.7972541,38.9906476],[-74.7972546,38.9904673],[-74.7975638,38.9902271],[-74.7982385,38.9900565],[-74.7981799,38.9899282],[-74.7984113,38.9897484],[-74.7984119,38.9895682],[-74.7987024,38.9893364],[-74.7991648,38.9891569],[-74.7993697,38.988994],[-74.7996012,38.9888141],[-74.7998,38.9886694],[-74.7998331,38.9884541],[-74.800322,38.9882578],[-74.8005269,38.9880948],[-74.8007583,38.987915],[-74.8009898,38.9877352],[-74.8011886,38.9875905],[-74.8011891,38.9874102],[-74.8014531,38.9871953],[-74.8016846,38.9870154],[-74.8019683,38.9868077],[-74.8027882,38.9866253],[-74.8032014,38.9864673],[-74.8032572,38.9863601],[-74.8032709,38.9861522],[-74.8035188,38.9859517],[-74.8036183,38.9857923],[-74.803727,38.9856253],[-74.8037793,38.9854598],[-74.8038336,38.9852957],[-74.8038327,38.9851323]]}},{"type":"Feature","properties":{"year":2017,"scene_id":"S2A_MSIL2A_20170811T153911_R011_T18SWJ_20210210T224734","datetime":"2017-08-11T15:39:11.026000Z","cloud_cover_tile_pct":6.92,"cloud_mask_aoi_pct":6.96,"ndwi_threshold":0.22,"tide":{"level_m_msl":0.85,"time":"2017-08-11T15:42:00Z","source":"verified"},"wave":{"height_m":0.59,"dominant_period_s":7.7,"time":"2017-08-11T15:50:00Z","source":"NDBC historical"},"wave_setup_m":0.116,"horizontal_correction_m":21.5,"uncertainty_m":17.9,"image":"/data/scenes/sentinel-20170811T153911.jpg","image_shape":[477,556],"stac_url":"https://planetarycomputer.microsoft.com/api/stac/v1/collections/sentinel-2-l2a/items/S2A_MSIL2A_20170811T153911_R011_T18SWJ_20210210T224734","high_tide":{"time":"2017-08-11T15:48:00Z","level_m_msl":0.79,"source":"NOAA predicted high tide","image_offset_minutes":-8.8},"geometry_p90_deviation_m":73.3,"geometry_max_deviation_m":90.2,"geometry_kind":"corrected"},"geometry":{"type":"LineString","coordinates":[[-74.787532,39.0058299],[-74.7875325,39.0056497],[-74.7875331,39.0054694],[-74.7875355,39.0053132],[-74.7874837,39.0051558],[-74.7874211,39.0049525],[-74.7874198,39.0047483],[-74.7874276,39.004615],[-74.7873126,39.0044346],[-74.7873059,39.0042074],[-74.7873137,39.0040741],[-74.7872174,39.0039334],[-74.7870838,39.0037133],[-74.787103,39.0035727],[-74.7868725,39.003392],[-74.7868472,39.0031252],[-74.7868477,39.002945],[-74.7868555,39.0028117],[-74.7867406,39.0026313],[-74.7867411,39.0024511],[-74.7866448,39.0023103],[-74.7865112,39.0020902],[-74.7865118,39.00191],[-74.7863968,39.0017295],[-74.7863901,39.0015024],[-74.7863906,39.0013221],[-74.7863912,39.0011419],[-74.7863993,39.0009148],[-74.7865342,39.0006952],[-74.7866737,39.0004856],[-74.7869052,39.0003058],[-74.7870212,39.0001258],[-74.7872759,38.9999253],[-74.7874608,38.9997957],[-74.7874613,38.9996155],[-74.7877163,38.9994062],[-74.7878554,38.9992055],[-74.7881793,38.9990466],[-74.7881374,38.9989354],[-74.7882724,38.9987158],[-74.7883695,38.9985754],[-74.78837,38.9983952],[-74.7885049,38.9981756],[-74.7886445,38.997966],[-74.7888759,38.9977862],[-74.7889685,38.9976357],[-74.7890845,38.9974557],[-74.7892676,38.9972113],[-74.789762,38.997015],[-74.7900565,38.9968665],[-74.7901494,38.9967072],[-74.790404,38.9965067],[-74.7906124,38.9963475],[-74.7907284,38.9961675],[-74.7909599,38.9959877],[-74.7910524,38.9958372],[-74.7911684,38.9956572],[-74.7913079,38.9954477],[-74.7915625,38.9952472],[-74.7917709,38.995088],[-74.79191,38.9948873],[-74.7922774,38.9946935],[-74.7925408,38.9944968],[-74.7931309,38.9943126],[-74.7934511,38.994145],[-74.7937602,38.9939895],[-74.7938296,38.9938597],[-74.7939267,38.9937192],[-74.7939272,38.993539],[-74.7941087,38.9932692],[-74.7944935,38.9930654],[-74.7948026,38.9929099],[-74.794872,38.9927801],[-74.7950115,38.9925706],[-74.795266,38.9923701],[-74.7954975,38.9921903],[-74.7957494,38.9919962],[-74.7960964,38.9918166],[-74.7963073,38.991651],[-74.7965767,38.9914471],[-74.7970217,38.9912775],[-74.7970706,38.9911619],[-74.7971866,38.9909819],[-74.7972837,38.9908415],[-74.7973266,38.9905921],[-74.797717,38.9903776],[-74.7978814,38.9902622],[-74.7979054,38.9900525],[-74.7982754,38.9898521],[-74.7984293,38.989648],[-74.7990071,38.9894688],[-74.7990622,38.9893335],[-74.7993167,38.989133],[-74.799586,38.9889291],[-74.8000629,38.9887427],[-74.8003343,38.9886148],[-74.8003784,38.9883997],[-74.8009881,38.9882036],[-74.8011441,38.9880755],[-74.8012366,38.987925],[-74.801376,38.9877155],[-74.8016305,38.9875149],[-74.8018389,38.9873558],[-74.8019313,38.9872053],[-74.8020708,38.9869957],[-74.8023022,38.9868159],[-74.8023947,38.9866654],[-74.8025342,38.9864558],[-74.8028091,38.9862411],[-74.803188,38.9860446],[-74.8036274,38.9858766],[-74.8037485,38.985737],[-74.8039102,38.9855706],[-74.8040146,38.9854065],[-74.8041541,38.985197]]}},{"type":"Feature","properties":{"year":2017,"scene_id":"S2B_MSIL2A_20170826T153859_R011_T18SWJ_20210201T114734","datetime":"2017-08-26T15:38:59.027000Z","cloud_cover_tile_pct":8.54,"cloud_mask_aoi_pct":8.0,"ndwi_threshold":0.123,"tide":{"level_m_msl":0.844,"time":"2017-08-26T15:36:00Z","source":"verified"},"wave":{"height_m":0.61,"dominant_period_s":7.1,"time":"2017-08-26T15:50:00Z","source":"NDBC historical"},"wave_setup_m":0.109,"horizontal_correction_m":21.2,"uncertainty_m":17.8,"image":"/data/scenes/sentinel-20170826T153859.jpg","image_shape":[477,556],"stac_url":"https://planetarycomputer.microsoft.com/api/stac/v1/collections/sentinel-2-l2a/items/S2B_MSIL2A_20170826T153859_R011_T18SWJ_20210201T114734","high_tide":{"time":"2017-08-26T16:44:00Z","level_m_msl":0.827,"source":"NOAA predicted high tide","image_offset_minutes":-65.0},"geometry_p90_deviation_m":77.3,"geometry_max_deviation_m":93.9,"geometry_kind":"corrected"},"geometry":{"type":"LineString","coordinates":[[-74.7875354,39.0058299],[-74.7875378,39.0056733],[-74.7874859,39.0055156],[-74.7874234,39.0053127],[-74.7874221,39.0051088],[-74.7874226,39.0049285],[-74.7874303,39.0047946],[-74.7873154,39.0046142],[-74.7873087,39.0043877],[-74.7873093,39.0042074],[-74.787317,39.0040735],[-74.787202,39.0038931],[-74.7872026,39.0037128],[-74.7870876,39.0035324],[-74.7870882,39.0033522],[-74.7869732,39.0031717],[-74.7869666,39.0029452],[-74.7869671,39.002765],[-74.7869748,39.0026311],[-74.7868599,39.0024506],[-74.7868788,39.0023095],[-74.7866714,39.0021581],[-74.7865151,39.0019093],[-74.7865084,39.0016828],[-74.786509,39.0015026],[-74.7865095,39.0013223],[-74.7865101,39.0011421],[-74.786518,39.0009156],[-74.7866527,39.0006966],[-74.7867919,39.0004874],[-74.7870234,39.0003076],[-74.7870976,39.0001958],[-74.7870982,39.0000155],[-74.787256,38.9997674],[-74.7875103,38.9995672],[-74.7876958,38.9994369],[-74.7876964,38.9992567],[-74.7879738,38.9990273],[-74.7882053,38.9988475],[-74.7883909,38.9987172],[-74.7883728,38.998576],[-74.7885074,38.998357],[-74.7886235,38.998177],[-74.7887627,38.9979678],[-74.7889941,38.997788],[-74.789087,38.9976371],[-74.7892262,38.997428],[-74.7894577,38.9972482],[-74.7895737,38.9970682],[-74.789828,38.996868],[-74.7900594,38.9966882],[-74.7902909,38.9965083],[-74.7904765,38.9963781],[-74.790477,38.9961978],[-74.7907544,38.9959685],[-74.7909859,38.9957887],[-74.7912174,38.9956089],[-74.7914489,38.9954291],[-74.7916576,38.9952696],[-74.7917736,38.9950896],[-74.792048,38.9948754],[-74.792395,38.9946958],[-74.7926063,38.99453],[-74.7928378,38.9943502],[-74.7931066,38.9941466],[-74.7935317,38.9939909],[-74.7934862,38.9938602],[-74.7937636,38.9936309],[-74.7939951,38.9934511],[-74.7942266,38.9932713],[-74.794458,38.9930914],[-74.7946895,38.9929116],[-74.794921,38.9927318],[-74.7951297,38.9925724],[-74.7952684,38.992372],[-74.7956154,38.9921923],[-74.7957086,38.9920327],[-74.7959628,38.9918325],[-74.7961943,38.9916527],[-74.7964257,38.9914728],[-74.7966344,38.9913134],[-74.7967504,38.9911334],[-74.7969818,38.9909536],[-74.7970978,38.9907736],[-74.7973723,38.9905593],[-74.7976762,38.9904141],[-74.7976995,38.9902135],[-74.7981619,38.990034],[-74.7981164,38.9899033],[-74.7983938,38.989674],[-74.7986455,38.9894801],[-74.7989924,38.9893005],[-74.7992036,38.9891347],[-74.7994553,38.9889408],[-74.7998022,38.9887612],[-74.8000134,38.9885954],[-74.8002965,38.9883849],[-74.8008744,38.9882057],[-74.8010313,38.9880769],[-74.8011241,38.987926],[-74.8012401,38.987746],[-74.8013561,38.9875659],[-74.8014952,38.9873568],[-74.8017494,38.9871566],[-74.8019808,38.9869767],[-74.8022123,38.9867969],[-74.8024437,38.9866171],[-74.8026953,38.9864232],[-74.8030422,38.9862435],[-74.8032534,38.9860777],[-74.8034621,38.9859183],[-74.8035549,38.9857674],[-74.8036822,38.9855716],[-74.8038677,38.9853783],[-74.8040296,38.9852117],[-74.8041341,38.9850475]]}},{"type":"Feature","properties":{"year":2017,"scene_id":"S2B_MSIL2A_20170908T154859_R054_T18SWJ_20210201T215619","datetime":"2017-09-08T15:48:59.027000Z","cloud_cover_tile_pct":3.6,"cloud_mask_aoi_pct":7.0,"ndwi_threshold":0.157,"tide":{"level_m_msl":0.744,"time":"2017-09-08T15:48:00Z","source":"verified"},"wave":{"height_m":1.63,"dominant_period_s":14.8,"time":"2017-09-08T15:50:00Z","source":"NDBC historical"},"wave_setup_m":0.372,"horizontal_correction_m":24.8,"uncertainty_m":18.5,"image":"/data/scenes/sentinel-20170908T154859.jpg","image_shape":[477,556],"stac_url":"https://planetarycomputer.microsoft.com/api/stac/v1/collections/sentinel-2-l2a/items/S2B_MSIL2A_20170908T154859_R054_T18SWJ_20210201T215619","high_tide":{"time":"2017-09-08T14:39:00Z","level_m_msl":0.942,"source":"NOAA predicted high tide","image_offset_minutes":70.0},"geometry_p90_deviation_m":121.8,"geometry_max_deviation_m":136.7,"geometry_kind":"corrected"},"geometry":{"type":"LineString","coordinates":[[-74.7872627,39.0058294],[-74.7872653,39.0056769],[-74.7872144,39.005523],[-74.7871509,39.0053162],[-74.7871493,39.0051083],[-74.7871499,39.004928],[-74.7871504,39.0047478],[-74.7871593,39.0046218],[-74.7870444,39.0044414],[-74.7870365,39.0042069],[-74.7870371,39.0040267],[-74.787046,39.0039007],[-74.7869526,39.003766],[-74.7868377,39.0035856],[-74.7867012,39.0033594],[-74.7866933,39.0031249],[-74.7866939,39.0029447],[-74.7866944,39.0027645],[-74.7867033,39.0026385],[-74.7865884,39.002458],[-74.7865889,39.0022778],[-74.7864955,39.0021432],[-74.786434,39.0020209],[-74.7860616,39.001816],[-74.7860053,39.0015016],[-74.7860058,39.0013214],[-74.7860064,39.0011412],[-74.7860069,39.000961],[-74.7860075,39.0007807],[-74.7860167,39.0005463],[-74.7861546,39.0003206],[-74.7862706,39.0001406],[-74.7864137,38.9999265],[-74.7866719,38.9997228],[-74.7869034,38.999543],[-74.7871083,38.9993871],[-74.787251,38.9991832],[-74.7876417,38.9989758],[-74.7879887,38.9987962],[-74.7882652,38.9986683],[-74.7882168,38.9985679],[-74.7883547,38.9983421],[-74.7884707,38.9981621],[-74.7885867,38.9979821],[-74.7887027,38.9978021],[-74.7888459,38.997588],[-74.789104,38.9973843],[-74.7893089,38.9972284],[-74.7893977,38.9970824],[-74.7894919,38.9969481],[-74.7895143,38.9967222],[-74.7897458,38.9965424],[-74.7897734,38.9963281],[-74.7901471,38.9961246],[-74.7902093,38.9960025],[-74.7904228,38.9957367],[-74.7910007,38.9955575],[-74.791073,38.9954053],[-74.7913933,38.9952496],[-74.7914205,38.9950455],[-74.7918829,38.9948661],[-74.7918568,38.9947098],[-74.7922741,38.9944784],[-74.792601,38.9943102],[-74.7928088,38.9941469],[-74.7930403,38.993967],[-74.793218,38.9938452],[-74.7932185,38.993665],[-74.7935038,38.9934272],[-74.7936814,38.9933053],[-74.793682,38.9931251],[-74.7939134,38.9929453],[-74.7938921,38.9928108],[-74.7940571,38.9925509],[-74.7942614,38.9924052],[-74.7942891,38.9921909],[-74.794636,38.9920113],[-74.7946094,38.9918652],[-74.7950186,38.9915707],[-74.7963929,38.9913958],[-74.7962547,38.9912932],[-74.7966519,38.9910733],[-74.796833,38.9909338],[-74.7969757,38.9907299],[-74.7973226,38.9905502],[-74.7974119,38.9903941],[-74.7977137,38.9901625],[-74.7981324,38.990011],[-74.7980791,38.9898887],[-74.7983644,38.9896509],[-74.7986395,38.9894432],[-74.7990582,38.9892916],[-74.7990049,38.9891694],[-74.7992364,38.9889896],[-74.7992369,38.9888093],[-74.7995221,38.9885715],[-74.7997972,38.9883639],[-74.8002159,38.9882123],[-74.8002601,38.9880042],[-74.8009702,38.9878171],[-74.8009719,38.987731],[-74.801115,38.9875168],[-74.8013464,38.987337],[-74.8014134,38.9872368],[-74.8014139,38.9870565],[-74.8016055,38.9867728],[-74.801976,38.9865767],[-74.8022275,38.9863855],[-74.8026698,38.9862175],[-74.8026865,38.9861576],[-74.8026968,38.9859531],[-74.8029097,38.9857176],[-74.8030696,38.9855533],[-74.8031722,38.9853917],[-74.8032881,38.9852117],[-74.8034041,38.9850317]]}},{"type":"Feature","properties":{"year":2017,"scene_id":"S2A_MSIL2A_20170923T160121_R054_T18SWJ_20210202T083415","datetime":"2017-09-23T16:01:21.026000Z","cloud_cover_tile_pct":7.18,"cloud_mask_aoi_pct":6.36,"ndwi_threshold":0.22,"tide":{"level_m_msl":1.181,"time":"2017-09-23T16:00:00Z","source":"verified"},"wave":{"height_m":1.5,"dominant_period_s":8.3,"time":"2017-09-23T15:50:00Z","source":"NDBC historical"},"wave_setup_m":0.2,"horizontal_correction_m":30.7,"uncertainty_m":19.5,"image":"/data/scenes/sentinel-20170923T160121.jpg","image_shape":[477,556],"stac_url":"https://planetarycomputer.microsoft.com/api/stac/v1/collections/sentinel-2-l2a/items/S2A_MSIL2A_20170923T160121_R054_T18SWJ_20210202T083415","high_tide":{"time":"2017-09-23T15:25:00Z","level_m_msl":0.93,"source":"NOAA predicted high tide","image_offset_minutes":36.4},"geometry_p90_deviation_m":70.6,"geometry_max_deviation_m":85.3,"geometry_kind":"corrected"},"geometry":{"type":"LineString","coordinates":[[-74.7875411,39.0058299],[-74.7875443,39.005684],[-74.7874948,39.0055364],[-74.7874298,39.0053233],[-74.7874277,39.0051088],[-74.7874283,39.0049286],[-74.7874288,39.0047483],[-74.7874397,39.0046352],[-74.7873248,39.0044548],[-74.787315,39.0042074],[-74.7873259,39.0040943],[-74.7872109,39.0039139],[-74.7872115,39.0037336],[-74.7870965,39.0035532],[-74.7870971,39.003373],[-74.7870088,39.0032492],[-74.7868938,39.0030688],[-74.7867789,39.0028883],[-74.7866373,39.0026512],[-74.7866274,39.0024039],[-74.7866984,39.0023898],[-74.7863524,39.0022089],[-74.7862826,39.0018626],[-74.7862831,39.0016824],[-74.7862837,39.0015022],[-74.7862842,39.0013219],[-74.7862848,39.0011417],[-74.7862961,39.0008944],[-74.7864727,39.0006157],[-74.7867372,39.0004063],[-74.7869021,39.0002982],[-74.7868757,39.0001746],[-74.7869917,38.9999946],[-74.7869922,38.9998143],[-74.7871353,38.9995778],[-74.7872849,38.9993556],[-74.7875494,38.9991462],[-74.7877809,38.9989664],[-74.7880124,38.9987866],[-74.7882109,38.9986363],[-74.7882663,38.9985551],[-74.7882561,38.9984419],[-74.7882944,38.9981381],[-74.7885925,38.9978865],[-74.7888781,38.9976722],[-74.7893406,38.9974928],[-74.7894513,38.9974192],[-74.7894855,38.9971968],[-74.7898947,38.9969673],[-74.7900969,38.9968079],[-74.7902954,38.9966576],[-74.7904114,38.9964776],[-74.7906759,38.9962682],[-74.7908744,38.996118],[-74.7909904,38.9959379],[-74.7912219,38.9957581],[-74.7913379,38.9955781],[-74.7915694,38.9953983],[-74.7916854,38.9952183],[-74.7919168,38.9950385],[-74.7920659,38.9948289],[-74.7924421,38.9946289],[-74.7926736,38.9944491],[-74.7930205,38.9942695],[-74.7932227,38.99411],[-74.7934542,38.9939302],[-74.7936857,38.9937504],[-74.7939171,38.9935706],[-74.7941486,38.9933908],[-74.7943801,38.9932109],[-74.7946115,38.9930311],[-74.7948723,38.992831],[-74.7952192,38.9926513],[-74.7954214,38.9924919],[-74.7956198,38.9923416],[-74.7957688,38.992132],[-74.7961158,38.9919524],[-74.7961988,38.9918019],[-74.7964632,38.9915925],[-74.7966617,38.9914423],[-74.7967777,38.9912623],[-74.7970091,38.9910824],[-74.7970915,38.9909446],[-74.7973033,38.9906725],[-74.7977365,38.9905134],[-74.7976434,38.9904615],[-74.7978822,38.9901328],[-74.7983446,38.9899534],[-74.7983983,38.9898233],[-74.798692,38.9895935],[-74.7990389,38.9894139],[-74.7992704,38.9892341],[-74.799555,38.9891043],[-74.7994842,38.9890899],[-74.7994955,38.9888426],[-74.799672,38.9885639],[-74.7999034,38.988384],[-74.8000194,38.988204],[-74.8003907,38.9879376],[-74.8011675,38.9877713],[-74.8010601,38.9876651],[-74.8014941,38.9874214],[-74.8018162,38.9872559],[-74.8020183,38.9870964],[-74.8022168,38.9869462],[-74.8022991,38.9868083],[-74.8025109,38.9865362],[-74.8029733,38.9863567],[-74.8030892,38.9861767],[-74.8035972,38.9859732],[-74.8038692,38.985838],[-74.8039186,38.9857297],[-74.8040346,38.9855497],[-74.8041505,38.9853696],[-74.8042665,38.9851896],[-74.8043824,38.9850096]]}},{"type":"Feature","properties":{"year":2018,"scene_id":"S2B_MSIL2A_20180205T155429_R054_T18SWJ_20201013T191759","datetime":"2018-02-05T15:54:29.027000Z","cloud_cover_tile_pct":5.58,"cloud_mask_aoi_pct":3.83,"ndwi_threshold":0.142,"tide":{"level_m_msl":0.467,"time":"2018-02-05T15:54:00Z","source":"verified"},"wave":{"height_m":1.66,"dominant_period_s":4.8,"time":"2018-02-05T15:50:00Z","source":"NDBC historical"},"wave_setup_m":0.122,"horizontal_correction_m":13.1,"uncertainty_m":16.4,"image":"/data/scenes/sentinel-20180205T155429.jpg","image_shape":[477,556],"stac_url":"https://planetarycomputer.microsoft.com/api/stac/v1/collections/sentinel-2-l2a/items/S2B_MSIL2A_20180205T155429_R054_T18SWJ_20201013T191759","high_tide":{"time":"2018-02-05T17:14:00Z","level_m_msl":0.668,"source":"NOAA predicted high tide","image_offset_minutes":-79.5},"geometry_p90_deviation_m":111.9,"geometry_max_deviation_m":126.6,"geometry_kind":"corrected"},"geometry":{"type":"LineString","coordinates":[[-74.7877444,39.0058303],[-74.787745,39.00565],[-74.7877455,39.0054698],[-74.7877461,39.0052896],[-74.7877466,39.0051094],[-74.7877471,39.0049291],[-74.7877477,39.0047489],[-74.7877482,39.0045687],[-74.7877532,39.0044171],[-74.7876496,39.0042608],[-74.7875346,39.0040803],[-74.7874197,39.0038999],[-74.7872934,39.0036953],[-74.7873195,39.0035573],[-74.7869736,39.0033764],[-74.7869441,39.0031254],[-74.7869491,39.0029738],[-74.7868341,39.0027933],[-74.7868347,39.0026131],[-74.7867197,39.0024327],[-74.7867202,39.0022525],[-74.7866053,39.002072],[-74.7866014,39.0018632],[-74.786602,39.001683],[-74.7866025,39.0015027],[-74.786603,39.0013225],[-74.7866082,39.0011137],[-74.7867357,39.0009096],[-74.7868402,39.0007537],[-74.7868408,39.0005734],[-74.7869967,39.0003387],[-74.7873756,39.0001402],[-74.7878062,38.9999798],[-74.7877668,38.9998542],[-74.7878828,38.9996742],[-74.7878834,38.999494],[-74.7879994,38.999314],[-74.7879999,38.9991337],[-74.7881274,38.9989296],[-74.788232,38.9987737],[-74.7882325,38.9985935],[-74.78836,38.9983894],[-74.7884645,38.9982335],[-74.7884766,38.9980291],[-74.7887081,38.9978493],[-74.7886971,38.9976932],[-74.7888131,38.9975132],[-74.7888252,38.9973088],[-74.7890975,38.9970898],[-74.7894445,38.9969102],[-74.7896635,38.996739],[-74.7899075,38.9965506],[-74.7902739,38.9963607],[-74.7907169,38.9961916],[-74.7907805,38.9960749],[-74.7907765,38.9959233],[-74.7908074,38.9956724],[-74.7911684,38.9954802],[-74.7912561,38.9953307],[-74.7914129,38.9951114],[-74.7918754,38.994932],[-74.7919505,38.9947913],[-74.7920808,38.9945933],[-74.7923123,38.9944135],[-74.7924424,38.9942208],[-74.7927893,38.9940412],[-74.7928912,38.9938738],[-74.7931227,38.993694],[-74.7932528,38.9935014],[-74.7935856,38.9933344],[-74.7935603,38.9931962],[-74.7937022,38.9929741],[-74.7939602,38.992773],[-74.7942806,38.9926147],[-74.7942811,38.9924344],[-74.794674,38.9922233],[-74.7951276,38.9920481],[-74.7953076,38.9919136],[-74.7952966,38.9917575],[-74.7954241,38.9915533],[-74.7955685,38.9913427],[-74.7959279,38.9911544],[-74.7961328,38.9909959],[-74.7962628,38.9908033],[-74.7966098,38.9906236],[-74.7967382,38.9904349],[-74.7972006,38.9902555],[-74.7972757,38.9901147],[-74.7973917,38.9899347],[-74.7975077,38.9897547],[-74.7976645,38.9895354],[-74.7981144,38.9893647],[-74.7980866,38.989215],[-74.7983589,38.9889959],[-74.7987058,38.9888163],[-74.7989247,38.9886451],[-74.7991421,38.9884779],[-74.7992581,38.9882979],[-74.7995036,38.9881055],[-74.7997581,38.9879109],[-74.8002099,38.9877375],[-74.8002993,38.9875788],[-74.8005307,38.9873989],[-74.8006324,38.9872369],[-74.8007767,38.9870263],[-74.8011555,38.9868277],[-74.801586,38.9866672],[-74.801542,38.9865703],[-74.80161,38.9862921],[-74.8023122,38.9861088],[-74.8023615,38.9859896],[-74.8024146,38.9858222],[-74.8025127,38.9855874],[-74.8029492,38.9853889],[-74.8033284,38.9852236],[-74.8034095,38.9850789]]}},{"type":"Feature","properties":{"year":2018,"scene_id":"S2A_MSIL2A_20180501T154911_R054_T18SWJ_20201012T043605","datetime":"2018-05-01T15:49:11.024000Z","cloud_cover_tile_pct":0.6,"cloud_mask_aoi_pct":3.99,"ndwi_threshold":0.012,"tide":{"level_m_msl":0.503,"time":"2018-05-01T15:48:00Z","source":"verified"},"wave":{"height_m":0.49,"dominant_period_s":9.1,"time":"2018-05-01T15:50:00Z","source":"NDBC historical"},"wave_setup_m":0.125,"horizontal_correction_m":14.0,"uncertainty_m":16.5,"image":"/data/scenes/sentinel-20180501T154911.jpg","image_shape":[477,556],"stac_url":"https://planetarycomputer.microsoft.com/api/stac/v1/collections/sentinel-2-l2a/items/S2A_MSIL2A_20180501T154911_R054_T18SWJ_20201012T043605","high_tide":{"time":"2018-05-01T14:23:00Z","level_m_msl":0.697,"source":"NOAA predicted high tide","image_offset_minutes":86.2},"geometry_p90_deviation_m":54.8,"geometry_max_deviation_m":69.1,"geometry_kind":"corrected"},"geometry":{"type":"LineString","coordinates":[[-74.7876188,39.00583],[-74.7876193,39.0056498],[-74.7876198,39.0054696],[-74.7876204,39.0052894],[-74.7876209,39.0051091],[-74.7876262,39.0049594],[-74.7875112,39.004779],[-74.787507,39.0045682],[-74.7875123,39.0044185],[-74.7873974,39.0042381],[-74.7873932,39.0040274],[-74.7873984,39.0038777],[-74.7872835,39.0036972],[-74.7872793,39.0034865],[-74.7872798,39.0033062],[-74.7872851,39.0031565],[-74.7871823,39.0030019],[-74.7870552,39.0027957],[-74.7870557,39.0026154],[-74.7869529,39.0024608],[-74.7868259,39.0022546],[-74.7868217,39.0020438],[-74.7868222,39.0018636],[-74.7868228,39.0016834],[-74.7868233,39.0015031],[-74.7868238,39.0013229],[-74.7868293,39.0011122],[-74.7869879,39.0008738],[-74.7873199,39.0007076],[-74.7873051,39.0005466],[-74.7875519,39.0003476],[-74.7876527,39.0001868],[-74.7878236,38.9999585],[-74.7883903,38.9997857],[-74.7883349,38.9996731],[-74.7884509,38.9994931],[-74.7884465,38.9993434],[-74.7884471,38.9991631],[-74.7884476,38.9989829],[-74.7884531,38.9987722],[-74.7885966,38.9985472],[-74.7888281,38.9983674],[-74.7889166,38.9982323],[-74.7889171,38.9980521],[-74.7890607,38.9978272],[-74.7892922,38.9976474],[-74.7894082,38.9974673],[-74.7896888,38.9972539],[-74.7902667,38.9970747],[-74.7904491,38.9969285],[-74.7905499,38.9967677],[-74.7906659,38.9965877],[-74.7907819,38.9964077],[-74.7908979,38.9962277],[-74.7910139,38.9960476],[-74.7911452,38.9958484],[-74.7913917,38.9956552],[-74.7916232,38.9954754],[-74.7918396,38.995309],[-74.7919556,38.995129],[-74.7921871,38.9949492],[-74.7923031,38.9947691],[-74.7925629,38.9945666],[-74.7929212,38.9943806],[-74.7932568,38.9942074],[-74.7934996,38.9940212],[-74.7939507,38.9938482],[-74.7940231,38.99371],[-74.794194,38.9934817],[-74.7947719,38.9933025],[-74.7948207,38.9931965],[-74.7948335,38.9929906],[-74.7950952,38.9927781],[-74.79534,38.992589],[-74.795687,38.9924094],[-74.7958901,38.9922523],[-74.7959908,38.9920915],[-74.7961221,38.9918922],[-74.7963685,38.991699],[-74.7966,38.9915191],[-74.7968448,38.9913301],[-74.7971784,38.9911597],[-74.7972793,38.9909931],[-74.7975504,38.9907842],[-74.7980015,38.9906112],[-74.7980739,38.990473],[-74.7982202,38.9902604],[-74.7985804,38.9900715],[-74.7988118,38.9898916],[-74.7991304,38.9897347],[-74.7991034,38.9895994],[-74.7992316,38.9893937],[-74.7993476,38.9892136],[-74.7994788,38.9890144],[-74.7997499,38.9888055],[-74.800201,38.9886324],[-74.800317,38.9884524],[-74.8008001,38.988262],[-74.8010979,38.9881161],[-74.8010708,38.9879808],[-74.8011991,38.987775],[-74.8013453,38.9875623],[-74.8017169,38.987367],[-74.8020524,38.9871938],[-74.8022706,38.9870232],[-74.802502,38.9868434],[-74.8027031,38.9866962],[-74.8027189,38.9864968],[-74.8030808,38.9863037],[-74.8031817,38.9861371],[-74.8034054,38.985966],[-74.8034438,38.9858221],[-74.8035515,38.9855785],[-74.8040489,38.9853806],[-74.8044826,38.9852154],[-74.804555,38.9850773]]}},{"type":"Feature","properties":{"year":2018,"scene_id":"S2B_MSIL2A_20180702T153809_R011_T18SWJ_20201011T111621","datetime":"2018-07-02T15:38:09.024000Z","cloud_cover_tile_pct":0.49,"cloud_mask_aoi_pct":3.23,"ndwi_threshold":0.183,"tide":{"level_m_msl":0.67,"time":"2018-07-02T15:36:00Z","source":"verified"},"wave":{"height_m":0.44,"dominant_period_s":8.3,"time":"2018-07-02T15:50:00Z","source":"NDBC historical"},"wave_setup_m":0.108,"horizontal_correction_m":17.3,"uncertainty_m":17.1,"image":"/data/scenes/sentinel-20180702T153809.jpg","image_shape":[477,556],"stac_url":"https://planetarycomputer.microsoft.com/api/stac/v1/collections/sentinel-2-l2a/items/S2B_MSIL2A_20180702T153809_R011_T18SWJ_20201011T111621","high_tide":{"time":"2018-07-02T16:10:00Z","level_m_msl":0.525,"source":"NOAA predicted high tide","image_offset_minutes":-31.8},"geometry_p90_deviation_m":61.9,"geometry_max_deviation_m":95.4,"geometry_kind":"corrected"},"geometry":{"type":"LineString","coordinates":[[-74.7880422,39.0058308],[-74.7880428,39.0056506],[-74.7880433,39.0054704],[-74.7880453,39.0053095],[-74.7879925,39.0051476],[-74.7879309,39.0049488],[-74.78793,39.0047492],[-74.7879305,39.004569],[-74.7879311,39.0043888],[-74.7879374,39.0042464],[-74.7878225,39.0040659],[-74.787823,39.0038857],[-74.7877081,39.0037053],[-74.7877424,39.0035808],[-74.787415,39.0034167],[-74.7872477,39.0031638],[-74.7872424,39.0029457],[-74.7872488,39.0028033],[-74.7871489,39.0026548],[-74.7870527,39.0024982],[-74.7868408,39.0023343],[-74.7865731,39.0021131],[-74.7865527,39.0018631],[-74.7865533,39.0016829],[-74.7865538,39.0015027],[-74.7865544,39.0013224],[-74.786561,39.0011044],[-74.786677,39.0009244],[-74.7866928,39.0007123],[-74.7869432,39.0005087],[-74.7870592,39.0003287],[-74.7872908,39.0001489],[-74.7874068,38.9999689],[-74.7876383,38.9997891],[-74.7877354,38.9996328],[-74.7878889,38.9994124],[-74.7882173,38.9992494],[-74.7881776,38.9991627],[-74.7881995,38.9989128],[-74.7884499,38.9987092],[-74.788547,38.9985529],[-74.7886819,38.9983491],[-74.7889134,38.9981693],[-74.7890105,38.9980131],[-74.7891454,38.9978093],[-74.7893769,38.9976295],[-74.789493,38.9974495],[-74.7897595,38.9972415],[-74.7900714,38.9970901],[-74.790053,38.9969336],[-74.7903034,38.99673],[-74.7904195,38.99655],[-74.790686,38.9963421],[-74.791033,38.9961625],[-74.791248,38.9959941],[-74.7914609,38.995831],[-74.7915769,38.995651],[-74.791827,38.9954545],[-74.7920584,38.9952747],[-74.7922713,38.9951115],[-74.7923684,38.9949553],[-74.7925033,38.9947515],[-74.7927699,38.9945435],[-74.7931168,38.9943639],[-74.7933318,38.9941956],[-74.7935938,38.9939963],[-74.7940422,38.9938249],[-74.7941042,38.9936968],[-74.794205,38.9935486],[-74.7942207,38.9933365],[-74.7944711,38.9931329],[-74.7945871,38.9929529],[-74.7948536,38.9927449],[-74.7951841,38.9925768],[-74.7952815,38.9924134],[-74.7955129,38.9922336],[-74.7956289,38.9920536],[-74.795879,38.9918571],[-74.7961104,38.9916773],[-74.7963724,38.991478],[-74.7968208,38.9913066],[-74.7968828,38.9911784],[-74.7969987,38.9909984],[-74.7971147,38.9908184],[-74.7972496,38.9906146],[-74.7975162,38.9904066],[-74.7978631,38.990227],[-74.798078,38.9900586],[-74.7983095,38.9898788],[-74.7985223,38.9897157],[-74.7986194,38.9895594],[-74.7987543,38.9893556],[-74.7990208,38.9891476],[-74.7993817,38.9889601],[-74.7997146,38.9887884],[-74.7999296,38.98862],[-74.800161,38.9884402],[-74.8004229,38.9882409],[-74.8008548,38.9880809],[-74.8008178,38.9879411],[-74.8010868,38.9877209],[-74.8013487,38.9875216],[-74.8018325,38.9873325],[-74.8022594,38.9871707],[-74.8023061,38.9870744],[-74.8023218,38.9868623],[-74.8025722,38.9866587],[-74.8027372,38.9864426],[-74.8033268,38.9862577],[-74.8035465,38.9860835],[-74.8040021,38.9859077],[-74.8041334,38.9857602],[-74.8043071,38.9855803],[-74.8044808,38.9854003],[-74.8046449,38.9852313],[-74.8047515,38.9850641]]}},{"type":"Feature","properties":{"year":2018,"scene_id":"S2A_MSIL2A_20180717T153911_R011_T18SWJ_20201011T164942","datetime":"2018-07-17T15:39:11.024000Z","cloud_cover_tile_pct":2.76,"cloud_mask_aoi_pct":4.0,"ndwi_threshold":0.168,"tide":{"level_m_msl":0.727,"time":"2018-07-17T15:42:00Z","source":"verified"},"wave":{"height_m":0.86,"dominant_period_s":5.6,"time":"2018-07-17T15:50:00Z","source":"NDBC historical"},"wave_setup_m":0.102,"horizontal_correction_m":18.4,"uncertainty_m":17.3,"image":"/data/scenes/sentinel-20180717T153911.jpg","image_shape":[477,556],"stac_url":"https://planetarycomputer.microsoft.com/api/stac/v1/collections/sentinel-2-l2a/items/S2A_MSIL2A_20180717T153911_R011_T18SWJ_20201011T164942","high_tide":{"time":"2018-07-17T17:01:00Z","level_m_msl":0.809,"source":"NOAA predicted high tide","image_offset_minutes":-81.8},"geometry_p90_deviation_m":59.7,"geometry_max_deviation_m":104.3,"geometry_kind":"corrected"},"geometry":{"type":"LineString","coordinates":[[-74.7881447,39.005831],[-74.7881452,39.0056508],[-74.7881458,39.0054705],[-74.7881463,39.0052903],[-74.7881468,39.0051101],[-74.7881536,39.0049701],[-74.7880547,39.0048237],[-74.7879237,39.0046093],[-74.7879242,39.0044291],[-74.7878093,39.0042486],[-74.7878036,39.0040281],[-74.7878104,39.0038882],[-74.7876954,39.0037077],[-74.787732,39.0035869],[-74.7874058,39.0034239],[-74.7872351,39.0031662],[-74.7872294,39.0029457],[-74.7872361,39.0028058],[-74.7871372,39.0026593],[-74.787062,39.0025221],[-74.7867161,39.0023413],[-74.7865454,39.0020836],[-74.7865397,39.0018631],[-74.7865402,39.0016829],[-74.7865408,39.0015026],[-74.7865413,39.0013224],[-74.7865483,39.0011019],[-74.7867007,39.0008626],[-74.7869323,39.0006828],[-74.7870281,39.0005281],[-74.7871643,39.0003228],[-74.7873958,39.000143],[-74.7875118,38.999963],[-74.7877232,38.9998085],[-74.7877237,38.9996283],[-74.7879952,38.9994054],[-74.7881867,38.9992686],[-74.7881873,38.9990884],[-74.7884188,38.9989086],[-74.7884031,38.9987623],[-74.7885555,38.998523],[-74.7887668,38.9983686],[-74.7887875,38.998163],[-74.7891543,38.9979657],[-74.7892505,38.9978034],[-74.789482,38.9976236],[-74.7895778,38.9974689],[-74.7897338,38.9972458],[-74.7900984,38.997054],[-74.7903123,38.9968864],[-74.7905438,38.9967066],[-74.7907753,38.9965268],[-74.7910068,38.9963469],[-74.7911983,38.9962102],[-74.7911988,38.99603],[-74.7914703,38.9958071],[-74.7917017,38.9956273],[-74.7919332,38.9954475],[-74.7921647,38.9952677],[-74.7923764,38.9951056],[-74.7924924,38.9949256],[-74.7927437,38.994728],[-74.7929927,38.994536],[-74.7933221,38.9943686],[-74.7934183,38.9942063],[-74.7936696,38.9940087],[-74.7938812,38.9938467],[-74.793977,38.993692],[-74.7941506,38.9934567],[-74.7946279,38.9932688],[-74.7948071,38.9931274],[-74.7949231,38.9929474],[-74.7951545,38.9927675],[-74.7952705,38.9925875],[-74.7955218,38.9923899],[-74.7957533,38.9922101],[-74.7959847,38.9920303],[-74.7961964,38.9918682],[-74.7963124,38.9916882],[-74.7965636,38.9914906],[-74.7967753,38.9913286],[-74.7968711,38.9911739],[-74.7970072,38.9909685],[-74.7972585,38.9907709],[-74.79749,38.9905911],[-74.7977214,38.9904113],[-74.7979529,38.9902315],[-74.7982168,38.9900309],[-74.7986792,38.9898515],[-74.7988781,38.9896924],[-74.7990898,38.9895303],[-74.7992255,38.9893325],[-74.7995725,38.9891529],[-74.7996884,38.9889729],[-74.8000995,38.988759],[-74.800784,38.9885832],[-74.8009601,38.9884344],[-74.8011515,38.9882976],[-74.801152,38.9881174],[-74.8014234,38.9878945],[-74.8016149,38.9877577],[-74.8016554,38.9875344],[-74.8021502,38.9873343],[-74.8023293,38.9871929],[-74.8024453,38.9870128],[-74.8027141,38.986803],[-74.8030759,38.9866149],[-74.8034079,38.9864438],[-74.8036217,38.9862761],[-74.8038981,38.9860696],[-74.8044485,38.9859048],[-74.8043688,38.9858541],[-74.804383,38.9856156],[-74.8045858,38.9853944],[-74.8047595,38.9852145],[-74.8049332,38.9850345]]}},{"type":"Feature","properties":{"year":2018,"scene_id":"S2B_MSIL2A_20180801T154109_R011_T18SWJ_20201020T015522","datetime":"2018-08-01T15:41:09.024000Z","cloud_cover_tile_pct":12.76,"cloud_mask_aoi_pct":6.67,"ndwi_threshold":0.178,"tide":{"level_m_msl":0.746,"time":"2018-08-01T15:42:00Z","source":"verified"},"wave":{"height_m":1.31,"dominant_period_s":6.2,"time":"2018-08-01T15:50:00Z","source":"NDBC historical"},"wave_setup_m":0.14,"horizontal_correction_m":19.7,"uncertainty_m":17.5,"image":"/data/scenes/sentinel-20180801T154109.jpg","image_shape":[477,556],"stac_url":"https://planetarycomputer.microsoft.com/api/stac/v1/collections/sentinel-2-l2a/items/S2B_MSIL2A_20180801T154109_R011_T18SWJ_20201020T015522","high_tide":{"time":"2018-08-01T16:19:00Z","level_m_msl":0.655,"source":"NOAA predicted high tide","image_offset_minutes":-37.8},"geometry_p90_deviation_m":74.4,"geometry_max_deviation_m":113.0,"geometry_kind":"corrected"},"geometry":{"type":"LineString","coordinates":[[-74.7882457,39.0058312],[-74.7882462,39.005651],[-74.7882468,39.0054707],[-74.7882473,39.0052905],[-74.7882478,39.0051103],[-74.788255,39.0049731],[-74.7881572,39.004829],[-74.7880251,39.0046122],[-74.788019,39.004389],[-74.7880262,39.0042518],[-74.7879112,39.0040713],[-74.7879118,39.0038911],[-74.7877968,39.0037107],[-74.7877974,39.0035304],[-74.7877209,39.0034135],[-74.7874905,39.0032328],[-74.7873541,39.0030252],[-74.7872221,39.0028085],[-74.7872611,39.0026917],[-74.7869362,39.0025299],[-74.7867789,39.0023033],[-74.7866468,39.0020865],[-74.7866407,39.0018633],[-74.7866412,39.001683],[-74.7866418,39.0015028],[-74.7866423,39.0013226],[-74.7866498,39.0010994],[-74.7867831,39.0008831],[-74.7869207,39.000676],[-74.7871522,39.0004962],[-74.7872467,39.0003432],[-74.7873842,39.0001362],[-74.7876716,38.9999153],[-74.7881182,38.999745],[-74.7881554,38.9996603],[-74.7881559,38.9994801],[-74.7882893,38.9992638],[-74.788388,38.99912],[-74.7883885,38.9989398],[-74.7885218,38.9987235],[-74.7886594,38.9985164],[-74.7888909,38.9983366],[-74.7889854,38.9981837],[-74.7891229,38.9979766],[-74.7893544,38.9977968],[-74.7894704,38.9976168],[-74.7897019,38.997437],[-74.7898871,38.9972095],[-74.7905672,38.9970369],[-74.7904903,38.9969248],[-74.7907218,38.996745],[-74.7907224,38.9965648],[-74.7909754,38.9963579],[-74.7910698,38.9962049],[-74.7912074,38.9959979],[-74.7914173,38.9958451],[-74.7914606,38.9956189],[-74.7919577,38.9954174],[-74.7921118,38.9953057],[-74.7921123,38.9951254],[-74.7923865,38.9948996],[-74.7926367,38.9947067],[-74.7929996,38.9945181],[-74.7933599,38.9943321],[-74.7937931,38.9941681],[-74.7938476,38.9940471],[-74.7939463,38.9939034],[-74.7939468,38.9937232],[-74.7941016,38.9934798],[-74.7943543,38.993281],[-74.7945857,38.9931012],[-74.794836,38.9929084],[-74.7951641,38.9927418],[-74.7952374,38.9926078],[-74.795375,38.9924007],[-74.7956463,38.9921889],[-74.7959745,38.9920223],[-74.7960693,38.9918612],[-74.7963567,38.9916404],[-74.7968191,38.9914609],[-74.7969731,38.9913492],[-74.7970163,38.991123],[-74.7974787,38.9909436],[-74.7974365,38.9908093],[-74.7977294,38.9905705],[-74.7980764,38.9903908],[-74.7982679,38.990243],[-74.7983839,38.990063],[-74.7985938,38.9899102],[-74.7986158,38.9897029],[-74.7990027,38.9894913],[-74.7991942,38.9893435],[-74.7993101,38.9891634],[-74.7996108,38.9889362],[-74.8001593,38.9887724],[-74.8000984,38.9886512],[-74.8004205,38.9883969],[-74.8009984,38.9882176],[-74.8011606,38.9880852],[-74.8012378,38.9879685],[-74.8012556,38.987752],[-74.8015644,38.9875041],[-74.8020108,38.9873337],[-74.8021268,38.9871537],[-74.8026051,38.9869652],[-74.8028018,38.9868074],[-74.8030121,38.9866466],[-74.8030892,38.9865299],[-74.8031684,38.9862543],[-74.8037755,38.9860596],[-74.8039485,38.9859169],[-74.8041114,38.9857473],[-74.8042636,38.9855944],[-74.8043045,38.9854505],[-74.8043906,38.9852195],[-74.8046541,38.9850083]]}},{"type":"Feature","properties":{"year":2018,"scene_id":"S2A_MSIL2A_20180829T154901_R054_T18SWJ_20201103T112606","datetime":"2018-08-29T15:49:01.024000Z","cloud_cover_tile_pct":0.49,"cloud_mask_aoi_pct":6.97,"ndwi_threshold":0.112,"tide":{"level_m_msl":0.801,"time":"2018-08-29T15:48:00Z","source":"verified"},"wave":{"height_m":0.61,"dominant_period_s":4.3,"time":"2018-08-29T15:50:00Z","source":"NDBC historical"},"wave_setup_m":0.066,"horizontal_correction_m":19.3,"uncertainty_m":17.5,"image":"/data/scenes/sentinel-20180829T154901.jpg","image_shape":[477,556],"stac_url":"https://planetarycomputer.microsoft.com/api/stac/v1/collections/sentinel-2-l2a/items/S2A_MSIL2A_20180829T154901_R054_T18SWJ_20201103T112606","high_tide":{"time":"2018-08-29T15:09:00Z","level_m_msl":0.79,"source":"NOAA predicted high tide","image_offset_minutes":40.0},"geometry_p90_deviation_m":61.9,"geometry_max_deviation_m":113.4,"geometry_kind":"corrected"},"geometry":{"type":"LineString","coordinates":[[-74.7882504,39.0058312],[-74.788251,39.005651],[-74.7882515,39.0054707],[-74.7882537,39.005312],[-74.7882014,39.0051523],[-74.7881516,39.0049908],[-74.788046,39.0048271],[-74.7879143,39.0046111],[-74.7879148,39.0044309],[-74.7877998,39.0042504],[-74.7877939,39.0040281],[-74.7878009,39.00389],[-74.787686,39.0037096],[-74.7877242,39.0035915],[-74.7874172,39.0034421],[-74.7872023,39.0032703],[-74.786707,39.0030675],[-74.7866493,39.0028065],[-74.7865343,39.0026261],[-74.7865349,39.0024459],[-74.7864199,39.0022654],[-74.7864139,39.0020431],[-74.7864145,39.0018628],[-74.786415,39.0016826],[-74.7864156,39.0015024],[-74.7864161,39.0013222],[-74.7864234,39.0010998],[-74.7865775,39.0008578],[-74.786809,39.000678],[-74.786925,39.000498],[-74.7871565,39.0003182],[-74.7872726,39.0001382],[-74.7875248,38.9999398],[-74.7877356,38.9997786],[-74.7878516,38.9995986],[-74.7880831,38.9994188],[-74.7881611,38.9993007],[-74.7881786,38.999085],[-74.7884312,38.9988787],[-74.7885261,38.9987252],[-74.7886421,38.9985452],[-74.7887581,38.9983652],[-74.7888952,38.9981586],[-74.7891267,38.9979788],[-74.7892427,38.9977988],[-74.7894742,38.997619],[-74.7895902,38.997439],[-74.7898217,38.9972592],[-74.7899378,38.9970792],[-74.7901692,38.9968994],[-74.7902853,38.9967193],[-74.7905167,38.9965395],[-74.7906327,38.9963595],[-74.790885,38.9961611],[-74.7910957,38.9959999],[-74.7912117,38.9958199],[-74.7914639,38.9956215],[-74.7916747,38.9954602],[-74.7917907,38.9952802],[-74.7920429,38.9950818],[-74.7922928,38.9948893],[-74.7926397,38.9947096],[-74.7928528,38.9945426],[-74.7930843,38.9943628],[-74.7933158,38.994183],[-74.7935265,38.9940217],[-74.7936214,38.9938682],[-74.7937374,38.9936882],[-74.7938745,38.9934816],[-74.7941267,38.9932833],[-74.7943582,38.9931034],[-74.7945896,38.9929236],[-74.7948004,38.9927624],[-74.7949371,38.9925638],[-74.7953024,38.9923714],[-74.7955155,38.9922043],[-74.7957469,38.9920245],[-74.7959784,38.9918447],[-74.7962282,38.9916521],[-74.7965751,38.9914725],[-74.7967464,38.9913505],[-74.7967469,38.9911703],[-74.7970202,38.9909454],[-74.7972098,38.9908106],[-74.7972104,38.9906304],[-74.7974629,38.9904241],[-74.7975789,38.990244],[-74.797831,38.9900457],[-74.7980809,38.9898531],[-74.7984278,38.9896734],[-74.7986748,38.9894847],[-74.7991216,38.9893142],[-74.7992192,38.9891469],[-74.7995845,38.9889545],[-74.7997768,38.988806],[-74.7999475,38.9885858],[-74.8005493,38.9883958],[-74.8008382,38.9882486],[-74.8009335,38.9880871],[-74.8011438,38.9879337],[-74.8011444,38.9877535],[-74.8014176,38.9875286],[-74.801649,38.9873488],[-74.8018804,38.987169],[-74.8021119,38.9869891],[-74.8023617,38.9867965],[-74.8027086,38.9866169],[-74.8029216,38.9864498],[-74.803153,38.98627],[-74.8034028,38.9860774],[-74.8037313,38.9859105],[-74.8038055,38.9857755],[-74.8039045,38.985631],[-74.8038982,38.9854929],[-74.8039055,38.9852705],[-74.8040384,38.985055]]}},{"type":"Feature","properties":{"year":2018,"scene_id":"S2B_MSIL2A_20180930T154029_R011_T18SWJ_20201009T064343","datetime":"2018-09-30T15:40:29.024000Z","cloud_cover_tile_pct":1.82,"cloud_mask_aoi_pct":9.94,"ndwi_threshold":0.22,"tide":{"level_m_msl":0.936,"time":"2018-09-30T15:42:00Z","source":"verified"},"wave":{"height_m":1.19,"dominant_period_s":13.8,"time":"2018-09-30T15:50:00Z","source":"NDBC historical"},"wave_setup_m":0.296,"horizontal_correction_m":27.4,"uncertainty_m":18.9,"image":"/data/scenes/sentinel-20180930T154029.jpg","image_shape":[477,556],"stac_url":"https://planetarycomputer.microsoft.com/api/stac/v1/collections/sentinel-2-l2a/items/S2B_MSIL2A_20180930T154029_R011_T18SWJ_20201009T064343","high_tide":{"time":"2018-09-30T16:55:00Z","level_m_msl":0.949,"source":"NOAA predicted high tide","image_offset_minutes":-74.5},"geometry_p90_deviation_m":93.7,"geometry_max_deviation_m":148.5,"geometry_kind":"corrected"},"geometry":{"type":"LineString","coordinates":[[-74.7882722,39.0058312],[-74.7882751,39.0056816],[-74.7882248,39.0055305],[-74.7881676,39.0053502],[-74.7881104,39.0051699],[-74.7880463,39.0049603],[-74.7880537,39.0048093],[-74.7879388,39.0046289],[-74.7879301,39.0043888],[-74.7879399,39.0042684],[-74.7878249,39.004088],[-74.7878254,39.0039078],[-74.7877343,39.0037779],[-74.7876491,39.0036352],[-74.7874739,39.0034993],[-74.7870727,39.0032737],[-74.7870105,39.0029453],[-74.7870203,39.0028249],[-74.7869291,39.002695],[-74.7867904,39.0024641],[-74.7868444,39.0023721],[-74.7864985,39.0021913],[-74.7864363,39.0018629],[-74.7864368,39.0016827],[-74.7864373,39.0015024],[-74.7864379,39.0013222],[-74.7864721,39.0010317],[-74.7867336,39.0008142],[-74.7869052,39.0005897],[-74.7873677,39.0004103],[-74.7873982,39.0003125],[-74.7875442,39.0000948],[-74.7877757,38.999915],[-74.7878917,38.999735],[-74.7881232,38.9995552],[-74.7882093,38.9994128],[-74.7883253,38.9992328],[-74.7884172,38.9991032],[-74.7884177,38.998923],[-74.7886434,38.9986104],[-74.7890797,38.9984491],[-74.7889968,38.9983834],[-74.7891668,38.9981153],[-74.7893983,38.9979355],[-74.7894844,38.9977931],[-74.7896304,38.9975754],[-74.7898619,38.9973956],[-74.7900334,38.9971711],[-74.7905181,38.9969791],[-74.7907013,38.99683],[-74.7908733,38.9967142],[-74.7908401,38.9966443],[-74.7908503,38.9964042],[-74.7909663,38.9962242],[-74.7909668,38.996044],[-74.7911069,38.9958135],[-74.7912229,38.9956335],[-74.7913149,38.9955039],[-74.7913395,38.9952732],[-74.791571,38.9950934],[-74.7915474,38.9949637],[-74.7916875,38.9947332],[-74.7917794,38.9946036],[-74.7918634,38.9943089],[-74.7924682,38.9940658],[-74.7937123,38.9938943],[-74.7935377,38.9938353],[-74.7937991,38.9936179],[-74.7938611,38.993526],[-74.7938616,38.9933457],[-74.7940611,38.9930512],[-74.7945144,38.9928172],[-74.7953122,38.992642],[-74.7954483,38.992513],[-74.7956798,38.9923332],[-74.7958818,38.9921797],[-74.7959678,38.9920373],[-74.7961138,38.9918197],[-74.7963153,38.9916775],[-74.7962917,38.9915477],[-74.7964617,38.9912796],[-74.7967226,38.9910734],[-74.7970024,38.9908628],[-74.7974648,38.9906834],[-74.7976479,38.9905343],[-74.7979055,38.9903363],[-74.7982524,38.9901567],[-74.7984577,38.989995],[-74.7986298,38.9898792],[-74.7986303,38.989699],[-74.7988617,38.9895192],[-74.7988922,38.9893013],[-74.7992947,38.9890771],[-74.7995668,38.9888758],[-74.8001261,38.9887055],[-74.8001344,38.9886202],[-74.8002803,38.9884026],[-74.8004818,38.9882604],[-74.80059,38.9879854],[-74.8012833,38.9878063],[-74.8012061,38.9876832],[-74.801553,38.9875036],[-74.8014994,38.9874115],[-74.8016989,38.987117],[-74.802094,38.9869066],[-74.8023632,38.9867841],[-74.8023637,38.9866038],[-74.8028353,38.986347],[-74.8035286,38.9861679],[-74.8038063,38.986021],[-74.8039822,38.9858856],[-74.8040682,38.9857433],[-74.8041841,38.9855632],[-74.8043001,38.9853832],[-74.804416,38.9852032],[-74.804532,38.9850231]]}},{"type":"Feature","properties":{"year":2018,"scene_id":"S2A_MSIL2A_20181227T155651_R054_T18SWJ_20201031T002923","datetime":"2018-12-27T15:56:51.024000Z","cloud_cover_tile_pct":5.92,"cloud_mask_aoi_pct":10.87,"ndwi_threshold":0.22,"tide":{"level_m_msl":0.809,"time":"2018-12-27T15:54:00Z","source":"verified"},"wave":{"height_m":0.26,"dominant_period_s":5.9,"time":"2018-12-27T18:50:00Z","source":"NDBC historical"},"wave_setup_m":0.059,"horizontal_correction_m":19.3,"uncertainty_m":17.5,"image":"/data/scenes/sentinel-20181227T155651.jpg","image_shape":[477,556],"stac_url":"https://planetarycomputer.microsoft.com/api/stac/v1/collections/sentinel-2-l2a/items/S2A_MSIL2A_20181227T155651_R054_T18SWJ_20201031T002923","high_tide":{"time":"2018-12-27T17:06:00Z","level_m_msl":0.88,"source":"NOAA predicted high tide","image_offset_minutes":-69.1},"geometry_p90_deviation_m":62.5,"geometry_max_deviation_m":103.4,"geometry_kind":"corrected"},"geometry":{"type":"LineString","coordinates":[[-74.7881989,39.0058733],[-74.7881369,39.0056723],[-74.7881357,39.0054705],[-74.7881363,39.0052903],[-74.7881368,39.0051101],[-74.7881374,39.0049298],[-74.7881444,39.0047918],[-74.7880462,39.004647],[-74.7879145,39.0044309],[-74.7879085,39.0042085],[-74.7879156,39.0040705],[-74.7878006,39.00389],[-74.7878179,39.0037454],[-74.7876085,39.0035914],[-74.7875142,39.0034296],[-74.7871476,39.0032301],[-74.7871039,39.0029455],[-74.7871109,39.0028074],[-74.786996,39.002627],[-74.7870133,39.0024824],[-74.7868245,39.002347],[-74.7865524,39.0021211],[-74.7865297,39.0018631],[-74.7865302,39.0016828],[-74.7865308,39.0015026],[-74.7865313,39.0013224],[-74.7865556,39.0010644],[-74.7868474,39.0008267],[-74.7871944,39.0006472],[-74.7873867,39.0004987],[-74.7875028,39.0003187],[-74.7877343,39.0001389],[-74.7879051,38.9999186],[-74.7884674,38.9997483],[-74.7883839,38.9997037],[-74.7883844,38.9995235],[-74.7884087,38.9992656],[-74.7886614,38.9990592],[-74.7887563,38.9989057],[-74.7888723,38.9987257],[-74.7890094,38.9985192],[-74.7892409,38.9983394],[-74.7893569,38.9981593],[-74.7895884,38.9979795],[-74.7897044,38.9977995],[-74.7899359,38.9976197],[-74.7900519,38.9974397],[-74.7903622,38.9972088],[-74.7910447,38.9970344],[-74.7910548,38.996963],[-74.7910553,38.9967827],[-74.7911713,38.9966027],[-74.791165,38.9964646],[-74.7911893,38.9962067],[-74.7914627,38.9959818],[-74.7916734,38.9958206],[-74.7917683,38.9956671],[-74.7919262,38.9954419],[-74.7922731,38.9952623],[-74.7923473,38.9951274],[-74.7924844,38.9949209],[-74.7927366,38.9947225],[-74.7929865,38.9945299],[-74.7933334,38.9943502],[-74.7935465,38.9941832],[-74.7937572,38.994022],[-74.7938521,38.9938685],[-74.7939892,38.9936619],[-74.7942414,38.9934635],[-74.7944522,38.9933023],[-74.7945681,38.9931223],[-74.7948388,38.9929111],[-74.7951673,38.9927443],[-74.7952625,38.9925828],[-74.7955147,38.9923844],[-74.7957255,38.9922232],[-74.7958414,38.9920432],[-74.7960937,38.9918447],[-74.7963044,38.9916835],[-74.7964751,38.9914632],[-74.7970374,38.9912929],[-74.7969606,38.9912061],[-74.7971147,38.990964],[-74.7973669,38.9907656],[-74.7976324,38.9905641],[-74.7980948,38.9903847],[-74.7982503,38.9902716],[-74.7982509,38.9900914],[-74.7985242,38.9898665],[-74.7987896,38.989665],[-74.7992364,38.9894944],[-74.7992921,38.9893723],[-74.7994292,38.9891657],[-74.7996998,38.9889545],[-74.8000753,38.9887598],[-74.8005486,38.9885758],[-74.800953,38.9884288],[-74.8009535,38.9882486],[-74.8014159,38.9880692],[-74.8013508,38.9880118],[-74.8014169,38.9877087],[-74.8018792,38.9875293],[-74.8018797,38.987349],[-74.8023421,38.9871696],[-74.8022838,38.98707],[-74.8024378,38.9868279],[-74.8027084,38.9866167],[-74.8030553,38.9864371],[-74.8032683,38.98627],[-74.8035577,38.9860577],[-74.80424,38.9858832],[-74.8042671,38.9857762],[-74.804383,38.9855962],[-74.804499,38.9854161],[-74.804615,38.9852361],[-74.8047309,38.9850561]]}},{"type":"Feature","properties":{"year":2019,"scene_id":"S2B_MSIL2A_20190111T155629_R054_T18SWJ_20201008T004714","datetime":"2019-01-11T15:56:29.024000Z","cloud_cover_tile_pct":5.73,"cloud_mask_aoi_pct":3.74,"ndwi_threshold":0.22,"tide":{"level_m_msl":0.701,"time":"2019-01-11T15:54:00Z","source":"verified"},"wave":{"height_m":1.62,"dominant_period_s":5.6,"time":"2019-01-11T15:50:00Z","source":"NDBC historical"},"wave_setup_m":0.14,"horizontal_correction_m":18.7,"uncertainty_m":17.4,"image":"/data/scenes/sentinel-20190111T155629.jpg","image_shape":[477,556],"stac_url":"https://planetarycomputer.microsoft.com/api/stac/v1/collections/sentinel-2-l2a/items/S2B_MSIL2A_20190111T155629_R054_T18SWJ_20201008T004714","high_tide":{"time":"2019-01-11T16:47:00Z","level_m_msl":0.612,"source":"NOAA predicted high tide","image_offset_minutes":-50.5},"geometry_p90_deviation_m":76.2,"geometry_max_deviation_m":99.3,"geometry_kind":"corrected"},"geometry":{"type":"LineString","coordinates":[[-74.7882057,39.005872],[-74.7881484,39.0056916],[-74.7880912,39.0055113],[-74.7880293,39.005311],[-74.7880282,39.0051099],[-74.7880288,39.0049296],[-74.7880356,39.0047903],[-74.7879207,39.0046099],[-74.7879149,39.0043888],[-74.7879218,39.0042494],[-74.7878068,39.004069],[-74.7878074,39.0038887],[-74.7877086,39.0037428],[-74.7875775,39.0035279],[-74.7876523,39.0034385],[-74.7870754,39.0032572],[-74.7870016,39.0029861],[-74.7868867,39.0028057],[-74.7868809,39.0025846],[-74.7868878,39.0024453],[-74.7867728,39.0022648],[-74.7867734,39.0020846],[-74.7866584,39.0019042],[-74.7866526,39.0016831],[-74.7866532,39.0015028],[-74.7866537,39.0013226],[-74.7866543,39.0011424],[-74.7866778,39.0008869],[-74.7869499,39.0006633],[-74.7871814,39.0004835],[-74.7873928,39.0003217],[-74.7874884,39.0001674],[-74.7876906,38.9999166],[-74.7883714,38.9997438],[-74.7882819,38.9996627],[-74.7883979,38.9994827],[-74.7883919,38.9993433],[-74.788399,38.9991222],[-74.7885315,38.9989077],[-74.788668,38.998702],[-74.7888995,38.9985222],[-74.788995,38.9983679],[-74.789111,38.9981879],[-74.7892475,38.9979822],[-74.789479,38.9978024],[-74.789595,38.9976223],[-74.7898265,38.9974425],[-74.7899425,38.9972625],[-74.7902119,38.9970523],[-74.7905867,38.996858],[-74.7910035,38.9967057],[-74.7909405,38.9966445],[-74.7909476,38.9964234],[-74.7910636,38.9962434],[-74.7910641,38.9960631],[-74.7911966,38.9958487],[-74.791333,38.995643],[-74.7915846,38.9954451],[-74.7918161,38.9952653],[-74.7920275,38.9951035],[-74.7921435,38.9949235],[-74.7923951,38.9947257],[-74.7926444,38.9945335],[-74.7929735,38.9943662],[-74.7930489,38.9942299],[-74.7931854,38.9940242],[-74.7933964,38.9938701],[-74.7934174,38.9936642],[-74.7937844,38.9934665],[-74.7938803,38.9933045],[-74.7941319,38.9931067],[-74.7943432,38.9929449],[-74.7944592,38.9927649],[-74.7947286,38.9925547],[-74.7950756,38.992375],[-74.7952691,38.9922256],[-74.7953851,38.9920456],[-74.7956165,38.9918658],[-74.7957121,38.9917114],[-74.7958281,38.9915314],[-74.7959645,38.9913257],[-74.7962339,38.9911155],[-74.7965429,38.9909663],[-74.7965434,38.990786],[-74.7969104,38.9905884],[-74.7969694,38.9904865],[-74.7970269,38.9902281],[-74.7975223,38.9900277],[-74.7977208,38.9898689],[-74.7979522,38.9896891],[-74.7981837,38.9895092],[-74.7984329,38.989317],[-74.7987798,38.9891374],[-74.7989935,38.98897],[-74.7992249,38.9887901],[-74.7994563,38.9886103],[-74.7997207,38.9884095],[-74.8001831,38.98823],[-74.8003816,38.9880712],[-74.800613,38.9878914],[-74.8008243,38.9877295],[-74.8009604,38.9875315],[-74.8013073,38.9873519],[-74.8013827,38.9872156],[-74.8014987,38.9870355],[-74.8016351,38.9868298],[-74.8018665,38.98665],[-74.8020026,38.9864519],[-74.8023673,38.9862599],[-74.8025987,38.98608],[-74.8029179,38.985921],[-74.802929,38.9858108],[-74.8029873,38.9856307],[-74.8030455,38.9854506],[-74.8031302,38.9852221],[-74.8033921,38.9850125]]}},{"type":"Feature","properties":{"year":2019,"scene_id":"S2B_MSIL2A_20190312T155209_R054_T18SWJ_20201007T060203","datetime":"2019-03-12T15:52:09.024000Z","cloud_cover_tile_pct":0.42,"cloud_mask_aoi_pct":3.07,"ndwi_threshold":0.138,"tide":{"level_m_msl":0.434,"time":"2019-03-12T15:54:00Z","source":"verified"},"wave":{"height_m":1.5,"dominant_period_s":5.3,"time":"2019-03-12T15:50:00Z","source":"NDBC historical"},"wave_setup_m":0.128,"horizontal_correction_m":12.5,"uncertainty_m":16.2,"image":"/data/scenes/sentinel-20190312T155209.jpg","image_shape":[477,556],"stac_url":"https://planetarycomputer.microsoft.com/api/stac/v1/collections/sentinel-2-l2a/items/S2B_MSIL2A_20190312T155209_R054_T18SWJ_20201007T060203","high_tide":{"time":"2019-03-12T17:14:00Z","level_m_msl":0.495,"source":"NOAA predicted high tide","image_offset_minutes":-81.8},"geometry_p90_deviation_m":64.3,"geometry_max_deviation_m":130.2,"geometry_kind":"corrected"},"geometry":{"type":"LineString","coordinates":[[-74.7884443,39.0058315],[-74.7884449,39.0056513],[-74.7884454,39.0054711],[-74.788447,39.0053048],[-74.7883929,39.0051378],[-74.7883406,39.0049697],[-74.7882316,39.0048001],[-74.7881167,39.0046197],[-74.7879909,39.0044162],[-74.7879872,39.0042087],[-74.7879919,39.0040557],[-74.7878878,39.0038983],[-74.787762,39.0036949],[-74.7878003,39.003567],[-74.7873609,39.0034],[-74.7871085,39.0032052],[-74.786878,39.0030246],[-74.7866343,39.0028319],[-74.7865058,39.0026342],[-74.78638,39.0024307],[-74.7863763,39.0022232],[-74.7863768,39.002043],[-74.7863774,39.0018628],[-74.7863779,39.0016826],[-74.7863784,39.0015023],[-74.7863944,39.0012718],[-74.7866395,39.0010749],[-74.7867309,39.000935],[-74.7867561,39.0007146],[-74.7871165,39.000523],[-74.7872191,39.000355],[-74.7874641,39.0001632],[-74.787726,38.9999653],[-74.788304,38.9997861],[-74.7884779,38.9996536],[-74.7884675,38.9994964],[-74.7885835,38.9993163],[-74.788584,38.9991361],[-74.788711,38.9989331],[-74.7888407,38.9987359],[-74.7890722,38.9985561],[-74.7891746,38.9983933],[-74.7893043,38.9981961],[-74.7895492,38.9980042],[-74.7897926,38.9978162],[-74.7901395,38.9976366],[-74.790332,38.9974942],[-74.7903216,38.997337],[-74.7904876,38.9970965],[-74.79095,38.9969171],[-74.791027,38.9967745],[-74.791143,38.9965945],[-74.7912481,38.9964375],[-74.7912486,38.9962573],[-74.7913756,38.9960543],[-74.7915053,38.9958571],[-74.7917502,38.9956652],[-74.7919546,38.9955146],[-74.7919551,38.9953344],[-74.7922137,38.9951254],[-74.7924451,38.9949456],[-74.7926766,38.9947658],[-74.7929081,38.9945859],[-74.7931261,38.9944181],[-74.7932421,38.9942381],[-74.793487,38.9940463],[-74.7937051,38.9938785],[-74.7938211,38.9936985],[-74.7940779,38.9934983],[-74.7944248,38.9933187],[-74.7946444,38.9931472],[-74.7948488,38.9929966],[-74.7948883,38.9927789],[-74.7954661,38.9925997],[-74.7954277,38.9924569],[-74.7956862,38.9922479],[-74.7959177,38.9920681],[-74.7961491,38.9918882],[-74.7963672,38.9917204],[-74.7964832,38.9915404],[-74.7967146,38.9913606],[-74.7968306,38.9911806],[-74.7970755,38.9909887],[-74.7973069,38.9908089],[-74.7975384,38.9906291],[-74.7977564,38.9904613],[-74.7978724,38.9902812],[-74.7981292,38.9900811],[-74.7984761,38.9899015],[-74.7987075,38.9897217],[-74.7990425,38.9895503],[-74.7991451,38.9893823],[-74.7993899,38.9891904],[-74.799608,38.9890226],[-74.7997239,38.9888426],[-74.7999688,38.9886508],[-74.8002002,38.9884709],[-74.8004317,38.9882911],[-74.800675,38.988103],[-74.8009966,38.9879437],[-74.8009834,38.9877806],[-74.8012419,38.9875716],[-74.8014853,38.9873835],[-74.8018322,38.9872038],[-74.8020383,38.9870443],[-74.8021406,38.9868814],[-74.8022702,38.9866842],[-74.802537,38.9864784],[-74.8029893,38.9863046],[-74.8031154,38.9861189],[-74.8036932,38.9859396],[-74.80376,38.9858028],[-74.8038897,38.9856056],[-74.8041345,38.9854137],[-74.8043525,38.9852459],[-74.8044548,38.9850831]]}},{"type":"Feature","properties":{"year":2019,"scene_id":"S2B_MSIL2A_20190421T154819_R054_T18SWJ_20201105T141915","datetime":"2019-04-21T15:48:19.024000Z","cloud_cover_tile_pct":9.21,"cloud_mask_aoi_pct":5.09,"ndwi_threshold":0.032,"tide":{"level_m_msl":0.828,"time":"2019-04-21T15:48:00Z","source":"verified"},"wave":{"height_m":1.38,"dominant_period_s":9.1,"time":"2019-04-21T15:50:00Z","source":"NDBC historical"},"wave_setup_m":0.21,"horizontal_correction_m":23.1,"uncertainty_m":18.2,"image":"/data/scenes/sentinel-20190421T154819.jpg","image_shape":[477,556],"stac_url":"https://planetarycomputer.microsoft.com/api/stac/v1/collections/sentinel-2-l2a/items/S2B_MSIL2A_20190421T154819_R054_T18SWJ_20201105T141915","high_tide":{"time":"2019-04-21T14:51:00Z","level_m_msl":0.781,"source":"NOAA predicted high tide","image_offset_minutes":57.3},"geometry_p90_deviation_m":56.5,"geometry_max_deviation_m":129.6,"geometry_kind":"corrected"},"geometry":{"type":"LineString","coordinates":[[-74.7884375,39.0058315],[-74.788438,39.0056513],[-74.7884386,39.0054711],[-74.7884411,39.0053166],[-74.7883897,39.005161],[-74.7883414,39.0050032],[-74.7882175,39.0048002],[-74.7882181,39.00462],[-74.7881232,39.0044821],[-74.7879882,39.0042591],[-74.7880804,39.004191],[-74.7875221,39.0040204],[-74.7873886,39.0038293],[-74.7869052,39.0036328],[-74.786836,39.0033559],[-74.7867411,39.003218],[-74.7866061,39.002995],[-74.7865988,39.0027643],[-74.7865993,39.0025841],[-74.7865999,39.0024039],[-74.7866082,39.0022741],[-74.7864933,39.0020937],[-74.786486,39.001863],[-74.7864866,39.0016828],[-74.7864871,39.0015025],[-74.7864876,39.0013223],[-74.7864963,39.0010917],[-74.7866579,39.0008374],[-74.7869142,39.0006354],[-74.7871457,39.0004556],[-74.7873772,39.0002758],[-74.7876087,39.000096],[-74.7878966,38.9998828],[-74.7884402,38.9997217],[-74.7883402,38.9997036],[-74.7883408,38.9995234],[-74.7883413,38.9993432],[-74.7883703,38.99907],[-74.7886018,38.9988902],[-74.7886276,38.9986783],[-74.7889994,38.9984764],[-74.7890906,38.9983186],[-74.7892968,38.9981706],[-74.7892973,38.9979903],[-74.7895789,38.9977566],[-74.7897856,38.997599],[-74.7898763,38.9974507],[-74.789972,38.9973132],[-74.790043,38.9970365],[-74.7905461,38.9968312],[-74.7906868,38.9967312],[-74.790667,38.9965935],[-74.7908754,38.9963018],[-74.7913722,38.9961043],[-74.7916848,38.9959427],[-74.7918943,38.9957782],[-74.7921258,38.9955984],[-74.7923072,38.9954726],[-74.7923077,38.9952923],[-74.7925893,38.9950586],[-74.7927959,38.994901],[-74.7928867,38.9947527],[-74.7930279,38.9945409],[-74.7932594,38.9943611],[-74.7933754,38.9941811],[-74.7936317,38.993979],[-74.7938632,38.9937992],[-74.7940698,38.9936416],[-74.7941858,38.9934616],[-74.7944641,38.9932443],[-74.794789,38.99308],[-74.7948802,38.9929222],[-74.7951117,38.9927423],[-74.7952277,38.9925623],[-74.7954839,38.9923603],[-74.7957154,38.9921804],[-74.7959469,38.9920006],[-74.7961535,38.991843],[-74.7962442,38.9916947],[-74.7964103,38.9914608],[-74.7967324,38.9913034],[-74.7966874,38.9911974],[-74.7968237,38.9909748],[-74.7969396,38.9907948],[-74.7970556,38.9906148],[-74.7971513,38.9904773],[-74.7972222,38.9902006],[-74.7976846,38.9900211],[-74.7977258,38.989815],[-74.7984827,38.9896118],[-74.7991124,38.989457],[-74.7990222,38.9893566],[-74.7993037,38.9891228],[-74.7995351,38.988943],[-74.7997885,38.9887479],[-74.8001134,38.9885835],[-74.8001591,38.9885],[-74.8001799,38.9882772],[-74.8004614,38.9880434],[-74.8006427,38.9879176],[-74.8007496,38.98765],[-74.8015916,38.9874586],[-74.8018241,38.9873471],[-74.8017994,38.9871986],[-74.8020809,38.9869648],[-74.8022622,38.9868389],[-74.8022344,38.9867517],[-74.8023133,38.9864245],[-74.802845,38.9862063],[-74.8033276,38.9860198],[-74.8039875,38.9858532],[-74.8039972,38.9857605],[-74.8040928,38.985623],[-74.8040852,38.9854932],[-74.8041141,38.98522]]}},{"type":"Feature","properties":{"year":2019,"scene_id":"S2A_MSIL2A_20190423T153911_R011_T18SWJ_20201105T160248","datetime":"2019-04-23T15:39:11.024000Z","cloud_cover_tile_pct":0.11,"cloud_mask_aoi_pct":3.45,"ndwi_threshold":0.22,"tide":{"level_m_msl":0.677,"time":"2019-04-23T15:42:00Z","source":"verified"},"wave":{"height_m":0.81,"dominant_period_s":9.1,"time":"2019-04-23T15:50:00Z","source":"NDBC historical"},"wave_setup_m":0.161,"horizontal_correction_m":18.6,"uncertainty_m":17.4,"image":"/data/scenes/sentinel-20190423T153911.jpg","image_shape":[477,556],"stac_url":"https://planetarycomputer.microsoft.com/api/stac/v1/collections/sentinel-2-l2a/items/S2A_MSIL2A_20190423T153911_R011_T18SWJ_20201105T160248","high_tide":{"time":"2019-04-23T16:24:00Z","level_m_msl":0.586,"source":"NOAA predicted high tide","image_offset_minutes":-44.8},"geometry_p90_deviation_m":45.3,"geometry_max_deviation_m":139.3,"geometry_kind":"corrected"},"geometry":{"type":"LineString","coordinates":[[-74.7886044,39.0058318],[-74.7886065,39.0056724],[-74.788554,39.005512],[-74.7884968,39.0053317],[-74.7884396,39.0051513],[-74.7884085,39.0050193],[-74.7881681,39.0048247],[-74.7881524,39.0046101],[-74.7880375,39.0044297],[-74.788038,39.0042495],[-74.7879971,39.0041595],[-74.7875826,39.0040009],[-74.7869588,39.0037972],[-74.7868853,39.0035265],[-74.7867703,39.003346],[-74.7867646,39.0031251],[-74.7867651,39.0029449],[-74.7867657,39.0027646],[-74.7867662,39.0025844],[-74.786773,39.0024449],[-74.7866743,39.0022988],[-74.7865432,39.002084],[-74.7865374,39.0018631],[-74.7865379,39.0016828],[-74.7865385,39.0015026],[-74.786539,39.0013224],[-74.7865625,39.0010672],[-74.7868522,39.0008315],[-74.7871814,39.0006642],[-74.7872774,39.0005021],[-74.787529,39.0003044],[-74.7877404,39.0001425],[-74.7879093,38.9999237],[-74.7884722,38.999753],[-74.7883916,38.9997037],[-74.7884355,38.9994229],[-74.7888025,38.9992253],[-74.7888781,38.9990889],[-74.7889941,38.9989089],[-74.7891101,38.9987288],[-74.7892465,38.9985232],[-74.789478,38.9983434],[-74.7895737,38.998189],[-74.7897101,38.9979834],[-74.7899415,38.9978036],[-74.7900576,38.9976235],[-74.7903091,38.9974258],[-74.7905734,38.9972251],[-74.7910359,38.9970457],[-74.7911941,38.9969303],[-74.7911717,38.9968251],[-74.7911788,38.9966042],[-74.7913315,38.9963642],[-74.7915831,38.9961665],[-74.7917945,38.9960046],[-74.7918901,38.9958502],[-74.7920265,38.9956446],[-74.792258,38.9954648],[-74.7923372,38.9953447],[-74.7923541,38.9951301],[-74.792606,38.9949247],[-74.792742,38.9947267],[-74.7931068,38.9945348],[-74.7933004,38.9943852],[-74.7934164,38.9942052],[-74.7936679,38.9940075],[-74.7938794,38.9938456],[-74.7939586,38.9937255],[-74.7940337,38.993455],[-74.7946267,38.9932673],[-74.7946898,38.9931261],[-74.7949413,38.9929283],[-74.7951727,38.9927485],[-74.7954042,38.9925687],[-74.7956156,38.9924068],[-74.7957316,38.9922268],[-74.7959831,38.992029],[-74.7961945,38.9918672],[-74.7963105,38.9916871],[-74.796542,38.9915073],[-74.7966376,38.9913529],[-74.796794,38.9911293],[-74.7971737,38.9909288],[-74.7974878,38.9907701],[-74.7975838,38.990608],[-74.7978353,38.9904102],[-74.7980467,38.9902483],[-74.7981423,38.9900939],[-74.7982786,38.9898883],[-74.7985479,38.9896782],[-74.7989099,38.98949],[-74.7992417,38.9893189],[-74.7994554,38.9891514],[-74.7996868,38.9889716],[-74.7999637,38.9887648],[-74.8005609,38.9885779],[-74.8009762,38.9884207],[-74.801034,38.9882966],[-74.8011336,38.9881509],[-74.8011341,38.9879707],[-74.8012664,38.9877563],[-74.8014228,38.9875327],[-74.8017697,38.9873531],[-74.8018453,38.9872166],[-74.8019816,38.987011],[-74.8022508,38.9868009],[-74.8026128,38.9866126],[-74.8029597,38.986433],[-74.8032737,38.9862743],[-74.8033897,38.9860942],[-74.8037458,38.9859079],[-74.8038902,38.9857526],[-74.8040435,38.9855983],[-74.8040854,38.9854525],[-74.8041509,38.9852541],[-74.804276,38.985058]]}},{"type":"Feature","properties":{"year":2019,"scene_id":"S2A_MSIL2A_20190506T154911_R054_T18SWJ_20201006T104246","datetime":"2019-05-06T15:49:11.024000Z","cloud_cover_tile_pct":1.42,"cloud_mask_aoi_pct":9.91,"ndwi_threshold":0.032,"tide":{"level_m_msl":0.828,"time":"2019-05-06T15:48:00Z","source":"verified"},"wave":{"height_m":2.06,"dominant_period_s":8.3,"time":"2019-05-06T15:50:00Z","source":"NDBC historical"},"wave_setup_m":0.234,"horizontal_correction_m":23.6,"uncertainty_m":18.2,"image":"/data/scenes/sentinel-20190506T154911.jpg","image_shape":[477,556],"stac_url":"https://planetarycomputer.microsoft.com/api/stac/v1/collections/sentinel-2-l2a/items/S2A_MSIL2A_20190506T154911_R054_T18SWJ_20201006T104246","high_tide":{"time":"2019-05-06T14:24:00Z","level_m_msl":0.655,"source":"NOAA predicted high tide","image_offset_minutes":85.2},"geometry_p90_deviation_m":46.4,"geometry_max_deviation_m":119.1,"geometry_kind":"corrected"},"geometry":{"type":"LineString","coordinates":[[-74.7883815,39.005883],[-74.7883184,39.0056775],[-74.7883169,39.0054709],[-74.7883174,39.0052906],[-74.788318,39.0051104],[-74.7883265,39.0049818],[-74.788232,39.0048449],[-74.7881427,39.0046971],[-74.7880083,39.0045792],[-74.7873026,39.0043921],[-74.7870588,39.0040783],[-74.7870593,39.0038981],[-74.7869444,39.0037177],[-74.7869449,39.0035375],[-74.78683,39.003357],[-74.7868305,39.0031768],[-74.7867156,39.0029964],[-74.7867081,39.0027645],[-74.7867166,39.0026359],[-74.7866222,39.0024991],[-74.7864867,39.002275],[-74.7864793,39.0020432],[-74.7864798,39.001863],[-74.7864804,39.0016827],[-74.7864809,39.0015025],[-74.7864898,39.0012707],[-74.7866778,39.000992],[-74.7870248,39.0008124],[-74.7870896,39.0006876],[-74.7872794,39.0004367],[-74.7877418,39.0002573],[-74.7877841,39.0001482],[-74.7879001,38.9999681],[-74.7880162,38.9997881],[-74.7881114,38.9996516],[-74.7881119,38.9994714],[-74.7882487,38.9992479],[-74.788416,38.9990127],[-74.788763,38.9988331],[-74.7888278,38.9987082],[-74.7889438,38.9985282],[-74.789039,38.9983917],[-74.7890395,38.9982115],[-74.7891763,38.997988],[-74.7892716,38.9978515],[-74.7892929,38.9976277],[-74.7895756,38.9973927],[-74.7897817,38.9972356],[-74.7898719,38.9970881],[-74.7900967,38.9968187],[-74.7908035,38.9966342],[-74.7909386,38.9965168],[-74.7910288,38.9963693],[-74.7911706,38.9961568],[-74.7914021,38.995977],[-74.7915435,38.9957742],[-74.791913,38.9955789],[-74.792122,38.9954148],[-74.792328,38.9952577],[-74.7924182,38.9951101],[-74.7925601,38.9948977],[-74.7928169,38.9946951],[-74.7929972,38.9945705],[-74.7930489,38.9943351],[-74.7935113,38.9941557],[-74.7934606,38.9940306],[-74.7937179,38.9938184],[-74.7938339,38.9936383],[-74.7941133,38.9934201],[-74.7944603,38.9932405],[-74.7946692,38.9930763],[-74.7949007,38.9928965],[-74.7951321,38.9927167],[-74.7953124,38.9925921],[-74.7952921,38.9924554],[-74.7954801,38.9921766],[-74.795827,38.991997],[-74.7959176,38.9918397],[-74.7961491,38.9916599],[-74.796313,38.9914415],[-74.7967945,38.9912512],[-74.7969589,38.9911206],[-74.7970749,38.9909406],[-74.7972805,38.9907932],[-74.7973548,38.9905422],[-74.7979677,38.9903444],[-74.7981416,38.9901988],[-74.798373,38.9900189],[-74.7986045,38.9898391],[-74.7988584,38.9896436],[-74.7991574,38.9895024],[-74.7991579,38.9893222],[-74.7995527,38.9891041],[-74.7997105,38.9889952],[-74.7997368,38.9887825],[-74.8001091,38.9885801],[-74.8001531,38.9884988],[-74.8001743,38.9882751],[-74.8004058,38.9880952],[-74.8004575,38.9878598],[-74.8009199,38.9876804],[-74.8008401,38.9876504],[-74.801003,38.9872761],[-74.8020672,38.9870902],[-74.8022821,38.9869845],[-74.8022567,38.9868368],[-74.8025394,38.9866017],[-74.8027933,38.9864063],[-74.8031593,38.9862158],[-74.8035222,38.9860284],[-74.8039494,38.9858675],[-74.8039916,38.9857583],[-74.8041076,38.9855783],[-74.8042236,38.9853983],[-74.8043522,38.9852007],[-74.804539,38.9850058]]}},{"type":"Feature","properties":{"year":2019,"scene_id":"S2A_MSIL2A_20190605T154911_R054_T18SWJ_20201005T222210","datetime":"2019-06-05T15:49:11.024000Z","cloud_cover_tile_pct":15.43,"cloud_mask_aoi_pct":1.66,"ndwi_threshold":-0.02,"tide":{"level_m_msl":0.625,"time":"2019-06-05T15:48:00Z","source":"verified"},"wave":{"height_m":1.32,"dominant_period_s":4.8,"time":"2019-06-05T15:50:00Z","source":"NDBC historical"},"wave_setup_m":0.109,"horizontal_correction_m":16.3,"uncertainty_m":16.9,"image":"/data/scenes/sentinel-20190605T154911.jpg","image_shape":[477,556],"stac_url":"https://planetarycomputer.microsoft.com/api/stac/v1/collections/sentinel-2-l2a/items/S2A_MSIL2A_20190605T154911_R054_T18SWJ_20201005T222210","high_tide":{"time":"2019-06-05T14:51:00Z","level_m_msl":0.628,"source":"NOAA predicted high tide","image_offset_minutes":58.2},"geometry_p90_deviation_m":65.0,"geometry_max_deviation_m":116.4,"geometry_kind":"corrected"},"geometry":{"type":"LineString","coordinates":[[-74.788348,39.005867],[-74.7882867,39.0056692],[-74.7882858,39.0054708],[-74.7882982,39.0053422],[-74.788151,39.0051982],[-74.7879872,39.0050263],[-74.7877653,39.0048528],[-74.7875174,39.0046564],[-74.7873706,39.0044234],[-74.7873656,39.0042075],[-74.7873717,39.0040629],[-74.7872709,39.0039126],[-74.787156,39.0037322],[-74.787041,39.0035517],[-74.7869119,39.0033412],[-74.7869124,39.003161],[-74.7867975,39.0029805],[-74.7867925,39.0027647],[-74.7867931,39.0025844],[-74.7867991,39.0024399],[-74.786716,39.002312],[-74.7864679,39.0021089],[-74.7864488,39.0018629],[-74.7864493,39.0016827],[-74.7864498,39.0015025],[-74.7864504,39.0013222],[-74.7864509,39.001142],[-74.7864572,39.0009262],[-74.7866054,39.0006937],[-74.7868369,39.0005139],[-74.7869529,39.0003339],[-74.7871845,39.0001541],[-74.7872683,39.0000265],[-74.7872688,38.9998463],[-74.787417,38.9996138],[-74.7876661,38.9994183],[-74.7878976,38.9992385],[-74.7881116,38.9990744],[-74.7882097,38.9989168],[-74.7883436,38.9987144],[-74.7885926,38.9985189],[-74.7888529,38.9983208],[-74.7893021,38.9981489],[-74.7893672,38.9980178],[-74.7895011,38.9978153],[-74.7897326,38.9976355],[-74.7898307,38.9974779],[-74.7899324,38.9973279],[-74.7899329,38.9971477],[-74.7900811,38.9969152],[-74.7903457,38.9967089],[-74.7906927,38.9965293],[-74.7908911,38.996376],[-74.7909749,38.9962484],[-74.7909898,38.9960382],[-74.7912566,38.9958203],[-74.7914881,38.9956404],[-74.7917351,38.9954498],[-74.7920821,38.9952702],[-74.7922805,38.9951169],[-74.7923965,38.9949369],[-74.7926101,38.9947795],[-74.7926107,38.9945993],[-74.7928421,38.9944194],[-74.7928226,38.9943049],[-74.7929183,38.9939973],[-74.7937441,38.9938118],[-74.7938835,38.9937004],[-74.793884,38.9935202],[-74.7941509,38.9933022],[-74.7943979,38.9931116],[-74.7947293,38.9929428],[-74.7948453,38.9927628],[-74.7952077,38.9925723],[-74.7954061,38.992419],[-74.7955221,38.992239],[-74.7957711,38.9920435],[-74.795985,38.9918794],[-74.7960832,38.9917217],[-74.7961992,38.9915417],[-74.796333,38.9913393],[-74.796582,38.9911438],[-74.7968134,38.9909639],[-74.7970095,38.9908222],[-74.79701,38.990642],[-74.7972415,38.9904622],[-74.797242,38.9902819],[-74.7975376,38.9900457],[-74.7979712,38.9898846],[-74.7979717,38.9897044],[-74.7984341,38.9895249],[-74.7984346,38.9893447],[-74.7989257,38.989147],[-74.7991284,38.9889854],[-74.7993599,38.9888056],[-74.7995559,38.9886639],[-74.7995564,38.9884837],[-74.799852,38.9882474],[-74.8003143,38.988068],[-74.8004817,38.9879446],[-74.8004822,38.9877644],[-74.800749,38.9875464],[-74.8009804,38.9873666],[-74.8012118,38.9871867],[-74.8014433,38.9870069],[-74.8017034,38.9868088],[-74.8021768,38.986624],[-74.8024664,38.9864837],[-74.8024669,38.9863035],[-74.8028469,38.9860973],[-74.8030274,38.9859664],[-74.8030078,38.9858518],[-74.8030141,38.985636],[-74.8031443,38.9854259],[-74.8032603,38.9852459],[-74.8033763,38.9850659]]}},{"type":"Feature","properties":{"year":2019,"scene_id":"S2B_MSIL2A_20190720T154819_R054_T18SWJ_20201005T171008","datetime":"2019-07-20T15:48:19.024000Z","cloud_cover_tile_pct":5.72,"cloud_mask_aoi_pct":4.77,"ndwi_threshold":-0.012,"tide":{"level_m_msl":0.723,"time":"2019-07-20T15:48:00Z","source":"verified"},"wave":{"height_m":0.71,"dominant_period_s":5.6,"time":"2019-07-20T15:50:00Z","source":"NDBC historical"},"wave_setup_m":0.093,"horizontal_correction_m":18.1,"uncertainty_m":17.3,"image":"/data/scenes/sentinel-20190720T154819.jpg","image_shape":[477,556],"stac_url":"https://planetarycomputer.microsoft.com/api/stac/v1/collections/sentinel-2-l2a/items/S2B_MSIL2A_20190720T154819_R054_T18SWJ_20201005T171008","high_tide":{"time":"2019-07-20T15:43:00Z","level_m_msl":0.57,"source":"NOAA predicted high tide","image_offset_minutes":5.3},"geometry_p90_deviation_m":43.8,"geometry_max_deviation_m":119.8,"geometry_kind":"corrected"},"geometry":{"type":"LineString","coordinates":[[-74.788443,39.0058712],[-74.7883858,39.0056908],[-74.7883286,39.0055105],[-74.7882713,39.0053302],[-74.7882141,39.0051498],[-74.788164,39.0049873],[-74.7880577,39.0048225],[-74.7879428,39.0046421],[-74.7878278,39.0044617],[-74.7877129,39.0042812],[-74.7875979,39.0041008],[-74.787483,39.0039204],[-74.7873523,39.0037065],[-74.7873686,39.0035597],[-74.7871578,39.003404],[-74.7870232,39.0031986],[-74.7869473,39.0030607],[-74.7866186,39.0028919],[-74.7863319,39.0026567],[-74.7863167,39.002443],[-74.7862017,39.0022625],[-74.7861961,39.0020427],[-74.7861967,39.0018625],[-74.7861972,39.0016822],[-74.7861977,39.001502],[-74.7862047,39.0012822],[-74.7863366,39.0010687],[-74.7864527,39.0008887],[-74.7865885,39.0006838],[-74.7868395,39.0004865],[-74.7870711,39.0003067],[-74.7872831,39.0001444],[-74.7873792,38.9999893],[-74.7875151,38.9997843],[-74.7877661,38.9995871],[-74.7879976,38.9994073],[-74.7881898,38.9992698],[-74.7881744,38.999123],[-74.7883262,38.9988847],[-74.7885772,38.9986874],[-74.7888087,38.9985076],[-74.7890402,38.9983278],[-74.7892717,38.998148],[-74.7895032,38.9979682],[-74.7897152,38.9978058],[-74.7898312,38.9976258],[-74.7900627,38.997446],[-74.7901588,38.9972909],[-74.7902947,38.997086],[-74.7905457,38.9968887],[-74.7907577,38.9967263],[-74.7908737,38.9965463],[-74.7911052,38.9963665],[-74.7911854,38.9962448],[-74.7912217,38.9960063],[-74.7916054,38.9957972],[-74.7918001,38.9956468],[-74.7919161,38.9954668],[-74.7921476,38.995287],[-74.7922636,38.995107],[-74.7925146,38.9949097],[-74.7927634,38.9947179],[-74.793093,38.9945503],[-74.7931697,38.9944127],[-74.7933055,38.9942077],[-74.7935565,38.9940104],[-74.793788,38.9938306],[-74.7939801,38.9936932],[-74.7939647,38.9935464],[-74.794136,38.9932905],[-74.7945149,38.9930906],[-74.7948298,38.9929313],[-74.7949263,38.9927687],[-74.7951946,38.9925594],[-74.7955415,38.9923798],[-74.7957362,38.9922295],[-74.7958522,38.9920495],[-74.7961031,38.9918522],[-74.7963346,38.9916724],[-74.796566,38.9914925],[-74.7967975,38.9913127],[-74.7969896,38.9911753],[-74.7969901,38.990995],[-74.7972216,38.9908152],[-74.7972221,38.990635],[-74.7974929,38.9904128],[-74.7977243,38.990233],[-74.7979558,38.9900531],[-74.7981872,38.9898733],[-74.7984187,38.9896935],[-74.7986501,38.9895136],[-74.7989135,38.9893135],[-74.7993759,38.989134],[-74.7995754,38.9889746],[-74.7998068,38.9887947],[-74.8000383,38.9886149],[-74.8002304,38.9884775],[-74.8003022,38.9882345],[-74.8009955,38.9880554],[-74.8009087,38.9879714],[-74.8010406,38.9877579],[-74.8011764,38.987553],[-74.8014274,38.9873557],[-74.8016588,38.9871758],[-74.8018902,38.986996],[-74.8021216,38.9868162],[-74.802385,38.986616],[-74.8028597,38.9864306],[-74.8031796,38.9862652],[-74.8033937,38.9860974],[-74.8036057,38.985935],[-74.8037018,38.9857799],[-74.8038089,38.9856156],[-74.80386,38.9854532],[-74.8039254,38.9852553],[-74.8040501,38.9850596]]}},{"type":"Feature","properties":{"year":2019,"scene_id":"S2A_MSIL2A_20190722T153911_R011_T18SWJ_20201005T175822","datetime":"2019-07-22T15:39:11.024000Z","cloud_cover_tile_pct":0.22,"cloud_mask_aoi_pct":6.5,"ndwi_threshold":0.22,"tide":{"level_m_msl":0.618,"time":"2019-07-22T15:42:00Z","source":"verified"},"wave":{"height_m":0.95,"dominant_period_s":5.9,"time":"2019-07-22T15:50:00Z","source":"NDBC historical"},"wave_setup_m":0.113,"horizontal_correction_m":16.2,"uncertainty_m":16.9,"image":"/data/scenes/sentinel-20190722T153911.jpg","image_shape":[477,556],"stac_url":"https://planetarycomputer.microsoft.com/api/stac/v1/collections/sentinel-2-l2a/items/S2A_MSIL2A_20190722T153911_R011_T18SWJ_20201005T175822","high_tide":{"time":"2019-07-22T17:04:00Z","level_m_msl":0.576,"source":"NOAA predicted high tide","image_offset_minutes":-84.8},"geometry_p90_deviation_m":44.5,"geometry_max_deviation_m":126.4,"geometry_kind":"corrected"},"geometry":{"type":"LineString","coordinates":[[-74.7884008,39.0058315],[-74.7884014,39.0056512],[-74.7884019,39.005471],[-74.7884038,39.0053089],[-74.7883507,39.005146],[-74.7882998,39.0049816],[-74.7881927,39.0048152],[-74.7880954,39.0046572],[-74.7878649,39.0044765],[-74.7877323,39.0042737],[-74.7876174,39.0040932],[-74.7874883,39.0038828],[-74.7874889,39.0037026],[-74.787388,39.0035521],[-74.787259,39.0033417],[-74.7872913,39.0032139],[-74.7870022,39.0030724],[-74.7865298,39.002886],[-74.7862358,39.0026489],[-74.7862168,39.0024032],[-74.7862173,39.0022229],[-74.7862179,39.0020427],[-74.7862184,39.0018625],[-74.7862189,39.0016823],[-74.7862195,39.001502],[-74.7862257,39.0012863],[-74.7863561,39.0010764],[-74.7864578,39.0009263],[-74.7864904,39.0006938],[-74.7868549,39.0004985],[-74.7869534,39.0003342],[-74.7872024,39.0001387],[-74.7874736,38.9999354],[-74.7880515,38.9997562],[-74.7882081,38.9996379],[-74.7882087,38.9994577],[-74.7884754,38.9992399],[-74.7886717,38.9990981],[-74.7886579,38.9989478],[-74.7887739,38.9987678],[-74.7887887,38.9985576],[-74.7890555,38.9983398],[-74.789287,38.99816],[-74.789501,38.9979958],[-74.7896345,38.9978002],[-74.7899815,38.9976206],[-74.7900622,38.9974785],[-74.790229,38.9972498],[-74.7907046,38.9970629],[-74.7909074,38.9969013],[-74.7911037,38.9967595],[-74.7910842,38.9966447],[-74.7910904,38.996429],[-74.7912207,38.996219],[-74.7913545,38.9960167],[-74.791586,38.9958369],[-74.791702,38.9956568],[-74.7919335,38.995477],[-74.792067,38.9952814],[-74.7924139,38.9951017],[-74.7924947,38.9949597],[-74.7926459,38.9947417],[-74.7930325,38.9945386],[-74.793484,38.9943644],[-74.7936868,38.9942029],[-74.7939008,38.9940387],[-74.7939847,38.993911],[-74.7939795,38.9937662],[-74.794,38.9935206],[-74.7942668,38.9933028],[-74.7944982,38.9931229],[-74.7947452,38.9929323],[-74.7950766,38.9927635],[-74.7951926,38.9925835],[-74.7955551,38.9923931],[-74.7957358,38.992262],[-74.7957363,38.9920818],[-74.7960185,38.9918532],[-74.7963896,38.9916608],[-74.796841,38.9914867],[-74.7970263,38.9913408],[-74.7971245,38.9911831],[-74.7972405,38.9910031],[-74.7973743,38.9908007],[-74.7976232,38.9906052],[-74.7978546,38.9904254],[-74.7980861,38.9902456],[-74.7983175,38.9900657],[-74.798549,38.9898859],[-74.7987804,38.9897061],[-74.7989766,38.9895643],[-74.7989771,38.989384],[-74.7992593,38.9891554],[-74.7996062,38.9889758],[-74.7998508,38.9887885],[-74.8003132,38.9886091],[-74.8005446,38.9884292],[-74.801007,38.9882498],[-74.8011923,38.9881039],[-74.8012762,38.9879761],[-74.801291,38.9877659],[-74.8015402,38.9875638],[-74.8016384,38.9874061],[-74.8018051,38.9871773],[-74.8022916,38.9869851],[-74.8026143,38.9868182],[-74.802795,38.9866871],[-74.8028133,38.9864846],[-74.8031931,38.9862785],[-74.8034091,38.9861094],[-74.8036405,38.9859296],[-74.8038719,38.9857498],[-74.8040948,38.985577],[-74.8042595,38.9854056],[-74.8044242,38.9852359],[-74.8045314,38.985068]]}},{"type":"Feature","properties":{"year":2019,"scene_id":"S2B_MSIL2A_20190819T154819_R054_T18SWJ_20201005T022712","datetime":"2019-08-19T15:48:19.024000Z","cloud_cover_tile_pct":6.39,"cloud_mask_aoi_pct":8.74,"ndwi_threshold":0.032,"tide":{"level_m_msl":0.882,"time":"2019-08-19T15:48:00Z","source":"verified"},"wave":{"height_m":0.8,"dominant_period_s":7.7,"time":"2019-08-19T15:50:00Z","source":"NDBC historical"},"wave_setup_m":0.136,"horizontal_correction_m":22.6,"uncertainty_m":18.1,"image":"/data/scenes/sentinel-20190819T154819.jpg","image_shape":[477,556],"stac_url":"https://planetarycomputer.microsoft.com/api/stac/v1/collections/sentinel-2-l2a/items/S2B_MSIL2A_20190819T154819_R054_T18SWJ_20201005T022712","high_tide":{"time":"2019-08-19T15:47:00Z","level_m_msl":0.695,"source":"NOAA predicted high tide","image_offset_minutes":1.3},"geometry_p90_deviation_m":41.5,"geometry_max_deviation_m":135.2,"geometry_kind":"corrected"},"geometry":{"type":"LineString","coordinates":[[-74.7886237,39.0058813],[-74.7885665,39.005701],[-74.7885093,39.0055206],[-74.7884521,39.0053403],[-74.7883949,39.00516],[-74.7883694,39.0050383],[-74.7881514,39.0048719],[-74.7880119,39.0046603],[-74.787897,39.0044799],[-74.7878066,39.0043306],[-74.7875761,39.0041499],[-74.7874612,39.0039695],[-74.7872764,39.0038258],[-74.7869305,39.0036449],[-74.7866544,39.0034274],[-74.7865149,39.0032157],[-74.7863803,39.0029936],[-74.7863808,39.0028133],[-74.7862659,39.0026329],[-74.7862588,39.0024032],[-74.7862593,39.002223],[-74.7862598,39.0020428],[-74.7862604,39.0018626],[-74.7862609,39.0016823],[-74.7862694,39.0014527],[-74.7863854,39.0012727],[-74.786386,39.0010925],[-74.7865219,39.0008708],[-74.7866627,39.0006597],[-74.7868942,39.0004799],[-74.7870102,39.0002999],[-74.7872417,39.0001201],[-74.7873578,38.99994],[-74.7875893,38.9997602],[-74.7877053,38.9995802],[-74.7879611,38.9993786],[-74.7881683,38.9992206],[-74.7882397,38.9991134],[-74.7882848,38.9988604],[-74.7886777,38.998644],[-74.7888633,38.998501],[-74.7889793,38.998321],[-74.7892108,38.9981411],[-74.7893512,38.9979393],[-74.7896982,38.9977597],[-74.7897651,38.9976326],[-74.7899059,38.9974215],[-74.7901832,38.9972049],[-74.7904843,38.9970621],[-74.7904601,38.9969129],[-74.7907407,38.9966803],[-74.7909478,38.9965222],[-74.7910391,38.9963733],[-74.7911798,38.9961622],[-74.7914356,38.9959606],[-74.7916428,38.9958026],[-74.7917588,38.9956225],[-74.7920146,38.9954209],[-74.7922218,38.9952629],[-74.7923378,38.9950829],[-74.7925693,38.9949031],[-74.7926853,38.9947231],[-74.7929167,38.9945432],[-74.7930327,38.9943632],[-74.7932885,38.9941616],[-74.79352,38.9939818],[-74.7937515,38.993802],[-74.7939586,38.9936439],[-74.7940746,38.9934639],[-74.7943304,38.9932623],[-74.7945375,38.9931043],[-74.7946535,38.9929243],[-74.7949093,38.9927227],[-74.7951408,38.9925428],[-74.7953479,38.9923848],[-74.7954639,38.9922048],[-74.7957197,38.9920032],[-74.7959512,38.9918234],[-74.7961826,38.9916435],[-74.7963898,38.9914855],[-74.7965057,38.9913055],[-74.7967372,38.9911256],[-74.7968284,38.9909767],[-74.7969692,38.9907656],[-74.7972465,38.990549],[-74.7975934,38.9903694],[-74.7978249,38.9901895],[-74.7981502,38.9900249],[-74.7982171,38.9898977],[-74.7984037,38.9896499],[-74.7988844,38.98946],[-74.7990269,38.9893585],[-74.7990274,38.9891782],[-74.7993295,38.9889305],[-74.7996548,38.9887659],[-74.7997465,38.9886077],[-74.8000421,38.9883807],[-74.8004646,38.9882266],[-74.8004161,38.9880993],[-74.8007364,38.9878412],[-74.8011589,38.9876871],[-74.8011104,38.9875598],[-74.8013909,38.9873271],[-74.801598,38.987169],[-74.8017598,38.9869522],[-74.8022405,38.9867624],[-74.802432,38.9866079],[-74.802685,38.9864131],[-74.8030319,38.9862334],[-74.8032174,38.9860904],[-74.8033087,38.9859414],[-74.8034246,38.9857614],[-74.8035296,38.9856009],[-74.8035789,38.9854429],[-74.803657,38.9852211],[-74.8038555,38.9850101]]}},{"type":"Feature","properties":{"year":2019,"scene_id":"S2A_MSIL2A_20191102T155421_R054_T18SWJ_20201003T121526","datetime":"2019-11-02T15:54:21.024000Z","cloud_cover_tile_pct":8.7,"cloud_mask_aoi_pct":8.99,"ndwi_threshold":0.22,"tide":{"level_m_msl":0.888,"time":"2019-11-02T15:54:00Z","source":"verified"},"wave":{"height_m":0.9,"dominant_period_s":7.7,"time":"2019-11-02T15:50:00Z","source":"NDBC historical"},"wave_setup_m":0.144,"horizontal_correction_m":22.9,"uncertainty_m":18.1,"image":"/data/scenes/sentinel-20191102T155421.jpg","image_shape":[477,556],"stac_url":"https://planetarycomputer.microsoft.com/api/stac/v1/collections/sentinel-2-l2a/items/S2A_MSIL2A_20191102T155421_R054_T18SWJ_20201003T121526","high_tide":{"time":"2019-11-02T17:17:00Z","level_m_msl":0.878,"source":"NOAA predicted high tide","image_offset_minutes":-82.6},"geometry_p90_deviation_m":72.2,"geometry_max_deviation_m":137.9,"geometry_kind":"corrected"},"geometry":{"type":"LineString","coordinates":[[-74.7885547,39.0058317],[-74.7885572,39.0056771],[-74.7885058,39.0055213],[-74.7885737,39.0054705],[-74.787877,39.0053071],[-74.787066,39.0051039],[-74.7870181,39.0048937],[-74.7865567,39.0047126],[-74.7864879,39.0044363],[-74.7863729,39.0042558],[-74.7863657,39.0040255],[-74.786374,39.0038954],[-74.7862591,39.0037149],[-74.7862519,39.0034846],[-74.7862524,39.0033044],[-74.7862529,39.0031241],[-74.7862535,39.0029439],[-74.786254,39.0027637],[-74.7862546,39.0025835],[-74.7862551,39.0024032],[-74.7862557,39.002223],[-74.7862844,39.0019504],[-74.7865159,39.0017706],[-74.7864883,39.0016828],[-74.7864969,39.0014524],[-74.7866129,39.0012724],[-74.7866587,39.0010184],[-74.7870304,39.0008167],[-74.7871464,39.0006367],[-74.7874934,39.0004571],[-74.7875596,39.0003307],[-74.7877008,39.0001192],[-74.7879072,38.9999709],[-74.7878795,38.999883],[-74.7878881,38.9996527],[-74.7880041,38.9994727],[-74.7880248,38.9992502],[-74.788362,38.9989836],[-74.7889059,38.9988224],[-74.7888845,38.9986574],[-74.789403,38.9984448],[-74.789694,38.9982984],[-74.7897401,38.9982142],[-74.7898105,38.9979382],[-74.790273,38.9977588],[-74.7902238,38.9976321],[-74.7904552,38.9974523],[-74.7904809,38.9972406],[-74.7908525,38.9970389],[-74.7909188,38.9969125],[-74.7910348,38.9967325],[-74.7911508,38.9965524],[-74.7912466,38.9964147],[-74.7912471,38.9962345],[-74.7913833,38.9960122],[-74.7914993,38.9958322],[-74.7915952,38.9956944],[-74.7915876,38.9955643],[-74.7915962,38.9953339],[-74.7917821,38.9950581],[-74.792198,38.9948399],[-74.7927759,38.9946607],[-74.7931099,38.9944865],[-74.7935164,38.9943402],[-74.7934389,38.994306],[-74.7934475,38.9940756],[-74.7935837,38.9938534],[-74.7936795,38.9937156],[-74.793672,38.9935855],[-74.7936805,38.9933551],[-74.7939224,38.9930461],[-74.7946396,38.9928577],[-74.7949067,38.9927206],[-74.7949981,38.9925627],[-74.7952045,38.9924144],[-74.7951768,38.9923265],[-74.7952552,38.9920003],[-74.7957176,38.9918209],[-74.7956482,38.9917366],[-74.7957642,38.9915565],[-74.7958347,38.9912805],[-74.7963861,38.9910555],[-74.7970463,38.9908888],[-74.7970566,38.9907956],[-74.7971726,38.9906156],[-74.7973137,38.990404],[-74.7976102,38.9901764],[-74.7980322,38.9900227],[-74.7979628,38.9899383],[-74.7980989,38.989716],[-74.7982149,38.989536],[-74.7983309,38.989356],[-74.7984719,38.9891444],[-74.7987685,38.9889168],[-74.7992464,38.9887299],[-74.7995777,38.9885577],[-74.7999246,38.9883781],[-74.8002065,38.9882463],[-74.8001819,38.9880976],[-74.8004631,38.9878641],[-74.8006945,38.9876843],[-74.8009259,38.9875045],[-74.8012133,38.9872914],[-74.8017911,38.9871122],[-74.8019419,38.9869877],[-74.8020579,38.9868076],[-74.802314,38.9866057],[-74.8025208,38.986448],[-74.8026116,38.9862994],[-74.8027527,38.9860879],[-74.8030088,38.985886],[-74.8032402,38.9857061],[-74.8034595,38.9855363],[-74.8036206,38.9853684],[-74.8037692,38.98522],[-74.8038073,38.9850822]]}},{"type":"Feature","properties":{"year":2019,"scene_id":"S2A_MSIL2A_20191129T154611_R011_T18SWJ_20201003T204418","datetime":"2019-11-29T15:46:11.024000Z","cloud_cover_tile_pct":16.63,"cloud_mask_aoi_pct":3.12,"ndwi_threshold":0.172,"tide":{"level_m_msl":1.17,"time":"2019-11-29T15:48:00Z","source":"verified"},"wave":{"height_m":2.03,"dominant_period_s":5.9,"time":"2019-11-29T15:50:00Z","source":"NDBC historical"},"wave_setup_m":0.165,"horizontal_correction_m":29.7,"uncertainty_m":19.3,"image":"/data/scenes/sentinel-20191129T154611.jpg","image_shape":[477,556],"stac_url":"https://planetarycomputer.microsoft.com/api/stac/v1/collections/sentinel-2-l2a/items/S2A_MSIL2A_20191129T154611_R011_T18SWJ_20201003T204418","high_tide":{"time":"2019-11-29T15:12:00Z","level_m_msl":0.989,"source":"NOAA predicted high tide","image_offset_minutes":34.2},"geometry_p90_deviation_m":38.8,"geometry_max_deviation_m":48.8,"geometry_kind":"corrected"},"geometry":{"type":"LineString","coordinates":[[-74.7876938,39.0058662],[-74.7875062,39.0055342],[-74.787449,39.0053539],[-74.7873917,39.0051736],[-74.787465,39.0051449],[-74.7868756,39.0049561],[-74.7867481,39.0045669],[-74.7867487,39.0043866],[-74.7867492,39.0042064],[-74.7867497,39.0040262],[-74.7867503,39.003846],[-74.7867508,39.0036657],[-74.7867614,39.0035504],[-74.7866465,39.0033699],[-74.786637,39.0031248],[-74.7866375,39.0029446],[-74.786638,39.0027644],[-74.7866486,39.002649],[-74.7865595,39.0025234],[-74.7864187,39.0022882],[-74.7864092,39.0020431],[-74.7864098,39.0018628],[-74.7864103,39.0016826],[-74.7864109,39.0015024],[-74.7864218,39.0012573],[-74.786564,39.0010226],[-74.7867727,39.0007536],[-74.7872961,39.0005439],[-74.7876694,39.0004145],[-74.7876055,39.0003036],[-74.7878695,39.000083],[-74.7879269,38.9999985],[-74.7879536,38.9997636],[-74.7882175,38.999543],[-74.7883011,38.9994037],[-74.7884496,38.9991829],[-74.788713,38.9989745],[-74.7889445,38.9987947],[-74.7891441,38.9986435],[-74.7892015,38.998559],[-74.7891916,38.9984436],[-74.7891922,38.9982634],[-74.7893828,38.9978443],[-74.7903332,38.9976567],[-74.7903851,38.9976052],[-74.7903856,38.997425],[-74.7906496,38.9972044],[-74.7907656,38.9970244],[-74.791029,38.996816],[-74.7912888,38.9966165],[-74.7915755,38.9964852],[-74.7915175,38.9964004],[-74.7916596,38.9961657],[-74.7917756,38.9959857],[-74.7918655,38.9958604],[-74.7918921,38.9956254],[-74.7921236,38.9954456],[-74.792098,38.9953201],[-74.7922401,38.9950854],[-74.7924488,38.9948163],[-74.7929353,38.9946232],[-74.7931144,38.9944768],[-74.7933982,38.9942636],[-74.7938083,38.9941175],[-74.7937769,38.9939659],[-74.7941558,38.9937577],[-74.7941813,38.9937017],[-74.7941818,38.9935215],[-74.7942978,38.9933415],[-74.7943569,38.9930658],[-74.7947641,38.9928379],[-74.7949353,38.9927063],[-74.7950513,38.9925263],[-74.795367,38.9922846],[-74.7958294,38.9921052],[-74.7959442,38.9920281],[-74.7960374,38.9917588],[-74.7966594,38.9915563],[-74.7968908,38.9913764],[-74.7974687,38.9911972],[-74.7975633,38.9911297],[-74.7975273,38.991069],[-74.7976287,38.9906999],[-74.7980911,38.9905205],[-74.7979907,38.9905292],[-74.7979912,38.9903489],[-74.7980283,38.9900492],[-74.7982922,38.9898286],[-74.7984082,38.9896485],[-74.7987238,38.9894068],[-74.7991339,38.9892607],[-74.7990335,38.9892694],[-74.7991349,38.9889002],[-74.799739,38.9886545],[-74.8007403,38.9884872],[-74.8005731,38.9884315],[-74.8008045,38.9882517],[-74.8008051,38.9880715],[-74.8011733,38.9877793],[-74.8017679,38.987593],[-74.8020256,38.9874634],[-74.8020772,38.9873527],[-74.802167,38.9872274],[-74.8021936,38.9869925],[-74.8024575,38.9867718],[-74.8025735,38.9865918],[-74.8028368,38.9863834],[-74.8031206,38.9861702],[-74.803603,38.9859811],[-74.8039058,38.9858248],[-74.8041089,38.9856646],[-74.8043084,38.9855133],[-74.8043919,38.9853741],[-74.8045078,38.9851941],[-74.8046238,38.985014]]}},{"type":"Feature","properties":{"year":2020,"scene_id":"S2B_MSIL2A_20200126T155529_R054_T18SWJ_20201002T120132","datetime":"2020-01-26T15:55:29.024000Z","cloud_cover_tile_pct":5.4,"cloud_mask_aoi_pct":10.98,"ndwi_threshold":0.22,"tide":{"level_m_msl":0.943,"time":"2020-01-26T15:54:00Z","source":"verified"},"wave":{"height_m":1.44,"dominant_period_s":10.8,"time":"2020-01-26T15:50:00Z","source":"NDBC historical"},"wave_setup_m":0.255,"horizontal_correction_m":26.6,"uncertainty_m":18.8,"image":"/data/scenes/sentinel-20200126T155529.jpg","image_shape":[477,556],"stac_url":"https://planetarycomputer.microsoft.com/api/stac/v1/collections/sentinel-2-l2a/items/S2B_MSIL2A_20200126T155529_R054_T18SWJ_20201002T120132","high_tide":{"time":"2020-01-26T14:28:00Z","level_m_msl":0.804,"source":"NOAA predicted high tide","image_offset_minutes":87.5},"geometry_p90_deviation_m":106.8,"geometry_max_deviation_m":136.8,"geometry_kind":"corrected"},"geometry":{"type":"LineString","coordinates":[[-74.7867312,39.0057702],[-74.7867826,39.0056185],[-74.7867807,39.0054681],[-74.7867835,39.0053176],[-74.786733,39.0051657],[-74.7866691,39.0049569],[-74.7866674,39.0047469],[-74.7866679,39.0045667],[-74.7867006,39.0044938],[-74.7864701,39.0043132],[-74.7864475,39.0040838],[-74.7863326,39.0039034],[-74.7863241,39.003665],[-74.7863247,39.0034847],[-74.7863863,39.0034486],[-74.7860688,39.0032934],[-74.7858734,39.0030014],[-74.7858649,39.002763],[-74.7858748,39.0025246],[-74.7859908,39.0023446],[-74.785982,39.0022225],[-74.7859826,39.0020423],[-74.7859831,39.0018621],[-74.7859836,39.0016818],[-74.7860461,39.0013578],[-74.7864217,39.0011525],[-74.7864566,39.0010838],[-74.7864571,39.0009036],[-74.7866543,39.0006123],[-74.7869727,39.0004583],[-74.7869207,39.0003638],[-74.7870601,39.0001347],[-74.7871527,39.0000037],[-74.7872058,38.9997379],[-74.7875528,38.9995583],[-74.7875533,38.999378],[-74.7879544,38.9991551],[-74.7881027,38.9990552],[-74.7880798,38.9989241],[-74.7882193,38.998695],[-74.7883644,38.9984784],[-74.7887172,38.9982235],[-74.7895135,38.9980494],[-74.7894683,38.9980254],[-74.7894688,38.9978452],[-74.789666,38.9975539],[-74.790013,38.9973743],[-74.7900712,38.9972565],[-74.7902704,38.9969966],[-74.7907074,38.9968349],[-74.7906268,38.9967659],[-74.7907662,38.9965369],[-74.7908588,38.9964059],[-74.7909119,38.99614],[-74.7912589,38.9959604],[-74.7913134,38.9957369],[-74.7918913,38.9955577],[-74.7918087,38.9954574],[-74.7920402,38.9952776],[-74.7920079,38.9952046],[-74.7920085,38.9950243],[-74.7920417,38.9947369],[-74.7923024,38.9945205],[-74.792447,38.9943148],[-74.7928193,38.9941175],[-74.7929968,38.993981],[-74.7931414,38.9937753],[-74.7935137,38.9935781],[-74.7937198,38.9934159],[-74.7938935,38.9932983],[-74.7938706,38.9931672],[-74.7940101,38.9929381],[-74.794126,38.9927581],[-74.7943467,38.9924859],[-74.7949577,38.9922918],[-74.795196,38.9921826],[-74.7951674,38.992039],[-74.795428,38.9918226],[-74.795544,38.9916426],[-74.7957463,38.9914993],[-74.795714,38.9914263],[-74.795852,38.9910467],[-74.7965784,38.9908528],[-74.7966721,38.99078],[-74.7966492,38.9906489],[-74.7967652,38.9904689],[-74.7967891,38.9902396],[-74.7970206,38.9900597],[-74.7971438,38.9897787],[-74.7979676,38.9895936],[-74.7979458,38.9895207],[-74.798091,38.989304],[-74.7983764,38.9890809],[-74.7986979,38.9889189],[-74.7988608,38.988709],[-74.7994718,38.9885149],[-74.79971,38.9884057],[-74.7996486,38.9883693],[-74.7996819,38.9880818],[-74.7999425,38.9878654],[-74.8000293,38.987722],[-74.8001453,38.9875419],[-74.8002613,38.9873619],[-74.8004999,38.9870811],[-74.8012083,38.9868958],[-74.8013019,38.986823],[-74.8013316,38.9866062],[-74.8017325,38.9863832],[-74.8020035,38.9861825],[-74.8025632,38.9860119],[-74.8025745,38.985924],[-74.8026905,38.985744],[-74.802783,38.985613],[-74.8027742,38.985491],[-74.8027945,38.9852266]]}},{"type":"Feature","properties":{"year":2020,"scene_id":"S2B_MSIL2A_20200326T154809_R054_T18SWJ_20201027T111048","datetime":"2020-03-26T15:48:09.024000Z","cloud_cover_tile_pct":0.48,"cloud_mask_aoi_pct":7.78,"ndwi_threshold":0.22,"tide":{"level_m_msl":0.98,"time":"2020-03-26T15:48:00Z","source":"verified"},"wave":{"height_m":2.33,"dominant_period_s":10.8,"time":"2020-03-26T15:50:00Z","source":"NDBC historical"},"wave_setup_m":0.324,"horizontal_correction_m":29.0,"uncertainty_m":19.2,"image":"/data/scenes/sentinel-20200326T154809.jpg","image_shape":[477,556],"stac_url":"https://planetarycomputer.microsoft.com/api/stac/v1/collections/sentinel-2-l2a/items/S2B_MSIL2A_20200326T154809_R054_T18SWJ_20201027T111048","high_tide":{"time":"2020-03-26T14:46:00Z","level_m_msl":0.674,"source":"NOAA predicted high tide","image_offset_minutes":62.2},"geometry_p90_deviation_m":81.8,"geometry_max_deviation_m":101.4,"geometry_kind":"corrected"},"geometry":{"type":"LineString","coordinates":[[-74.7872143,39.0058293],[-74.7872148,39.0056491],[-74.7872154,39.0054688],[-74.7872184,39.005321],[-74.7871685,39.0051717],[-74.787104,39.0049604],[-74.7871118,39.0048111],[-74.7870221,39.0046842],[-74.7869071,39.0045037],[-74.7867922,39.0043233],[-74.7866772,39.0041429],[-74.7865623,39.0039624],[-74.7864788,39.003822],[-74.7862169,39.0036013],[-74.7861824,39.0033042],[-74.786183,39.003124],[-74.7861835,39.0029438],[-74.7861841,39.0027636],[-74.7861846,39.0025833],[-74.7861851,39.0024031],[-74.7861857,39.0022229],[-74.7861862,39.0020427],[-74.786197,39.0017991],[-74.786313,39.0016191],[-74.7863135,39.0014389],[-74.7864551,39.0012054],[-74.7865456,39.0010788],[-74.7865461,39.0008986],[-74.7867506,39.0005974],[-74.7871487,39.0003853],[-74.7874134,39.0002661],[-74.7873822,39.0001258],[-74.7877277,38.9998456],[-74.7881667,38.9996796],[-74.7881667,38.99964],[-74.7881927,38.9994063],[-74.7885148,38.9991395],[-74.7888029,38.9990071],[-74.7888035,38.9988268],[-74.7891816,38.9986193],[-74.7892092,38.9985605],[-74.7892098,38.9983803],[-74.7893258,38.9982003],[-74.7893835,38.9979268],[-74.7897617,38.9977192],[-74.7898148,38.997607],[-74.7899308,38.997427],[-74.7900786,38.9972071],[-74.7903689,38.9969802],[-74.7907393,38.9967872],[-74.7910352,38.9966402],[-74.7910883,38.9965279],[-74.7911788,38.9964013],[-74.7911691,38.9962844],[-74.7911798,38.9960409],[-74.7913213,38.9958074],[-74.7914118,38.9956808],[-74.7914124,38.9955006],[-74.7915856,38.9952273],[-74.7918994,38.994987],[-74.7924116,38.9947864],[-74.7929397,38.9946284],[-74.7929417,38.9945487],[-74.7931717,38.9942684],[-74.7937496,38.9940892],[-74.7937516,38.9940095],[-74.7938676,38.9938295],[-74.7940465,38.9935817],[-74.7943622,38.99343],[-74.794331,38.9932896],[-74.794653,38.9930228],[-74.7949412,38.9928903],[-74.7948743,38.9928667],[-74.794885,38.9926231],[-74.7950265,38.9923897],[-74.7951425,38.9922097],[-74.795349,38.9919426],[-74.7958349,38.9917499],[-74.795984,38.9916305],[-74.7960428,38.9915438],[-74.7961594,38.9912231],[-74.7967803,38.9910212],[-74.7969099,38.9909112],[-74.7969686,38.9908245],[-74.7969691,38.9906443],[-74.7970851,38.9904642],[-74.7972251,38.9901303],[-74.7979184,38.9899512],[-74.797805,38.9898713],[-74.7980681,38.9896517],[-74.7981524,38.9895115],[-74.7982684,38.9893315],[-74.7983843,38.9891514],[-74.7985908,38.9888844],[-74.7990532,38.988705],[-74.7990787,38.988612],[-74.7993086,38.9883316],[-74.799863,38.9881657],[-74.7999368,38.9879509],[-74.8009881,38.9877686],[-74.8009032,38.9877674],[-74.8008935,38.9876505],[-74.8009042,38.987407],[-74.8010201,38.9872269],[-74.801109,38.9869255],[-74.8016225,38.9867135],[-74.8018539,38.9865337],[-74.802366,38.986333],[-74.8029137,38.9861656],[-74.8030744,38.9860277],[-74.8032585,38.985894],[-74.8032756,38.9857889],[-74.8033453,38.9855805],[-74.8034753,38.9853754],[-74.8036069,38.9851737]]}},{"type":"Feature","properties":{"year":2020,"scene_id":"S2B_MSIL2A_20200425T154809_R054_T18SWJ_20200922T024527","datetime":"2020-04-25T15:48:09.024000Z","cloud_cover_tile_pct":7.0,"cloud_mask_aoi_pct":2.58,"ndwi_threshold":0.062,"tide":{"level_m_msl":0.677,"time":"2020-04-25T15:48:00Z","source":"verified"},"wave":{"height_m":1.17,"dominant_period_s":9.1,"time":"2020-04-25T15:50:00Z","source":"NDBC historical"},"wave_setup_m":0.194,"horizontal_correction_m":19.3,"uncertainty_m":17.5,"image":"/data/scenes/sentinel-20200425T154809.jpg","image_shape":[477,556],"stac_url":"https://planetarycomputer.microsoft.com/api/stac/v1/collections/sentinel-2-l2a/items/S2B_MSIL2A_20200425T154809_R054_T18SWJ_20200922T024527","high_tide":{"time":"2020-04-25T14:56:00Z","level_m_msl":0.58,"source":"NOAA predicted high tide","image_offset_minutes":52.2},"geometry_p90_deviation_m":35.4,"geometry_max_deviation_m":51.0,"geometry_kind":"corrected"},"geometry":{"type":"LineString","coordinates":[[-74.7873256,39.0058295],[-74.7873278,39.0056709],[-74.7872755,39.0055112],[-74.7872183,39.0053309],[-74.787161,39.0051506],[-74.7871113,39.0049892],[-74.7870057,39.0048255],[-74.7868908,39.0046451],[-74.7867758,39.0044647],[-74.786644,39.0042485],[-74.7866446,39.0040683],[-74.7865296,39.0038878],[-74.7865236,39.0036653],[-74.7865242,39.0034851],[-74.7865247,39.0033049],[-74.7865253,39.0031246],[-74.7865323,39.0029867],[-74.7864174,39.0028063],[-74.7864114,39.0025838],[-74.7864187,39.0023613],[-74.7865348,39.0021812],[-74.7865285,39.0020433],[-74.7865358,39.0018208],[-74.7866519,39.0016408],[-74.7866456,39.0015028],[-74.786653,39.0012803],[-74.786786,39.0010646],[-74.7869232,39.000858],[-74.7871547,39.0006782],[-74.7872707,39.0004982],[-74.7875231,39.0002998],[-74.7877546,39.00012],[-74.7879441,38.9999854],[-74.7879658,38.9997786],[-74.7883128,38.999599],[-74.7883133,38.9994187],[-74.7886996,38.9992077],[-74.7889126,38.9990407],[-74.7891233,38.9988795],[-74.7892182,38.9987261],[-74.7893553,38.9985195],[-74.7895868,38.9983397],[-74.7896817,38.9981863],[-74.7897807,38.9980419],[-74.7898402,38.9977808],[-74.7903368,38.9975797],[-74.7905342,38.9974216],[-74.7907656,38.9972418],[-74.7909551,38.9971072],[-74.7909557,38.996927],[-74.7912292,38.9967019],[-74.7914187,38.9965673],[-74.7914022,38.9964228],[-74.7915772,38.9961619],[-74.7919426,38.9959694],[-74.7921348,38.9958211],[-74.7922508,38.9956411],[-74.7925031,38.9954426],[-74.7927138,38.9952814],[-74.7928298,38.9951014],[-74.7930612,38.9949216],[-74.7931561,38.9947682],[-74.7932721,38.9945881],[-74.7933881,38.9944081],[-74.7935252,38.9942015],[-74.7937567,38.9940217],[-74.7938727,38.9938417],[-74.794125,38.9936432],[-74.7943749,38.9934506],[-74.7947218,38.9932709],[-74.7949349,38.993104],[-74.7951455,38.9929428],[-74.7952615,38.9927627],[-74.7955138,38.9925643],[-74.7957244,38.9924031],[-74.7958404,38.9922231],[-74.7960719,38.9920433],[-74.7961667,38.9918898],[-74.7962657,38.9917455],[-74.7963436,38.9914715],[-74.7969215,38.9912923],[-74.7968446,38.9912058],[-74.7970195,38.9909449],[-74.7973849,38.9907524],[-74.7976164,38.9905726],[-74.7979633,38.990393],[-74.7981555,38.9902446],[-74.7982715,38.9900646],[-74.7985237,38.9898661],[-74.7987552,38.9896863],[-74.7989658,38.9895251],[-74.7990818,38.9893451],[-74.799334,38.9891466],[-74.7995996,38.988945],[-74.8000463,38.9887745],[-74.8001018,38.9886526],[-74.800239,38.9884459],[-74.8005097,38.9882346],[-74.8008381,38.9880678],[-74.8009541,38.9878878],[-74.8013351,38.9876864],[-74.8016663,38.9875157],[-74.8018793,38.9873487],[-74.8020899,38.9871875],[-74.8021847,38.9870341],[-74.8022837,38.9868897],[-74.8023012,38.9866738],[-74.8025746,38.9864487],[-74.8028244,38.9862561],[-74.8031529,38.9860892],[-74.8032688,38.9859092],[-74.8036498,38.9857078],[-74.8039626,38.9855499],[-74.8040366,38.9854151],[-74.8041525,38.9852351],[-74.8042685,38.9850551]]}},{"type":"Feature","properties":{"year":2020,"scene_id":"S2A_MSIL2A_20200510T154911_R054_T18SWJ_20200919T214625","datetime":"2020-05-10T15:49:11.024000Z","cloud_cover_tile_pct":0.21,"cloud_mask_aoi_pct":2.11,"ndwi_threshold":-0.007,"tide":{"level_m_msl":0.364,"time":"2020-05-10T15:48:00Z","source":"verified"},"wave":{"height_m":0.6,"dominant_period_s":3.5,"time":"2020-05-10T15:50:00Z","source":"NDBC historical"},"wave_setup_m":0.053,"horizontal_correction_m":9.3,"uncertainty_m":15.7,"image":"/data/scenes/sentinel-20200510T154911.jpg","image_shape":[477,556],"stac_url":"https://planetarycomputer.microsoft.com/api/stac/v1/collections/sentinel-2-l2a/items/S2A_MSIL2A_20200510T154911_R054_T18SWJ_20200919T214625","high_tide":{"time":"2020-05-10T15:43:00Z","level_m_msl":0.657,"source":"NOAA predicted high tide","image_offset_minutes":6.2},"geometry_p90_deviation_m":34.4,"geometry_max_deviation_m":49.6,"geometry_kind":"corrected"},"geometry":{"type":"LineString","coordinates":[[-74.7873264,39.0058295],[-74.7873278,39.0056596],[-74.7872729,39.0054892],[-74.7872134,39.005299],[-74.7872131,39.0051084],[-74.7872168,39.0049484],[-74.7871299,39.0048069],[-74.786784,39.004626],[-74.7866591,39.0044366],[-74.7864186,39.0042432],[-74.7864079,39.0040256],[-74.7864085,39.0038453],[-74.786409,39.0036651],[-74.7864095,39.0034849],[-74.7864101,39.0033047],[-74.7864106,39.0031244],[-74.7864112,39.0029442],[-74.7864117,39.002764],[-74.7864122,39.0025838],[-74.7864128,39.0024035],[-74.7864133,39.0022233],[-74.7864139,39.0020431],[-74.7864144,39.0018628],[-74.7864182,39.0016624],[-74.7865342,39.0014823],[-74.7865315,39.0013224],[-74.7865435,39.0011048],[-74.7867951,39.0009033],[-74.7870065,39.0007452],[-74.7870071,39.000565],[-74.7872587,39.0003635],[-74.7874902,39.0001837],[-74.7877117,39.0000128],[-74.7878541,38.9998134],[-74.788432,38.9996343],[-74.7885034,38.9995034],[-74.7885039,38.9993232],[-74.7886281,38.9991261],[-74.7887543,38.9989333],[-74.7889958,38.9987446],[-74.7892173,38.9985737],[-74.7893333,38.9983937],[-74.7895748,38.998205],[-74.7897963,38.9980341],[-74.7899123,38.9978541],[-74.7901438,38.9976743],[-74.7902598,38.9974942],[-74.7905013,38.9973055],[-74.7907328,38.9971257],[-74.7909543,38.9969548],[-74.7910703,38.9967748],[-74.7913018,38.996595],[-74.7914178,38.9964149],[-74.7916592,38.9962262],[-74.7918808,38.9960553],[-74.7919866,38.9958881],[-74.7921128,38.9956953],[-74.7923442,38.9955155],[-74.7924602,38.9953354],[-74.7927017,38.9951467],[-74.7929232,38.9949758],[-74.7930392,38.9947958],[-74.7932806,38.994607],[-74.7935021,38.9944362],[-74.7936181,38.9942561],[-74.7938496,38.9940763],[-74.7939656,38.9938963],[-74.7942071,38.9937075],[-74.7944286,38.9935367],[-74.7945445,38.9933566],[-74.794786,38.9931679],[-74.7950175,38.9929881],[-74.7952389,38.9928172],[-74.7953549,38.9926372],[-74.7955864,38.9924573],[-74.7957024,38.9922773],[-74.7959338,38.9920975],[-74.7960498,38.9919175],[-74.7962813,38.9917376],[-74.7963973,38.9915576],[-74.7966287,38.9913778],[-74.7967447,38.9911978],[-74.7969762,38.9910179],[-74.797082,38.9908507],[-74.7972181,38.990649],[-74.797565,38.9904693],[-74.797681,38.9902893],[-74.7980368,38.9901035],[-74.7982594,38.9899299],[-74.7984908,38.98975],[-74.7987311,38.989564],[-74.7990692,38.9893906],[-74.7991752,38.9892195],[-74.7994166,38.9890307],[-74.799648,38.9888509],[-74.7998795,38.9886711],[-74.8001198,38.9884851],[-74.8004578,38.9883116],[-74.8005638,38.9881405],[-74.8008052,38.9879517],[-74.8010366,38.9877719],[-74.8012581,38.987601],[-74.801384,38.987412],[-74.8017309,38.9872324],[-74.8018268,38.987074],[-74.8019529,38.9868813],[-74.8022031,38.9866863],[-74.80255,38.9865067],[-74.8027814,38.9863269],[-74.8031283,38.9861472],[-74.8033409,38.9859825],[-74.8034468,38.9858152],[-74.8035627,38.9856352],[-74.8036787,38.9854551],[-74.8037946,38.9852751],[-74.8039106,38.9850951]]}},{"type":"Feature","properties":{"year":2020,"scene_id":"S2A_MSIL2A_20200706T153911_R011_T18SWJ_20200825T101833","datetime":"2020-07-06T15:39:11.024000Z","cloud_cover_tile_pct":2.57,"cloud_mask_aoi_pct":4.05,"ndwi_threshold":0.168,"tide":{"level_m_msl":0.633,"time":"2020-07-06T15:42:00Z","source":"verified"},"wave":{"height_m":0.62,"dominant_period_s":9.1,"time":"2020-07-06T15:50:00Z","source":"NDBC historical"},"wave_setup_m":0.141,"horizontal_correction_m":17.2,"uncertainty_m":17.1,"image":"/data/scenes/sentinel-20200706T153911.jpg","image_shape":[477,556],"stac_url":"https://planetarycomputer.microsoft.com/api/stac/v1/collections/sentinel-2-l2a/items/S2A_MSIL2A_20200706T153911_R011_T18SWJ_20200825T101833","high_tide":{"time":"2020-07-06T14:16:00Z","level_m_msl":0.62,"source":"NOAA predicted high tide","image_offset_minutes":83.2},"geometry_p90_deviation_m":49.4,"geometry_max_deviation_m":82.9,"geometry_kind":"corrected"},"geometry":{"type":"LineString","coordinates":[[-74.7870675,39.0058666],[-74.7870059,39.0056679],[-74.787005,39.0054685],[-74.7870055,39.0052882],[-74.7870061,39.005108],[-74.7870124,39.0049654],[-74.7868975,39.004785],[-74.786898,39.0046047],[-74.786798,39.004456],[-74.7866681,39.0042439],[-74.7866687,39.0040636],[-74.7866058,39.0039553],[-74.7862762,39.0037859],[-74.786011,39.0035771],[-74.7858624,39.0033412],[-74.7858571,39.0031234],[-74.7858577,39.0029432],[-74.7858582,39.002763],[-74.7858588,39.0025827],[-74.7858593,39.0024025],[-74.7858599,39.0022223],[-74.7858664,39.0020045],[-74.7859825,39.0018245],[-74.7859981,39.0016125],[-74.7862485,39.0014091],[-74.7863306,39.0012844],[-74.7863462,39.0010725],[-74.7865777,39.0008927],[-74.7865783,39.0007125],[-74.7868286,39.000509],[-74.7869258,39.0003527],[-74.7870418,39.0001726],[-74.7871952,38.9999524],[-74.7875586,38.9997614],[-74.7877901,38.9995816],[-74.7881207,38.9994134],[-74.7881994,38.9992736],[-74.7883154,38.9990936],[-74.7884314,38.9989136],[-74.7885474,38.9987336],[-74.7886823,38.9985299],[-74.7889323,38.9983335],[-74.7891453,38.9981703],[-74.7892613,38.9979903],[-74.7895113,38.9977939],[-74.7897243,38.9976306],[-74.7898588,38.9974341],[-74.7902222,38.9972431],[-74.7904372,38.9970746],[-74.7906687,38.9968948],[-74.7908629,38.9967552],[-74.7909008,38.9965348],[-74.7913796,38.996344],[-74.7914267,38.9962473],[-74.7914424,38.9960354],[-74.7917112,38.9958153],[-74.7919242,38.9956521],[-74.7920214,38.9954957],[-74.7921562,38.9952921],[-74.7924062,38.9950957],[-74.7926192,38.9949324],[-74.7927537,38.9947358],[-74.7931006,38.9945562],[-74.7932166,38.9943762],[-74.79358,38.9941852],[-74.793795,38.9940168],[-74.7939892,38.9938772],[-74.7939746,38.9937286],[-74.7941245,38.9934933],[-74.7943745,38.9932969],[-74.7945875,38.9931336],[-74.7947034,38.9929536],[-74.7949349,38.9927738],[-74.7950694,38.9925772],[-74.7954327,38.9923862],[-74.7956293,38.9922343],[-74.7957265,38.992078],[-74.7958425,38.9918979],[-74.7960122,38.9916663],[-74.7964746,38.9914869],[-74.7965556,38.9913348],[-74.7967683,38.9911786],[-74.7967688,38.9909984],[-74.7970376,38.9907784],[-74.797269,38.9905985],[-74.7975308,38.9903994],[-74.7979932,38.99022],[-74.7981758,38.990076],[-74.7983103,38.9898794],[-74.7986572,38.9896998],[-74.7987547,38.9895364],[-74.7989673,38.9893802],[-74.7989678,38.9891999],[-74.7992366,38.9889799],[-74.799468,38.9888001],[-74.7996994,38.9886202],[-74.7999309,38.9884404],[-74.8002043,38.9882357],[-74.8007821,38.9880564],[-74.8009531,38.9879181],[-74.8010502,38.9877617],[-74.8011662,38.9875817],[-74.801267,38.9874333],[-74.8013364,38.9871698],[-74.8019398,38.986977],[-74.8021292,38.9868221],[-74.8023233,38.9866825],[-74.8023238,38.9865023],[-74.8025926,38.9862822],[-74.8028543,38.9860831],[-74.80331,38.9859072],[-74.8034415,38.9857596],[-74.8036247,38.9855706],[-74.8038651,38.9853832],[-74.8040592,38.9852436],[-74.8040386,38.9851327]]}},{"type":"Feature","properties":{"year":2020,"scene_id":"S2A_MSIL2A_20200709T154911_R054_T18SWJ_20200912T140710","datetime":"2020-07-09T15:49:11.024000Z","cloud_cover_tile_pct":13.26,"cloud_mask_aoi_pct":8.0,"ndwi_threshold":-0.02,"tide":{"level_m_msl":0.815,"time":"2020-07-09T15:48:00Z","source":"verified"},"wave":{"height_m":0.67,"dominant_period_s":8.3,"time":"2020-07-08T22:50:00Z","source":"NDBC historical"},"wave_setup_m":0.134,"horizontal_correction_m":21.1,"uncertainty_m":17.8,"image":"/data/scenes/sentinel-20200709T154911.jpg","image_shape":[477,556],"stac_url":"https://planetarycomputer.microsoft.com/api/stac/v1/collections/sentinel-2-l2a/items/S2A_MSIL2A_20200709T154911_R054_T18SWJ_20200912T140710","high_tide":{"time":"2020-07-09T16:31:00Z","level_m_msl":0.563,"source":"NOAA predicted high tide","image_offset_minutes":-41.8},"geometry_p90_deviation_m":32.1,"geometry_max_deviation_m":49.0,"geometry_kind":"corrected"},"geometry":{"type":"LineString","coordinates":[[-74.7873056,39.0058295],[-74.7873079,39.0056728],[-74.787256,39.005515],[-74.7871935,39.0053121],[-74.7871922,39.0051084],[-74.7871999,39.0049742],[-74.7870849,39.0047938],[-74.7870784,39.0045675],[-74.7871043,39.0044722],[-74.7868739,39.0042916],[-74.786849,39.0040264],[-74.7868567,39.0038922],[-74.7867417,39.0037118],[-74.7867351,39.0034855],[-74.7867357,39.0033053],[-74.7867362,39.003125],[-74.7867368,39.0029448],[-74.7867373,39.0027646],[-74.7867378,39.0025843],[-74.7867384,39.0024041],[-74.7867389,39.0022239],[-74.7867395,39.0020437],[-74.7867474,39.0018174],[-74.7868634,39.0016374],[-74.7868566,39.0015032],[-74.7869061,39.0012091],[-74.7872531,39.0010295],[-74.7872046,39.0009632],[-74.7872126,39.0007369],[-74.7873286,39.0005569],[-74.7873477,39.0003378],[-74.7876023,39.000129],[-74.7877183,38.999949],[-74.7879267,38.9997982],[-74.7879273,38.9996179],[-74.7881819,38.9994091],[-74.7882979,38.9992291],[-74.7885294,38.9990493],[-74.7886454,38.9988693],[-74.7888538,38.9987185],[-74.7889202,38.998475],[-74.7895152,38.9982861],[-74.7895483,38.998179],[-74.7896643,38.997999],[-74.7898261,38.9977697],[-74.7901731,38.9975901],[-74.7902433,38.9974594],[-74.7903593,38.9972794],[-74.7904984,38.9970704],[-74.7907526,38.9968703],[-74.7909383,38.9967397],[-74.7909619,38.9965305],[-74.7913687,38.9963069],[-74.7916986,38.996137],[-74.79191,38.9959712],[-74.7921188,38.9958117],[-74.7922348,38.9956317],[-74.7924663,38.9954518],[-74.7925823,38.9952718],[-74.7928138,38.995092],[-74.7929298,38.994912],[-74.7931613,38.9947322],[-74.7932773,38.9945521],[-74.7935314,38.994352],[-74.7937171,38.9942215],[-74.7937177,38.9940413],[-74.7939949,38.9938122],[-74.7941806,38.9936816],[-74.794264,38.9934284],[-74.7949836,38.9932376],[-74.7951718,38.9930793],[-74.7954759,38.992934],[-74.7954534,38.9927827],[-74.7957079,38.9925739],[-74.7958239,38.9923939],[-74.7960554,38.9922141],[-74.7961483,38.992063],[-74.7962643,38.991883],[-74.7963803,38.991703],[-74.7964963,38.991523],[-74.7966122,38.9913429],[-74.7967941,38.9910996],[-74.7972364,38.9909342],[-74.7971652,38.9908882],[-74.7971916,38.990623],[-74.7974688,38.9903939],[-74.7977003,38.9902141],[-74.7979317,38.9900343],[-74.7981632,38.9898544],[-74.7983946,38.9896746],[-74.7986261,38.9894948],[-74.7988575,38.989315],[-74.799089,38.9891351],[-74.7993204,38.9889553],[-74.7995518,38.9887755],[-74.7997833,38.9885956],[-74.8000147,38.9884158],[-74.8002462,38.988236],[-74.8004776,38.9880562],[-74.8007462,38.9878527],[-74.8011714,38.9876969],[-74.8011719,38.9875167],[-74.8016543,38.9873232],[-74.8017045,38.9872065],[-74.8018204,38.9870265],[-74.8019364,38.9868464],[-74.8020754,38.9866374],[-74.8024114,38.9863953],[-74.8033171,38.9862231],[-74.8032542,38.9860784],[-74.803727,38.9858913],[-74.8037105,38.9858069],[-74.8037687,38.9856268],[-74.803827,38.9854467],[-74.8038852,38.9852666],[-74.8039434,38.9850864]]}},{"type":"Feature","properties":{"year":2020,"scene_id":"S2A_MSIL2A_20200805T153911_R011_T18SWJ_20200815T024630","datetime":"2020-08-05T15:39:11.024000Z","cloud_cover_tile_pct":4.15,"cloud_mask_aoi_pct":5.35,"ndwi_threshold":0.22,"tide":{"level_m_msl":0.646,"time":"2020-08-05T15:42:00Z","source":"verified"},"wave":{"height_m":0.87,"dominant_period_s":6.2,"time":"2020-08-05T15:50:00Z","source":"NDBC historical"},"wave_setup_m":0.114,"horizontal_correction_m":16.9,"uncertainty_m":17.0,"image":"/data/scenes/sentinel-20200805T153911.jpg","image_shape":[477,556],"stac_url":"https://planetarycomputer.microsoft.com/api/stac/v1/collections/sentinel-2-l2a/items/S2A_MSIL2A_20200805T153911_R011_T18SWJ_20200815T024630","high_tide":{"time":"2020-08-05T14:36:00Z","level_m_msl":0.667,"source":"NOAA predicted high tide","image_offset_minutes":63.2},"geometry_p90_deviation_m":114.2,"geometry_max_deviation_m":139.6,"geometry_kind":"corrected"},"geometry":{"type":"LineString","coordinates":[[-74.78684,39.0058655],[-74.7868065,39.005729],[-74.7866035,39.0055753],[-74.7863366,39.0053551],[-74.7863168,39.0051068],[-74.786323,39.0049634],[-74.7862227,39.0048142],[-74.7860931,39.0046026],[-74.7860937,39.0044223],[-74.7860117,39.0042963],[-74.7857813,39.0041157],[-74.7856333,39.0038808],[-74.7856339,39.0037006],[-74.7855189,39.0035201],[-74.7855138,39.003303],[-74.78552,39.0031597],[-74.7854198,39.0030104],[-74.7853231,39.0028533],[-74.7850744,39.0026493],[-74.7850545,39.002401],[-74.7850551,39.0022208],[-74.7850556,39.0020406],[-74.7850621,39.0018235],[-74.7852115,39.0015891],[-74.7854245,39.0014325],[-74.7854043,39.0013203],[-74.7854256,39.0010721],[-74.7856938,39.0008528],[-74.7859253,39.000673],[-74.7861201,39.0005327],[-74.7861392,39.0003292],[-74.7865043,39.0001334],[-74.7865689,39.000024],[-74.7865843,38.9998126],[-74.7868685,38.9995821],[-74.7871994,38.9994137],[-74.7872973,38.99925],[-74.7875469,38.9990539],[-74.7877945,38.9988629],[-74.7881254,38.9986945],[-74.7882233,38.9985308],[-74.7884363,38.9983742],[-74.788422,38.9982251],[-74.7885528,38.9980139],[-74.7886688,38.9978339],[-74.7888215,38.9976144],[-74.7891685,38.9974348],[-74.789233,38.9973254],[-74.789285,38.9970746],[-74.7897887,38.9968707],[-74.7900763,38.9967319],[-74.790095,38.9965354],[-74.7905872,38.996337],[-74.7907707,38.9961924],[-74.7908534,38.9960667],[-74.790854,38.9958865],[-74.79097,38.9957065],[-74.7909705,38.9955263],[-74.7911792,38.9952512],[-74.7918821,38.9950682],[-74.7920262,38.9949563],[-74.7920795,38.9947254],[-74.792671,38.9945385],[-74.7927206,38.9944169],[-74.7928551,38.9942136],[-74.7930866,38.9940338],[-74.7931693,38.9939081],[-74.7932031,38.9936736],[-74.793598,38.9934587],[-74.7939564,38.9932736],[-74.7944283,38.9930903],[-74.79484,38.9929393],[-74.794789,38.9928296],[-74.794905,38.9926496],[-74.7949055,38.9924694],[-74.7951142,38.9921943],[-74.7958076,38.9920153],[-74.7958823,38.9918597],[-74.7962293,38.9916801],[-74.7963271,38.9915163],[-74.7965586,38.9913365],[-74.7966412,38.9912108],[-74.7966417,38.9910306],[-74.7967577,38.9908506],[-74.7967582,38.9906703],[-74.7969257,38.9904197],[-74.7973024,38.9902211],[-74.7976356,38.9900493],[-74.797851,38.9898807],[-74.7980458,38.9897403],[-74.7980463,38.9895601],[-74.7983144,38.9893408],[-74.7985092,38.9892004],[-74.7985097,38.9890202],[-74.7987939,38.9887897],[-74.7991408,38.9886101],[-74.7993859,38.9884225],[-74.7998185,38.988262],[-74.7997616,38.9881893],[-74.7998014,38.9879178],[-74.8001482,38.9877382],[-74.800183,38.9875305],[-74.8007955,38.987334],[-74.8010735,38.9871991],[-74.8010407,38.9870732],[-74.8012588,38.9867941],[-74.8020756,38.9866124],[-74.8022301,38.9864801],[-74.8023128,38.9863544],[-74.8023281,38.9861431],[-74.8025686,38.9859507],[-74.8026029,38.9858142],[-74.8026678,38.9856176],[-74.8027919,38.985423],[-74.8029079,38.9852429],[-74.8030239,38.9850629]]}},{"type":"Feature","properties":{"year":2020,"scene_id":"S2A_MSIL2A_20200904T153911_R011_T18SWJ_20200908T005129","datetime":"2020-09-04T15:39:11.024000Z","cloud_cover_tile_pct":4.54,"cloud_mask_aoi_pct":8.96,"ndwi_threshold":0.22,"tide":{"level_m_msl":0.877,"time":"2020-09-04T15:42:00Z","source":"verified"},"wave":{"height_m":0.75,"dominant_period_s":9.1,"time":"2020-09-04T15:50:00Z","source":"NDBC historical"},"wave_setup_m":0.155,"horizontal_correction_m":22.9,"uncertainty_m":18.1,"image":"/data/scenes/sentinel-20200904T153911.jpg","image_shape":[477,556],"stac_url":"https://planetarycomputer.microsoft.com/api/stac/v1/collections/sentinel-2-l2a/items/S2A_MSIL2A_20200904T153911_R011_T18SWJ_20200908T005129","high_tide":{"time":"2020-09-04T14:44:00Z","level_m_msl":0.777,"source":"NOAA predicted high tide","image_offset_minutes":55.2},"geometry_p90_deviation_m":63.3,"geometry_max_deviation_m":86.9,"geometry_kind":"corrected"},"geometry":{"type":"LineString","coordinates":[[-74.7863602,39.0058277],[-74.7863608,39.0056475],[-74.7863613,39.0054673],[-74.7863618,39.0052871],[-74.7863624,39.0051068],[-74.7863707,39.0049768],[-74.7862557,39.0047963],[-74.7862485,39.0045659],[-74.7862491,39.0043857],[-74.7862496,39.0042055],[-74.7862579,39.0040754],[-74.786143,39.003895],[-74.7861357,39.0036646],[-74.7861363,39.0034844],[-74.7861368,39.0033042],[-74.7861374,39.0031239],[-74.7861379,39.0029437],[-74.7861385,39.0027635],[-74.786139,39.0025833],[-74.7861395,39.002403],[-74.7861401,39.0022228],[-74.7861406,39.0020426],[-74.7861492,39.0018122],[-74.7862653,39.0016322],[-74.7862658,39.001452],[-74.7864271,39.0011982],[-74.7866335,39.0010499],[-74.7866341,39.0008697],[-74.7869153,39.0006363],[-74.7871222,39.0004786],[-74.7872131,39.0003301],[-74.7873542,39.0001185],[-74.7876794,38.999878],[-74.7883443,38.9997119],[-74.7882264,38.9997034],[-74.7882551,38.9994308],[-74.7884867,38.999251],[-74.7884872,38.9990708],[-74.7887438,38.9988595],[-74.7888598,38.9986794],[-74.7890913,38.9984996],[-74.7892073,38.9983196],[-74.7894388,38.9981398],[-74.7895548,38.9979598],[-74.789811,38.9977579],[-74.7900425,38.9975781],[-74.7902493,38.9974204],[-74.79039,38.9972182],[-74.790737,38.9970386],[-74.7908283,38.9968807],[-74.7910347,38.9967324],[-74.7910352,38.9965522],[-74.7912918,38.9963409],[-74.7914078,38.9961608],[-74.7916393,38.995981],[-74.7917553,38.995801],[-74.7919868,38.9956212],[-74.7921028,38.9954412],[-74.7923589,38.9952393],[-74.7925904,38.9950595],[-74.7927972,38.9949017],[-74.7929132,38.9947217],[-74.7932253,38.9944866],[-74.7938032,38.9943074],[-74.793929,38.9942144],[-74.7939093,38.9940764],[-74.7940455,38.9938542],[-74.7941615,38.9936741],[-74.7942775,38.9934941],[-74.7944186,38.9932826],[-74.7946747,38.9930806],[-74.7949062,38.9929008],[-74.795113,38.9927431],[-74.795229,38.9925631],[-74.7954851,38.9923612],[-74.7957165,38.9921813],[-74.7959233,38.9920236],[-74.7960393,38.9918436],[-74.7962708,38.9916638],[-74.7963415,38.9915575],[-74.7963622,38.991335],[-74.7966653,38.9910864],[-74.7969903,38.990922],[-74.7970816,38.990764],[-74.797288,38.9906157],[-74.7972885,38.9904355],[-74.7976257,38.9901689],[-74.7982274,38.9899803],[-74.79861,38.9898434],[-74.7985607,38.9897168],[-74.7988172,38.9895055],[-74.7989332,38.9893254],[-74.7991893,38.9891235],[-74.7994426,38.9889285],[-74.7997895,38.9887488],[-74.800021,38.988569],[-74.800346,38.9884046],[-74.8005024,38.9881988],[-74.8010617,38.9880301],[-74.8009704,38.987961],[-74.8010864,38.9877809],[-74.8010788,38.9876508],[-74.8010793,38.9874706],[-74.8010879,38.9872403],[-74.801224,38.987018],[-74.8014302,38.9867586],[-74.802008,38.9865793],[-74.8020338,38.9864787],[-74.8021748,38.9862671],[-74.8024998,38.9860266],[-74.8031931,38.9858475],[-74.8033556,38.9857063],[-74.8035623,38.9855485],[-74.8036532,38.9854],[-74.8038068,38.9851764]]}},{"type":"Feature","properties":{"year":2020,"scene_id":"S2B_MSIL2A_20200922T154859_R054_T18SWJ_20200926T064958","datetime":"2020-09-22T15:48:59.024000Z","cloud_cover_tile_pct":0.23,"cloud_mask_aoi_pct":9.22,"ndwi_threshold":0.162,"tide":{"level_m_msl":1.084,"time":"2020-09-22T15:48:00Z","source":"verified"},"wave":{"height_m":2.59,"dominant_period_s":12.1,"time":"2020-09-22T15:50:00Z","source":"NDBC historical"},"wave_setup_m":0.383,"horizontal_correction_m":32.6,"uncertainty_m":19.9,"image":"/data/scenes/sentinel-20200922T154859.jpg","image_shape":[477,556],"stac_url":"https://planetarycomputer.microsoft.com/api/stac/v1/collections/sentinel-2-l2a/items/S2B_MSIL2A_20200922T154859_R054_T18SWJ_20200926T064958","high_tide":{"time":"2020-09-22T17:17:00Z","level_m_msl":1.058,"source":"NOAA predicted high tide","image_offset_minutes":-88.0},"geometry_p90_deviation_m":103.3,"geometry_max_deviation_m":143.7,"geometry_kind":"corrected"},"geometry":{"type":"LineString","coordinates":[[-74.7872413,39.0059006],[-74.7871841,39.0057203],[-74.7871269,39.0055399],[-74.7870696,39.0053596],[-74.7870124,39.0051793],[-74.786947,39.0049641],[-74.7870544,39.0049554],[-74.786593,39.0047743],[-74.7864949,39.0044574],[-74.7863799,39.004277],[-74.7863805,39.0040968],[-74.7862939,39.0039765],[-74.7861506,39.0037359],[-74.7861401,39.0034844],[-74.7861517,39.0033754],[-74.7861005,39.0033001],[-74.78587,39.0031195],[-74.7856914,39.0028339],[-74.7858215,39.0028121],[-74.7852446,39.0026308],[-74.7852465,39.0019917],[-74.7858245,39.0018126],[-74.785683,39.0018615],[-74.785695,39.00161],[-74.7858398,39.0013699],[-74.7859558,39.0011899],[-74.7860431,39.00107],[-74.7860437,39.0008898],[-74.7861884,39.0006497],[-74.7865018,39.0003286],[-74.7875528,39.000147],[-74.7875758,39.0001115],[-74.7875764,38.9999313],[-74.7878786,38.9996753],[-74.7880394,38.9995717],[-74.7880399,38.9993915],[-74.7882714,38.9992117],[-74.788272,38.9990314],[-74.7885742,38.9987754],[-74.788735,38.9986718],[-74.7886953,38.9986229],[-74.7886959,38.9984427],[-74.7887366,38.9981311],[-74.7889681,38.9979513],[-74.7889285,38.9979024],[-74.7890974,38.9974781],[-74.7898599,38.9972709],[-74.7901957,38.9971563],[-74.7901255,38.9970523],[-74.7904278,38.9967963],[-74.7905885,38.9966927],[-74.7905489,38.9966438],[-74.7905494,38.9964635],[-74.7905901,38.996152],[-74.7910058,38.9958354],[-74.7917992,38.9956623],[-74.7918483,38.9955155],[-74.7922796,38.9953577],[-74.7921807,38.9953138],[-74.7922967,38.9951338],[-74.7922973,38.9949536],[-74.7924776,38.9946687],[-74.7926734,38.9945337],[-74.7926739,38.9943534],[-74.7931027,38.9940326],[-74.7939985,38.9938639],[-74.7937901,38.9939461],[-74.7938021,38.9936947],[-74.7939468,38.9934546],[-74.7940341,38.9933346],[-74.7940232,38.9932256],[-74.7940351,38.9929742],[-74.7941511,38.9927941],[-74.7941517,38.9926139],[-74.7942676,38.9924339],[-74.7942682,38.9922537],[-74.7944485,38.9919687],[-74.7947946,38.9917103],[-74.7953725,38.9915311],[-74.7956801,38.9913257],[-74.7969645,38.9911446],[-74.7972885,38.9910194],[-74.797274,38.9909973],[-74.7972631,38.9908884],[-74.7972636,38.9907081],[-74.7972641,38.9905279],[-74.7973755,38.9901401],[-74.7978379,38.9899607],[-74.7977676,38.9898567],[-74.7981273,38.989564],[-74.7985322,38.9894212],[-74.798462,38.9893172],[-74.7987291,38.9890926],[-74.7988094,38.9889574],[-74.7989254,38.9887773],[-74.7992101,38.9884662],[-74.8000004,38.988295],[-74.7998105,38.9883696],[-74.799811,38.9881893],[-74.7999224,38.9878016],[-74.8004422,38.9875855],[-74.8006473,38.9874207],[-74.8009941,38.987241],[-74.801274,38.9870356],[-74.8018703,38.9868487],[-74.8021192,38.9867239],[-74.8021644,38.9866201],[-74.8022517,38.9865002],[-74.8023166,38.9862151],[-74.802812,38.9859435],[-74.8034493,38.9857883],[-74.8032814,38.9858523],[-74.8032849,38.9856356],[-74.8033516,38.9854207],[-74.8034227,38.9852087],[-74.8035545,38.9850005]]}},{"type":"Feature","properties":{"year":2020,"scene_id":"S2A_MSIL2A_20201007T155141_R054_T18SWJ_20201010T080603","datetime":"2020-10-07T15:51:41.024000Z","cloud_cover_tile_pct":0.22,"cloud_mask_aoi_pct":8.8,"ndwi_threshold":0.22,"tide":{"level_m_msl":0.836,"time":"2020-10-07T15:54:00Z","source":"verified"},"wave":{"height_m":1.13,"dominant_period_s":4.8,"time":"2020-10-07T15:50:00Z","source":"NDBC historical"},"wave_setup_m":0.1,"horizontal_correction_m":20.8,"uncertainty_m":17.7,"image":"/data/scenes/sentinel-20201007T155141.jpg","image_shape":[477,556],"stac_url":"https://planetarycomputer.microsoft.com/api/stac/v1/collections/sentinel-2-l2a/items/S2A_MSIL2A_20201007T155141_R054_T18SWJ_20201010T080603","high_tide":{"time":"2020-10-07T16:39:00Z","level_m_msl":0.811,"source":"NOAA predicted high tide","image_offset_minutes":-47.3},"geometry_p90_deviation_m":43.2,"geometry_max_deviation_m":52.9,"geometry_kind":"corrected"},"geometry":{"type":"LineString","coordinates":[[-74.786565,39.0058736],[-74.7865026,39.005671],[-74.7865013,39.0054675],[-74.7865019,39.0052873],[-74.7865024,39.0051071],[-74.786503,39.0049269],[-74.7865035,39.0047466],[-74.7865041,39.0045664],[-74.7865046,39.0043862],[-74.7865051,39.004206],[-74.7865057,39.0040257],[-74.7865062,39.0038455],[-74.7865068,39.0036653],[-74.7865143,39.0035306],[-74.7863994,39.0033501],[-74.7863929,39.0031244],[-74.7863934,39.0029442],[-74.786394,39.0027639],[-74.7863945,39.0025837],[-74.7863951,39.0024035],[-74.7863956,39.0022233],[-74.7863962,39.002043],[-74.7863967,39.0018628],[-74.7863972,39.0016826],[-74.7864051,39.0014569],[-74.7865622,39.0012099],[-74.7867937,39.0010301],[-74.7869321,39.0008301],[-74.7872791,39.0006505],[-74.78735,39.0005191],[-74.7874888,39.0003105],[-74.7877427,39.0001106],[-74.7880109,38.9999075],[-74.7884367,38.9997514],[-74.7883737,38.9996582],[-74.7885532,38.9993912],[-74.7889002,38.9992116],[-74.7889711,38.9990802],[-74.7891098,38.9988716],[-74.7893413,38.9986918],[-74.7894346,38.9985404],[-74.7895506,38.9983604],[-74.7897118,38.9981317],[-74.7900587,38.9979521],[-74.7901524,38.9977921],[-74.7903839,38.9976123],[-74.7904999,38.9974323],[-74.7907314,38.9972525],[-74.7908474,38.9970725],[-74.7910789,38.9968927],[-74.7911721,38.9967412],[-74.7912881,38.9965612],[-74.7914269,38.9963526],[-74.7916808,38.9961527],[-74.7919122,38.9959729],[-74.7921437,38.9957931],[-74.7923528,38.9956333],[-74.792446,38.9954819],[-74.7926072,38.9952533],[-74.792974,38.9950599],[-74.7932364,38.9948637],[-74.7937834,38.9947008],[-74.7937417,38.9945544],[-74.7940886,38.9943748],[-74.7940408,38.994307],[-74.7940413,38.9941268],[-74.7940491,38.9939011],[-74.7941834,38.9936827],[-74.7943222,38.9934741],[-74.794576,38.9932742],[-74.7948273,38.9930806],[-74.7951743,38.992901],[-74.7953635,38.992755],[-74.7954795,38.992575],[-74.7957333,38.9923751],[-74.7959424,38.9922154],[-74.7960356,38.9920639],[-74.7961968,38.9918353],[-74.7965635,38.9916418],[-74.7967528,38.9914959],[-74.7968688,38.9913158],[-74.7971226,38.991116],[-74.7973317,38.9909562],[-74.7974249,38.9908048],[-74.7975636,38.9905961],[-74.7978373,38.9903825],[-74.798142,38.9902367],[-74.7981425,38.9900565],[-74.7985316,38.989843],[-74.7987433,38.989677],[-74.7989523,38.9895172],[-74.7990455,38.9893658],[-74.7992066,38.9891371],[-74.7995734,38.9889436],[-74.7998048,38.9887638],[-74.8002043,38.9885593],[-74.800876,38.9883888],[-74.8009188,38.988259],[-74.8011502,38.9880791],[-74.8012434,38.9879277],[-74.8013594,38.9877477],[-74.8014754,38.9875676],[-74.8016365,38.987339],[-74.8020032,38.9871455],[-74.8021696,38.9870281],[-74.8021518,38.9868863],[-74.8023313,38.9866192],[-74.8026781,38.9864396],[-74.8027941,38.9862596],[-74.8031918,38.9860498],[-74.8036232,38.9858867],[-74.8036741,38.9857691],[-74.8037718,38.9856274],[-74.803765,38.9854927],[-74.8038139,38.9852]]}},{"type":"Feature","properties":{"year":2021,"scene_id":"S2A_MSIL2A_20210303T154141_R011_T18SWJ_20210304T040452","datetime":"2021-03-03T15:41:41.024000Z","cloud_cover_tile_pct":0.17,"cloud_mask_aoi_pct":2.06,"ndwi_threshold":0.207,"tide":{"level_m_msl":0.4,"time":"2021-03-03T15:42:00Z","source":"verified"},"wave":{"height_m":0.79,"dominant_period_s":3.7,"time":"2021-03-03T15:50:00Z","source":"NDBC historical"},"wave_setup_m":0.065,"horizontal_correction_m":10.3,"uncertainty_m":15.9,"image":"/data/scenes/sentinel-20210303T154141.jpg","image_shape":[477,556],"stac_url":"https://planetarycomputer.microsoft.com/api/stac/v1/collections/sentinel-2-l2a/items/S2A_MSIL2A_20210303T154141_R011_T18SWJ_20210304T040452","high_tide":{"time":"2021-03-03T16:30:00Z","level_m_msl":0.722,"source":"NOAA predicted high tide","image_offset_minutes":-48.3},"geometry_p90_deviation_m":37.4,"geometry_max_deviation_m":55.4,"geometry_kind":"corrected"},"geometry":{"type":"LineString","coordinates":[[-74.7865058,39.005828],[-74.7865073,39.0056362],[-74.7865683,39.0054451],[-74.7866239,39.005276],[-74.7866235,39.0051073],[-74.786624,39.0049271],[-74.7866246,39.0047469],[-74.7866251,39.0045666],[-74.7866257,39.0043864],[-74.7866262,39.0042062],[-74.7866302,39.0040485],[-74.7865153,39.0038681],[-74.7865123,39.0036653],[-74.7865129,39.0034851],[-74.7865134,39.0033048],[-74.786514,39.0031246],[-74.7865145,39.0029444],[-74.786515,39.0027642],[-74.7865191,39.0026065],[-74.7864041,39.0024261],[-74.7864012,39.0022233],[-74.7864144,39.0020015],[-74.7866459,39.0018217],[-74.7866338,39.001683],[-74.7866343,39.0015028],[-74.7866349,39.0013226],[-74.7866481,39.0011008],[-74.7868796,39.0009209],[-74.7868802,39.0007407],[-74.7871341,39.0005368],[-74.7873545,39.0003669],[-74.7874592,39.0002011],[-74.7875661,39.0000401],[-74.7876164,38.9998051],[-74.7883168,38.9996228],[-74.7883852,38.9994819],[-74.7884922,38.9993209],[-74.7885131,38.9991074],[-74.7888712,38.9989179],[-74.7889761,38.9987478],[-74.7892187,38.9985581],[-74.7894502,38.9983783],[-74.7896593,38.9982226],[-74.7896822,38.9980182],[-74.7901545,38.997832],[-74.7902383,38.997683],[-74.7903543,38.9975029],[-74.7904816,38.9973087],[-74.7907242,38.997119],[-74.7909446,38.9969491],[-74.7910606,38.9967691],[-74.7912808,38.9966035],[-74.7912926,38.996409],[-74.7916507,38.9962195],[-74.7917443,38.9960636],[-74.7918603,38.9958836],[-74.7920085,38.9956726],[-74.7924611,38.9955],[-74.7924392,38.9953439],[-74.792703,38.9951331],[-74.7930401,38.9949604],[-74.7931337,38.9948045],[-74.793261,38.9946103],[-74.7935035,38.9944205],[-74.7937126,38.9942648],[-74.7937041,38.9941036],[-74.7938515,38.9938804],[-74.7942083,38.993694],[-74.7944188,38.993531],[-74.7945459,38.993341],[-74.7948929,38.9931614],[-74.7949865,38.9930055],[-74.7950934,38.9928445],[-74.7950903,38.9926868],[-74.7951259,38.9924409],[-74.7955883,38.9922614],[-74.7955664,38.9921054],[-74.7957979,38.9919255],[-74.7958097,38.9917311],[-74.7961929,38.9915266],[-74.79664,38.9913553],[-74.7967237,38.9912063],[-74.7968621,38.9910021],[-74.797209,38.9908225],[-74.7973139,38.9906524],[-74.7975341,38.9904868],[-74.7975459,38.9902923],[-74.7978928,38.9901127],[-74.797882,38.9899467],[-74.7981247,38.9897527],[-74.7982617,38.9895558],[-74.7987324,38.9893717],[-74.7989639,38.9891918],[-74.7994179,38.9890171],[-74.799524,38.988844],[-74.7998807,38.9886575],[-74.8000799,38.9885086],[-74.8001339,38.9882869],[-74.801063,38.9881064],[-74.8011115,38.9879888],[-74.8011324,38.9877753],[-74.8014904,38.9875857],[-74.8015749,38.9874489],[-74.8015845,38.9872496],[-74.8018482,38.9870388],[-74.8021951,38.9868592],[-74.8024166,38.9866862],[-74.8026579,38.9864995],[-74.802995,38.9863267],[-74.8031109,38.9861467],[-74.8034578,38.985967],[-74.8035514,38.9858111],[-74.8036623,38.98564],[-74.8037165,38.98547],[-74.8037747,38.9852899],[-74.8038329,38.9851097]]}},{"type":"Feature","properties":{"year":2021,"scene_id":"S2A_MSIL2A_20210515T154911_R054_T18SWJ_20210517T144945","datetime":"2021-05-15T15:49:11.024000Z","cloud_cover_tile_pct":8.35,"cloud_mask_aoi_pct":3.41,"ndwi_threshold":-0.02,"tide":{"level_m_msl":0.485,"time":"2021-05-15T15:48:00Z","source":"verified"},"wave":{"height_m":0.54,"dominant_period_s":7.1,"time":"2021-05-15T15:50:00Z","source":"NDBC historical"},"wave_setup_m":0.103,"horizontal_correction_m":13.1,"uncertainty_m":16.4,"image":"/data/scenes/sentinel-20210515T154911.jpg","image_shape":[477,556],"stac_url":"https://planetarycomputer.microsoft.com/api/stac/v1/collections/sentinel-2-l2a/items/S2A_MSIL2A_20210515T154911_R054_T18SWJ_20210517T144945","high_tide":{"time":"2021-05-15T15:47:00Z","level_m_msl":0.459,"source":"NOAA predicted high tide","image_offset_minutes":2.2},"geometry_p90_deviation_m":42.8,"geometry_max_deviation_m":58.6,"geometry_kind":"corrected"},"geometry":{"type":"LineString","coordinates":[[-74.7867674,39.005857],[-74.7867069,39.0056627],[-74.7867063,39.0054679],[-74.7867069,39.0052877],[-74.7867074,39.0051075],[-74.786708,39.0049272],[-74.7867243,39.0047997],[-74.786508,39.004637],[-74.7863675,39.0044145],[-74.7863637,39.0042057],[-74.7863642,39.0040255],[-74.7863647,39.0038453],[-74.7863653,39.003665],[-74.7863658,39.0034848],[-74.786371,39.003276],[-74.7864985,39.003072],[-74.786603,39.002916],[-74.786599,39.0027643],[-74.7865995,39.0025841],[-74.7866001,39.0024039],[-74.7866006,39.0022236],[-74.7866057,39.0020149],[-74.7867218,39.0018349],[-74.7867177,39.0016832],[-74.7867182,39.001503],[-74.7867188,39.0013227],[-74.7867239,39.001114],[-74.7868514,39.0009099],[-74.7869675,39.0007299],[-74.7870835,39.0005499],[-74.7871995,39.0003698],[-74.7873155,39.0001898],[-74.7874599,38.9999793],[-74.7877928,38.9998123],[-74.7877791,38.99965],[-74.7880106,38.9994702],[-74.7880111,38.99929],[-74.788271,38.9990796],[-74.7885025,38.9988998],[-74.7887199,38.9987326],[-74.7888359,38.9985526],[-74.7890939,38.9983515],[-74.7894285,38.9981806],[-74.7895304,38.9980131],[-74.789776,38.9978208],[-74.7899934,38.9976535],[-74.7900951,38.9974915],[-74.7902254,38.9972935],[-74.790471,38.9971011],[-74.7907025,38.9969213],[-74.790934,38.9967415],[-74.7911654,38.9965617],[-74.7913969,38.9963818],[-74.7916284,38.996202],[-74.7918458,38.9960348],[-74.7919476,38.9958727],[-74.7920636,38.9956927],[-74.7922079,38.9954822],[-74.7925549,38.9953025],[-74.7926568,38.9951351],[-74.7929023,38.9949427],[-74.7931198,38.9947755],[-74.7932215,38.9946134],[-74.7933658,38.9944028],[-74.7937252,38.9942146],[-74.7939302,38.994056],[-74.7940727,38.9938547],[-74.7945457,38.9936693],[-74.7947258,38.9935347],[-74.7947148,38.9933785],[-74.7948566,38.9931565],[-74.7951021,38.9929641],[-74.7953195,38.9927969],[-74.7954355,38.9926168],[-74.795667,38.992437],[-74.795783,38.992257],[-74.7960144,38.9920772],[-74.7961304,38.9918971],[-74.7963759,38.9917047],[-74.796579,38.9915554],[-74.7965795,38.9913752],[-74.7968393,38.9911649],[-74.7970708,38.990985],[-74.7972882,38.9908178],[-74.7973899,38.9906557],[-74.7975202,38.9904577],[-74.7977656,38.9902653],[-74.7979831,38.9900981],[-74.7981361,38.9898908],[-74.7987228,38.9897073],[-74.7989224,38.9895464],[-74.7991398,38.9893792],[-74.7992557,38.9891991],[-74.7994872,38.9890193],[-74.7996032,38.9888393],[-74.7998486,38.9886469],[-74.8001031,38.9884524],[-74.8005424,38.9882876],[-74.8005429,38.9881074],[-74.8010283,38.9879133],[-74.8012084,38.9877787],[-74.8012232,38.9875805],[-74.8015966,38.9873796],[-74.801828,38.9871998],[-74.8021625,38.9870288],[-74.8023103,38.9868298],[-74.8030171,38.9866454],[-74.8033416,38.9864754],[-74.8036779,38.9863018],[-74.8039093,38.9861219],[-74.8042562,38.9859423],[-74.8044752,38.9857711],[-74.8046926,38.9856038],[-74.8047942,38.9854418],[-74.8049102,38.9852617],[-74.8050261,38.9850817]]}},{"type":"Feature","properties":{"year":2021,"scene_id":"S2A_MSIL2A_20210810T153911_R011_T18SWJ_20210812T160056","datetime":"2021-08-10T15:39:11.024000Z","cloud_cover_tile_pct":10.64,"cloud_mask_aoi_pct":6.12,"ndwi_threshold":0.192,"tide":{"level_m_msl":0.749,"time":"2021-08-10T15:42:00Z","source":"verified"},"wave":{"height_m":0.62,"dominant_period_s":3.9,"time":"2021-08-10T15:40:00Z","source":"NDBC historical"},"wave_setup_m":0.06,"horizontal_correction_m":18.0,"uncertainty_m":17.2,"image":"/data/scenes/sentinel-20210810T153911.jpg","image_shape":[477,556],"stac_url":"https://planetarycomputer.microsoft.com/api/stac/v1/collections/sentinel-2-l2a/items/S2A_MSIL2A_20210810T153911_R011_T18SWJ_20210812T160056","high_tide":{"time":"2021-08-10T14:39:00Z","level_m_msl":0.721,"source":"NOAA predicted high tide","image_offset_minutes":60.2},"geometry_p90_deviation_m":92.1,"geometry_max_deviation_m":118.3,"geometry_kind":"corrected"},"geometry":{"type":"LineString","coordinates":[[-74.7868277,39.0058679],[-74.7867659,39.0056684],[-74.7867649,39.005468],[-74.786767,39.0053079],[-74.7867143,39.0051468],[-74.7866526,39.0049472],[-74.786766,39.0048921],[-74.7858426,39.0047102],[-74.7857348,39.0044241],[-74.7856199,39.0042437],[-74.7856143,39.0040241],[-74.7856149,39.0038439],[-74.7856154,39.0036637],[-74.785616,39.0034834],[-74.7856165,39.0033032],[-74.7856171,39.003123],[-74.7856176,39.0029427],[-74.7856182,39.0027625],[-74.785625,39.002543],[-74.7857569,39.0023298],[-74.7858571,39.002183],[-74.7858513,39.002042],[-74.7858582,39.0018225],[-74.7859742,39.0016425],[-74.7859906,39.0014291],[-74.7862418,39.0012246],[-74.7863578,39.0010446],[-74.7865893,39.0008648],[-74.7867053,39.0006848],[-74.7869562,39.0004876],[-74.7871684,39.0003252],[-74.7872844,39.0001451],[-74.787567,38.9999278],[-74.7880149,38.9997567],[-74.7880944,38.9996059],[-74.7883062,38.9994509],[-74.7882909,38.9993038],[-74.7884228,38.9990906],[-74.7885388,38.9989106],[-74.7886745,38.9987059],[-74.7889253,38.9985087],[-74.7891568,38.9983289],[-74.789369,38.9981664],[-74.789485,38.9979864],[-74.7897165,38.9978066],[-74.7898325,38.9976266],[-74.790064,38.9974468],[-74.7901993,38.9972494],[-74.7905635,38.9970579],[-74.7907585,38.9969073],[-74.7908745,38.9967273],[-74.7911059,38.9965475],[-74.7912023,38.9963922],[-74.7913183,38.9962122],[-74.791454,38.9960075],[-74.7916855,38.9958276],[-74.7918015,38.9956476],[-74.7920329,38.9954678],[-74.7921489,38.9952878],[-74.7923804,38.995108],[-74.7924964,38.9949279],[-74.7927472,38.9947308],[-74.7929787,38.994551],[-74.7932102,38.9943712],[-74.7934026,38.9942334],[-74.7934228,38.9940285],[-74.7938063,38.9938196],[-74.7940013,38.993669],[-74.7941173,38.993489],[-74.7943487,38.9933092],[-74.7944647,38.9931292],[-74.7947155,38.992932],[-74.7949276,38.9927695],[-74.7950436,38.9925895],[-74.7952944,38.9923923],[-74.7955259,38.9922125],[-74.7957574,38.9920327],[-74.7959888,38.9918529],[-74.7962203,38.9916731],[-74.7964324,38.9915106],[-74.7965484,38.9913305],[-74.7967798,38.9911507],[-74.7968761,38.9909954],[-74.7970118,38.9907907],[-74.7972433,38.9906108],[-74.7973786,38.9904135],[-74.7977427,38.9902219],[-74.7979569,38.990054],[-74.7981884,38.9898742],[-74.7984005,38.9897117],[-74.7985165,38.9895317],[-74.7987673,38.9893345],[-74.7989987,38.9891547],[-74.7992301,38.9889749],[-74.7994787,38.9887831],[-74.7998085,38.9886154],[-74.7999051,38.9884527],[-74.8001559,38.9882556],[-74.8004312,38.9880497],[-74.8009823,38.9878846],[-74.8009266,38.9877583],[-74.8012288,38.9875162],[-74.8016595,38.987357],[-74.8016209,38.9872188],[-74.8018914,38.9869969],[-74.80214,38.9868052],[-74.8024868,38.9866255],[-74.8027183,38.9864457],[-74.8030652,38.986266],[-74.8033335,38.9860679],[-74.8040044,38.9858989],[-74.803912,38.9858534],[-74.8039189,38.9856338],[-74.8040506,38.9854206],[-74.8041863,38.9852159],[-74.804437,38.9850187]]}},{"type":"Feature","properties":{"year":2021,"scene_id":"S2B_MSIL2A_20210825T153809_R011_T18SWJ_20210826T034534","datetime":"2021-08-25T15:38:09.024000Z","cloud_cover_tile_pct":0.09,"cloud_mask_aoi_pct":8.05,"ndwi_threshold":0.22,"tide":{"level_m_msl":0.953,"time":"2021-08-25T15:36:00Z","source":"verified"},"wave":{"height_m":0.65,"dominant_period_s":6.2,"time":"2021-08-25T15:40:00Z","source":"NDBC historical"},"wave_setup_m":0.098,"horizontal_correction_m":23.4,"uncertainty_m":18.2,"image":"/data/scenes/sentinel-20210825T153809.jpg","image_shape":[477,556],"stac_url":"https://planetarycomputer.microsoft.com/api/stac/v1/collections/sentinel-2-l2a/items/S2B_MSIL2A_20210825T153809_R011_T18SWJ_20210826T034534","high_tide":{"time":"2021-08-25T15:24:00Z","level_m_msl":0.806,"source":"NOAA predicted high tide","image_offset_minutes":14.2},"geometry_p90_deviation_m":61.8,"geometry_max_deviation_m":93.6,"geometry_kind":"corrected"},"geometry":{"type":"LineString","coordinates":[[-74.7868829,39.0058798],[-74.7868198,39.0056745],[-74.7868183,39.0054681],[-74.7868209,39.005314],[-74.7867696,39.0051586],[-74.7867065,39.0049534],[-74.7867586,39.0048734],[-74.7864787,39.0047415],[-74.7860917,39.0045343],[-74.7859061,39.0042559],[-74.7858987,39.0040246],[-74.7858993,39.0038444],[-74.7858998,39.0036642],[-74.7859004,39.0034839],[-74.7859009,39.0033037],[-74.7859014,39.0031235],[-74.7859102,39.0028922],[-74.7860262,39.0027122],[-74.7860186,39.002583],[-74.7860191,39.0024028],[-74.7860196,39.0022226],[-74.7860202,39.0020424],[-74.7860207,39.0018621],[-74.7860213,39.0016819],[-74.7860506,39.0014076],[-74.7863077,39.0011957],[-74.7864237,39.0010156],[-74.7866803,39.0008133],[-74.7869119,39.0006335],[-74.7871182,39.0004762],[-74.7872087,39.0003283],[-74.7873503,39.0001162],[-74.7875818,38.9999364],[-74.7877229,38.9997339],[-74.7880699,38.9995543],[-74.7881352,38.9994289],[-74.7882768,38.9992167],[-74.7885335,38.9990144],[-74.7887398,38.9988571],[-74.7888559,38.9986771],[-74.7890874,38.9984973],[-74.7892034,38.9983173],[-74.78946,38.998115],[-74.7896664,38.9979577],[-74.7897824,38.9977777],[-74.7900139,38.9975978],[-74.7901299,38.9974178],[-74.7903614,38.997238],[-74.7904774,38.997058],[-74.7906833,38.9969103],[-74.7907094,38.996698],[-74.7911038,38.9964804],[-74.7912879,38.9963385],[-74.7913783,38.9961906],[-74.7915199,38.9959785],[-74.7917513,38.9957987],[-74.7918674,38.9956187],[-74.7920988,38.9954389],[-74.7921687,38.995334],[-74.7922405,38.9950561],[-74.7927252,38.9948612],[-74.7927938,38.9947192],[-74.7930253,38.9945394],[-74.7931413,38.9943593],[-74.7933979,38.994157],[-74.7936293,38.9939772],[-74.7938608,38.9937974],[-74.7940923,38.9936176],[-74.7943237,38.9934377],[-74.7945552,38.9932579],[-74.7947867,38.9930781],[-74.794993,38.9929208],[-74.795109,38.9927408],[-74.7953405,38.9925609],[-74.7954565,38.9923809],[-74.7956879,38.9922011],[-74.7958039,38.9920211],[-74.7960605,38.9918188],[-74.7962668,38.9916614],[-74.7963828,38.9914814],[-74.7966394,38.9912791],[-74.7968457,38.9911218],[-74.7969361,38.9909739],[-74.7970777,38.9907617],[-74.7973343,38.9905594],[-74.7975657,38.9903796],[-74.7977972,38.9901997],[-74.7980286,38.9900199],[-74.7982349,38.9898626],[-74.7983509,38.9896826],[-74.7985824,38.9895027],[-74.7986522,38.9893979],[-74.7987462,38.9891045],[-74.7993588,38.9889069],[-74.7995555,38.9887454],[-74.7999024,38.9885658],[-74.8000609,38.9884561],[-74.8001121,38.9882212],[-74.8006157,38.9880155],[-74.8008059,38.987862],[-74.8010122,38.9877046],[-74.8011026,38.9875567],[-74.8013105,38.9872958],[-74.8019041,38.987109],[-74.8021008,38.9869475],[-74.8024477,38.9867678],[-74.8026568,38.9866035],[-74.8029105,38.9864082],[-74.8032574,38.9862285],[-74.8034888,38.9860487],[-74.803825,38.9858761],[-74.803962,38.9857271],[-74.8041101,38.9855793],[-74.8041478,38.9854422],[-74.8042152,38.9852393],[-74.8043425,38.985039]]}},{"type":"Feature","properties":{"year":2021,"scene_id":"S2B_MSIL2A_20211123T154549_R011_T18SWJ_20211124T005707","datetime":"2021-11-23T15:45:49.024000Z","cloud_cover_tile_pct":3.02,"cloud_mask_aoi_pct":9.84,"ndwi_threshold":0.22,"tide":{"level_m_msl":1.047,"time":"2021-11-23T15:48:00Z","source":"verified"},"wave":{"height_m":2.09,"dominant_period_s":6.2,"time":"2021-11-23T15:40:00Z","source":"NDBC historical"},"wave_setup_m":0.176,"horizontal_correction_m":27.2,"uncertainty_m":18.9,"image":"/data/scenes/sentinel-20211123T154549.jpg","image_shape":[477,556],"stac_url":"https://planetarycomputer.microsoft.com/api/stac/v1/collections/sentinel-2-l2a/items/S2B_MSIL2A_20211123T154549_R011_T18SWJ_20211124T005707","high_tide":{"time":"2021-11-23T15:42:00Z","level_m_msl":0.797,"source":"NOAA predicted high tide","image_offset_minutes":3.8},"geometry_p90_deviation_m":53.8,"geometry_max_deviation_m":62.7,"geometry_kind":"corrected"},"geometry":{"type":"LineString","coordinates":[[-74.7867731,39.0058285],[-74.786776,39.0056787],[-74.7867256,39.0055274],[-74.7866616,39.005318],[-74.7866598,39.0051074],[-74.7866603,39.0049272],[-74.78667,39.0048064],[-74.7865787,39.0046761],[-74.7864638,39.0044957],[-74.7863252,39.0042651],[-74.7863165,39.0040254],[-74.7863171,39.0038452],[-74.7863268,39.0037244],[-74.7862119,39.0035439],[-74.7862032,39.0033043],[-74.7862133,39.0030647],[-74.7863198,39.002944],[-74.786214,39.002823],[-74.7862054,39.0025834],[-74.7862059,39.0024031],[-74.7862065,39.0022229],[-74.786207,39.0020427],[-74.7862171,39.0018031],[-74.7863331,39.0016231],[-74.7863337,39.0014428],[-74.7864497,39.0012628],[-74.7864407,39.001142],[-74.7864508,39.0009024],[-74.7866497,39.0006087],[-74.7870227,39.0004111],[-74.7872542,39.0002313],[-74.7875752,39.0000697],[-74.787662,38.9999159],[-74.7878935,38.9997361],[-74.7880388,38.9995299],[-74.7883565,38.9993765],[-74.7883571,38.9991962],[-74.7887333,38.9989904],[-74.7888201,38.9988366],[-74.7890516,38.9986568],[-74.7891676,38.9984768],[-74.7894283,38.9982708],[-74.7896598,38.998091],[-74.7898621,38.9979374],[-74.7899781,38.9977573],[-74.7902096,38.9975775],[-74.7903256,38.9973975],[-74.7906122,38.9971735],[-74.7909333,38.9970119],[-74.7909903,38.9968955],[-74.7911361,38.9966781],[-74.7913675,38.9964982],[-74.7914299,38.9964057],[-74.7914543,38.9961754],[-74.7917448,38.995932],[-74.7919173,38.9958157],[-74.7919178,38.9956355],[-74.7921791,38.9954183],[-74.7922653,38.9952757],[-74.7924403,38.9950321],[-74.7927873,38.9948525],[-74.792874,38.9946987],[-74.7931055,38.9945188],[-74.7932215,38.9943388],[-74.7935081,38.9941148],[-74.7938291,38.9939532],[-74.7938622,38.9938868],[-74.7938532,38.993766],[-74.7938633,38.9935264],[-74.7941285,38.9931933],[-74.7948373,38.993008],[-74.794987,38.9928739],[-74.7952185,38.9926941],[-74.7954207,38.9925404],[-74.7955069,38.9923978],[-74.795599,38.9922679],[-74.7956532,38.9920001],[-74.7960294,38.9917943],[-74.7961161,38.9916405],[-74.7963476,38.9914607],[-74.7964338,38.991318],[-74.7965498,38.991138],[-74.7966955,38.9909206],[-74.796927,38.9907408],[-74.797043,38.9905608],[-74.7973516,38.9903242],[-74.797814,38.9901448],[-74.7979385,38.9900591],[-74.7979151,38.9899289],[-74.7981399,38.9896172],[-74.7985763,38.9894558],[-74.7985179,38.9893392],[-74.7988083,38.9890958],[-74.7991061,38.9888766],[-74.7996839,38.9886973],[-74.799849,38.9885569],[-74.8000805,38.988377],[-74.8003598,38.9881667],[-74.8007743,38.9880178],[-74.8006823,38.9880106],[-74.8006924,38.987771],[-74.8008912,38.9874773],[-74.8013198,38.9872519],[-74.8018977,38.9870727],[-74.8021336,38.986965],[-74.8020805,38.9868722],[-74.8022501,38.9866047],[-74.8025586,38.9863681],[-74.8029731,38.9862192],[-74.8028812,38.9862121],[-74.8029598,38.9858707],[-74.803445,38.9856399],[-74.8038207,38.9854748],[-74.8040147,38.9853198],[-74.8042318,38.9851519]]}},{"type":"Feature","properties":{"year":2021,"scene_id":"S2B_MSIL2A_20211223T154649_R011_T18SWJ_20211224T110418","datetime":"2021-12-23T15:46:49.024000Z","cloud_cover_tile_pct":0.13,"cloud_mask_aoi_pct":10.63,"ndwi_threshold":0.22,"tide":{"level_m_msl":0.925,"time":"2021-12-23T15:48:00Z","source":"verified"},"wave":{"height_m":1.3,"dominant_period_s":5.3,"time":"2021-12-23T15:40:00Z","source":"NDBC historical"},"wave_setup_m":0.119,"horizontal_correction_m":23.2,"uncertainty_m":18.2,"image":"/data/scenes/sentinel-20211223T154649.jpg","image_shape":[477,556],"stac_url":"https://planetarycomputer.microsoft.com/api/stac/v1/collections/sentinel-2-l2a/items/S2B_MSIL2A_20211223T154649_R011_T18SWJ_20211224T110418","high_tide":{"time":"2021-12-23T16:00:00Z","level_m_msl":0.744,"source":"NOAA predicted high tide","image_offset_minutes":-13.2},"geometry_p90_deviation_m":84.9,"geometry_max_deviation_m":103.8,"geometry_kind":"corrected"},"geometry":{"type":"LineString","coordinates":[[-74.7865882,39.0058282],[-74.7865907,39.0056739],[-74.7865393,39.0055183],[-74.7864911,39.0053607],[-74.7863874,39.0052004],[-74.7862976,39.0050519],[-74.7860672,39.0048713],[-74.785927,39.0046588],[-74.7857919,39.0044356],[-74.7857846,39.0042046],[-74.7857851,39.0040244],[-74.7857857,39.0038442],[-74.7857862,39.003664],[-74.7857868,39.0034837],[-74.7857873,39.0033035],[-74.7857879,39.0031233],[-74.7857884,39.0029431],[-74.785789,39.0027628],[-74.7857895,39.0025826],[-74.78579,39.0024024],[-74.7857906,39.0022222],[-74.7857993,39.0019912],[-74.7859357,39.0017685],[-74.7860518,39.0015885],[-74.7861474,39.0014512],[-74.7861937,39.0011963],[-74.7865407,39.0010167],[-74.7865159,39.0008684],[-74.7867728,39.0006567],[-74.7868634,39.0005086],[-74.786959,39.0003713],[-74.78698,39.0001484],[-74.7872839,38.9998989],[-74.7875839,38.9997571],[-74.7876315,38.9995391],[-74.7882282,38.9993493],[-74.7882784,38.9992176],[-74.7885348,38.9990155],[-74.7887663,38.9988357],[-74.7889475,38.9987101],[-74.7889734,38.998498],[-74.7893862,38.99827],[-74.7896923,38.9981164],[-74.789758,38.9979907],[-74.7898536,38.9978534],[-74.7898541,38.9976732],[-74.7899905,38.9974504],[-74.7902135,38.9971826],[-74.7908912,38.9970111],[-74.7907801,38.9969539],[-74.7908961,38.9967739],[-74.7908966,38.9965937],[-74.791033,38.9963709],[-74.7911744,38.996159],[-74.7914059,38.9959792],[-74.7914761,38.9958738],[-74.7915224,38.9956189],[-74.7919641,38.995378],[-74.7925132,38.9952117],[-74.7925633,38.9950801],[-74.7928419,38.9948626],[-74.7931417,38.9947207],[-74.7931893,38.9945027],[-74.7937672,38.9943235],[-74.7936749,38.9942557],[-74.7938113,38.9940329],[-74.7939069,38.9938956],[-74.7939074,38.9937154],[-74.7940692,38.9934607],[-74.7942753,38.9933128],[-74.7942554,38.9931753],[-74.794483,38.9928723],[-74.7950609,38.9926931],[-74.7950857,38.9925933],[-74.7951813,38.9924561],[-74.7951818,38.9922758],[-74.7953182,38.9920531],[-74.7954595,38.9918411],[-74.795716,38.991639],[-74.7959225,38.9914815],[-74.7960634,38.9912791],[-74.7964103,38.9910995],[-74.7964556,38.9910165],[-74.7965489,38.9907239],[-74.7971854,38.990517],[-74.797608,38.9903546],[-74.7977482,38.990255],[-74.7977487,38.9900748],[-74.7980526,38.9898254],[-74.7983524,38.9896835],[-74.798299,38.9896286],[-74.7983077,38.9893976],[-74.7984237,38.9892176],[-74.7984949,38.9889404],[-74.7990553,38.9887125],[-74.7998358,38.9885431],[-74.7998317,38.9884563],[-74.799998,38.9882221],[-74.8003449,38.9880424],[-74.8004105,38.9879167],[-74.8005061,38.9877794],[-74.8005994,38.9874868],[-74.8012118,38.9872893],[-74.8014087,38.9871277],[-74.8017556,38.9869481],[-74.8019146,38.9868379],[-74.8019654,38.9866034],[-74.8024499,38.9864086],[-74.8025188,38.9862663],[-74.8028317,38.9860305],[-74.8033751,38.9858694],[-74.8032746,38.9858523],[-74.8032751,38.9856721],[-74.8032756,38.9854918],[-74.8032782,38.9852857],[-74.8033424,38.9850808]]}},{"type":"Feature","properties":{"year":2022,"scene_id":"S2A_MSIL2A_20220219T155311_R054_T18SWJ_20220225T143457","datetime":"2022-02-19T15:53:11.024000Z","cloud_cover_tile_pct":0.08,"cloud_mask_aoi_pct":0.75,"ndwi_threshold":0.018,"tide":{"level_m_msl":0.646,"time":"2022-02-19T15:54:00Z","source":"verified"},"wave":{"height_m":0.99,"dominant_period_s":9.1,"time":"2022-02-19T15:40:00Z","source":"NDBC historical"},"wave_setup_m":0.178,"horizontal_correction_m":18.3,"uncertainty_m":17.3,"image":"/data/scenes/sentinel-20220219T155311.jpg","image_shape":[477,556],"stac_url":"https://planetarycomputer.microsoft.com/api/stac/v1/collections/sentinel-2-l2a/items/S2A_MSIL2A_20220219T155311_R054_T18SWJ_20220225T143457","high_tide":{"time":"2022-02-19T15:12:00Z","level_m_msl":0.77,"source":"NOAA predicted high tide","image_offset_minutes":41.2},"geometry_p90_deviation_m":148.5,"geometry_max_deviation_m":180.4,"geometry_kind":"corrected"},"geometry":{"type":"LineString","coordinates":[[-74.7850916,39.0058654],[-74.7850344,39.0056851],[-74.7849772,39.0055048],[-74.7849154,39.0053049],[-74.7849143,39.0051042],[-74.7849149,39.0049239],[-74.7849154,39.0047437],[-74.784916,39.0045635],[-74.7849165,39.0043833],[-74.7849171,39.004203],[-74.7849241,39.0039828],[-74.7850401,39.0038028],[-74.7850406,39.0036226],[-74.7851567,39.0034426],[-74.7851572,39.0032623],[-74.7852894,39.0030486],[-74.7854054,39.0028686],[-74.7855053,39.0027223],[-74.7855059,39.0025421],[-74.7856581,39.0023031],[-74.7858896,39.0021233],[-74.7859856,39.0019685],[-74.7861216,39.0017633],[-74.7863331,39.0016087],[-74.7863175,39.0014622],[-74.7864497,39.0012484],[-74.7865857,39.0010432],[-74.7867972,39.0008886],[-74.7867978,39.0007084],[-74.7870865,39.0004736],[-74.7874335,39.000294],[-74.7876475,39.0001264],[-74.7878593,38.9999642],[-74.7879753,38.9997842],[-74.7882265,38.9995867],[-74.7884183,38.9994497],[-74.7884389,38.9992443],[-74.788823,38.999035],[-74.7890371,38.9988673],[-74.7892686,38.9986875],[-74.7894804,38.9985253],[-74.7895964,38.9983453],[-74.7898476,38.9981478],[-74.7900791,38.997968],[-74.7902708,38.997831],[-74.7902488,38.9977246],[-74.7902558,38.9975043],[-74.7904451,38.9972356],[-74.7909224,38.9970478],[-74.7911019,38.9969062],[-74.7912179,38.9967262],[-74.7914494,38.9965464],[-74.7915851,38.9963487],[-74.791932,38.9961691],[-74.7920083,38.9960319],[-74.7921443,38.9958267],[-74.7923758,38.9956469],[-74.7924918,38.9954668],[-74.7927033,38.9953122],[-74.7927238,38.9951068],[-74.7931079,38.9948974],[-74.7933023,38.9947474],[-74.7933982,38.9945925],[-74.7935343,38.9943873],[-74.7937854,38.9941899],[-74.7939972,38.9940277],[-74.7941132,38.9938477],[-74.7943644,38.9936502],[-74.7945761,38.993488],[-74.7946921,38.993308],[-74.7949236,38.9931282],[-74.7950396,38.9929482],[-74.795271,38.9927684],[-74.795387,38.9925883],[-74.7956382,38.9923909],[-74.7958697,38.992211],[-74.7960814,38.9920489],[-74.7961974,38.9918688],[-74.7964289,38.991689],[-74.7965448,38.991509],[-74.7967563,38.9913543],[-74.7967768,38.9911489],[-74.7971609,38.9909395],[-74.7973552,38.9907895],[-74.7974511,38.9906346],[-74.7975872,38.9904294],[-74.7978383,38.990232],[-74.7980697,38.9900521],[-74.7983012,38.9898723],[-74.7985326,38.9896925],[-74.7987641,38.9895127],[-74.7989955,38.9893328],[-74.7992444,38.9891409],[-74.7996062,38.9889528],[-74.7999382,38.9887816],[-74.8001522,38.9886139],[-74.8003837,38.9884341],[-74.8006151,38.9882543],[-74.8008465,38.9880744],[-74.8010583,38.9879122],[-74.8011742,38.9877322],[-74.8014057,38.9875524],[-74.8015413,38.9873547],[-74.8019057,38.9871629],[-74.8021,38.9870129],[-74.8022159,38.9868328],[-74.802467,38.9866354],[-74.8026985,38.9864555],[-74.8029102,38.9862933],[-74.8030261,38.9861133],[-74.8032576,38.9859335],[-74.8033535,38.9857786],[-74.8034895,38.9855734],[-74.8037406,38.9853759],[-74.8039523,38.9852137],[-74.8040482,38.9850589]]}},{"type":"Feature","properties":{"year":2022,"scene_id":"S2B_MSIL2A_20220221T154149_R011_T18SWJ_20220228T065548","datetime":"2022-02-21T15:41:49.024000Z","cloud_cover_tile_pct":0.01,"cloud_mask_aoi_pct":0.61,"ndwi_threshold":0.012,"tide":{"level_m_msl":0.477,"time":"2022-02-21T15:42:00Z","source":"verified"},"wave":{"height_m":0.61,"dominant_period_s":3.9,"time":"2022-02-21T15:40:00Z","source":"NDBC historical"},"wave_setup_m":0.06,"horizontal_correction_m":11.9,"uncertainty_m":16.1,"image":"/data/scenes/sentinel-20220221T154149.jpg","image_shape":[477,556],"stac_url":"https://planetarycomputer.microsoft.com/api/stac/v1/collections/sentinel-2-l2a/items/S2B_MSIL2A_20220221T154149_R011_T18SWJ_20220228T065548","high_tide":{"time":"2022-02-21T16:37:00Z","level_m_msl":0.621,"source":"NOAA predicted high tide","image_offset_minutes":-55.2},"geometry_p90_deviation_m":132.3,"geometry_max_deviation_m":164.1,"geometry_kind":"corrected"},"geometry":{"type":"LineString","coordinates":[[-74.7852787,39.0058518],[-74.7852214,39.0056715],[-74.7851642,39.0054912],[-74.785104,39.0052981],[-74.7851036,39.0051045],[-74.7851041,39.0049243],[-74.7851046,39.0047441],[-74.7851052,39.0045638],[-74.7851057,39.0043836],[-74.7851063,39.0042034],[-74.7851068,39.0040232],[-74.7851116,39.0038169],[-74.7852381,39.0036149],[-74.7853541,39.0034349],[-74.7854597,39.0032768],[-74.7854602,39.0030966],[-74.7855867,39.0028946],[-74.7857028,39.0027146],[-74.7858188,39.0025346],[-74.7859348,39.0023546],[-74.7860404,39.0021965],[-74.7860409,39.0020163],[-74.7861674,39.0018143],[-74.786273,39.0016563],[-74.786284,39.0014541],[-74.7865286,39.0012579],[-74.7866446,39.0010778],[-74.786889,39.0008866],[-74.7871076,39.0007182],[-74.7872237,39.0005382],[-74.787468,39.0003469],[-74.7876995,39.0001671],[-74.787931,38.9999873],[-74.7881497,38.999819],[-74.7882657,38.999639],[-74.78851,38.9994477],[-74.7887287,38.9992794],[-74.7888447,38.9990994],[-74.7890891,38.9989081],[-74.7893206,38.9987282],[-74.7895392,38.9985599],[-74.7896552,38.9983799],[-74.7898996,38.9981886],[-74.7901182,38.9980203],[-74.7902342,38.9978403],[-74.7904657,38.9976605],[-74.7905817,38.9974804],[-74.7908261,38.9972891],[-74.7910576,38.9971093],[-74.7912762,38.996941],[-74.7913922,38.996761],[-74.7916365,38.9965697],[-74.7918552,38.9964014],[-74.7919476,38.9962597],[-74.7919587,38.9960575],[-74.7922274,38.9958419],[-74.792563,38.9956702],[-74.7926662,38.9955017],[-74.7929105,38.9953104],[-74.7931161,38.9951584],[-74.7931166,38.9949782],[-74.7933739,38.9947705],[-74.7935795,38.9946186],[-74.7935801,38.9944384],[-74.7938488,38.9942227],[-74.7941844,38.994051],[-74.7942875,38.9938825],[-74.794519,38.9937027],[-74.794635,38.9935227],[-74.7948793,38.9933313],[-74.7950979,38.993163],[-74.7952009,38.9929994],[-74.7953299,38.992803],[-74.7955614,38.9926231],[-74.7956774,38.9924431],[-74.7959217,38.9922518],[-74.7961403,38.9920835],[-74.7962563,38.9919035],[-74.7964877,38.9917236],[-74.7966037,38.9915436],[-74.796848,38.9913523],[-74.7970666,38.991184],[-74.7971826,38.9910039],[-74.7974269,38.9908126],[-74.7976455,38.9906443],[-74.7977615,38.9904643],[-74.7980058,38.9902729],[-74.7982372,38.9900931],[-74.7984687,38.9899133],[-74.7987001,38.9897335],[-74.7989315,38.9895536],[-74.7991744,38.9893659],[-74.7995213,38.9891863],[-74.7997413,38.9890143],[-74.7999842,38.9888266],[-74.8003311,38.988647],[-74.8005511,38.988475],[-74.8007826,38.9882952],[-74.8010012,38.9881269],[-74.8011171,38.9879468],[-74.8013614,38.9877555],[-74.80158,38.9875872],[-74.801696,38.9874071],[-74.8019402,38.9872158],[-74.8021588,38.9870475],[-74.8022748,38.9868674],[-74.802519,38.9866761],[-74.8027505,38.9864963],[-74.8029819,38.9863164],[-74.8032247,38.9861287],[-74.8035661,38.9859526],[-74.803721,38.9857885],[-74.8038947,38.9856086],[-74.8040684,38.9854286],[-74.8042355,38.9852562],[-74.804345,38.9850851]]}},{"type":"Feature","properties":{"year":2022,"scene_id":"S2A_MSIL2A_20220321T154941_R054_T18SWJ_20220322T020307","datetime":"2022-03-21T15:49:41.024000Z","cloud_cover_tile_pct":0.02,"cloud_mask_aoi_pct":0.18,"ndwi_threshold":0.002,"tide":{"level_m_msl":0.786,"time":"2022-03-21T15:48:00Z","source":"verified"},"wave":{"height_m":0.52,"dominant_period_s":4.3,"time":"2022-03-21T15:40:00Z","source":"NDBC historical"},"wave_setup_m":0.061,"horizontal_correction_m":18.8,"uncertainty_m":17.4,"image":"/data/scenes/sentinel-20220321T154941.jpg","image_shape":[477,556],"stac_url":"https://planetarycomputer.microsoft.com/api/stac/v1/collections/sentinel-2-l2a/items/S2A_MSIL2A_20220321T154941_R054_T18SWJ_20220322T020307","high_tide":{"time":"2022-03-21T15:33:00Z","level_m_msl":0.705,"source":"NOAA predicted high tide","image_offset_minutes":16.7},"geometry_p90_deviation_m":126.7,"geometry_max_deviation_m":161.1,"geometry_kind":"corrected"},"geometry":{"type":"LineString","coordinates":[[-74.7851373,39.0058255],[-74.7851378,39.0056453],[-74.7851384,39.005465],[-74.7851389,39.0052848],[-74.7851395,39.0051046],[-74.78514,39.0049244],[-74.7851406,39.0047441],[-74.7851411,39.0045639],[-74.7851416,39.0043837],[-74.7851488,39.0041623],[-74.7852648,39.0039823],[-74.7852654,39.0038021],[-74.7853814,39.0036221],[-74.785382,39.0034419],[-74.785498,39.0032618],[-74.7854985,39.0030816],[-74.7856311,39.0028669],[-74.7857472,39.0026869],[-74.7858632,39.0025069],[-74.7859627,39.0023616],[-74.7859632,39.0021813],[-74.7860792,39.0020013],[-74.7860798,39.0018211],[-74.786233,39.0015805],[-74.7864645,39.0014007],[-74.7865805,39.0012207],[-74.786812,39.0010409],[-74.7869281,39.0008609],[-74.7871798,39.000663],[-74.7873911,39.0005013],[-74.7875071,39.0003213],[-74.7877589,39.0001233],[-74.7879904,38.9999435],[-74.7882016,38.9997818],[-74.7883176,38.9996018],[-74.7885491,38.999422],[-74.7886652,38.999242],[-74.7889169,38.9990441],[-74.7891484,38.9988643],[-74.7893597,38.9987026],[-74.7894757,38.9985226],[-74.7897274,38.9983246],[-74.7899387,38.9981629],[-74.7900547,38.9979829],[-74.7902862,38.9978031],[-74.7904022,38.9976231],[-74.7906539,38.9974252],[-74.7908652,38.9972635],[-74.7909812,38.9970835],[-74.7912329,38.9968855],[-74.7914441,38.9967238],[-74.7915602,38.9965438],[-74.7917916,38.996364],[-74.7919076,38.996184],[-74.7921594,38.995986],[-74.7923909,38.9958062],[-74.7926021,38.9956445],[-74.7927181,38.9954645],[-74.7929496,38.9952847],[-74.7930656,38.9951047],[-74.793297,38.9949249],[-74.793413,38.9947448],[-74.7936445,38.994565],[-74.7937605,38.994385],[-74.793992,38.9942052],[-74.794108,38.9940252],[-74.7943597,38.9938272],[-74.7945709,38.9936655],[-74.7946869,38.9934855],[-74.7949184,38.9933057],[-74.7950344,38.9931256],[-74.7952658,38.9929458],[-74.7953818,38.9927658],[-74.7956335,38.9925678],[-74.7958448,38.9924062],[-74.7959607,38.9922261],[-74.7961922,38.9920463],[-74.7962876,38.9918922],[-74.7964242,38.9916863],[-74.7966556,38.9915064],[-74.7967716,38.9913264],[-74.7970233,38.9911285],[-74.7972345,38.9909668],[-74.7973505,38.9907867],[-74.7976022,38.9905888],[-74.7978134,38.9904271],[-74.7979294,38.9902471],[-74.798199,38.9900366],[-74.7985459,38.989857],[-74.7987594,38.9896896],[-74.7989909,38.9895098],[-74.7992223,38.98933],[-74.7994335,38.9891683],[-74.7995697,38.9889701],[-74.7999346,38.988778],[-74.8001481,38.9886107],[-74.8003795,38.9884308],[-74.800611,38.988251],[-74.8008424,38.9880712],[-74.8010536,38.9879095],[-74.8011695,38.9877294],[-74.8014392,38.987519],[-74.8018247,38.9873202],[-74.8023919,38.9871453],[-74.8025774,38.9869928],[-74.8028088,38.9868129],[-74.8030402,38.9866331],[-74.8032716,38.9864533],[-74.8035031,38.9862734],[-74.8037142,38.9861117],[-74.8038197,38.9859435],[-74.8040039,38.9857517],[-74.8041671,38.9855837],[-74.8042729,38.9854177],[-74.804399,38.9852236],[-74.8045832,38.9850318]]}},{"type":"Feature","properties":{"year":2022,"scene_id":"S2A_MSIL2A_20220420T154941_R054_T18SWJ_20240608T001828","datetime":"2022-04-20T15:49:41.024000Z","cloud_cover_tile_pct":19.0,"cloud_mask_aoi_pct":9.43,"ndwi_threshold":-0.002,"tide":{"level_m_msl":0.389,"time":"2022-04-20T15:48:00Z","source":"verified"},"wave":{"height_m":0.99,"dominant_period_s":4.3,"time":"2022-04-20T15:40:00Z","source":"NDBC historical"},"wave_setup_m":0.084,"horizontal_correction_m":10.5,"uncertainty_m":15.9,"image":"/data/scenes/sentinel-20220420T154941.jpg","image_shape":[477,556],"stac_url":"https://planetarycomputer.microsoft.com/api/stac/v1/collections/sentinel-2-l2a/items/S2A_MSIL2A_20220420T154941_R054_T18SWJ_20240608T001828","high_tide":{"time":"2022-04-20T16:09:00Z","level_m_msl":0.603,"source":"NOAA predicted high tide","image_offset_minutes":-19.3},"geometry_p90_deviation_m":120.1,"geometry_max_deviation_m":152.8,"geometry_kind":"corrected"},"geometry":{"type":"LineString","coordinates":[[-74.7851792,39.0058026],[-74.7852347,39.0056337],[-74.7852343,39.0054652],[-74.7852349,39.005285],[-74.7852354,39.0051048],[-74.785236,39.0049245],[-74.7852365,39.0047443],[-74.785237,39.0045641],[-74.7852376,39.0043839],[-74.7852381,39.0042036],[-74.7852424,39.0040004],[-74.7853584,39.0038204],[-74.785359,39.0036402],[-74.785475,39.0034602],[-74.7854755,39.00328],[-74.7855916,39.0030999],[-74.7855921,39.0029197],[-74.7857174,39.0027203],[-74.7858334,39.0025403],[-74.7859402,39.0023797],[-74.7859407,39.0021995],[-74.786066,39.0020001],[-74.7861821,39.00182],[-74.7862981,39.00164],[-74.7864141,39.00146],[-74.786553,39.0012554],[-74.7869,39.0010758],[-74.7870047,39.0009059],[-74.7872362,39.0007261],[-74.7873522,39.0005461],[-74.7875837,39.0003663],[-74.7876997,39.0001863],[-74.7879426,38.9999964],[-74.7881628,38.9998267],[-74.7882788,38.9996467],[-74.7885216,38.9994567],[-74.7887418,38.9992871],[-74.7888578,38.999107],[-74.7890893,38.9989272],[-74.7892053,38.9987472],[-74.7894368,38.9985674],[-74.7895528,38.9983874],[-74.7897956,38.9981974],[-74.7900271,38.9980176],[-74.7902586,38.9978378],[-74.7904788,38.9976681],[-74.7905948,38.9974881],[-74.7908263,38.9973083],[-74.7909423,38.9971283],[-74.7911623,38.9969629],[-74.7911628,38.9967827],[-74.7914171,38.9965783],[-74.7916373,38.9964086],[-74.7917325,38.9962624],[-74.7917538,38.9960484],[-74.7921306,38.9958468],[-74.7924691,38.9956721],[-74.7926792,38.9955094],[-74.7927952,38.9953293],[-74.7930267,38.9951495],[-74.7931427,38.9949695],[-74.7933742,38.9947897],[-74.7935015,38.9945995],[-74.7938484,38.9944199],[-74.7939531,38.99425],[-74.7941846,38.9940702],[-74.7943006,38.9938902],[-74.7945434,38.9937002],[-74.7947635,38.9935305],[-74.7948795,38.9933505],[-74.795111,38.9931707],[-74.795227,38.9929907],[-74.7954584,38.9928109],[-74.7955629,38.9926453],[-74.7956904,38.9924508],[-74.7959332,38.9922609],[-74.7961533,38.9920912],[-74.7962693,38.9919111],[-74.7965008,38.9917313],[-74.7966168,38.9915513],[-74.7968595,38.9913613],[-74.7970797,38.9911916],[-74.797207,38.9910015],[-74.7975639,38.9908149],[-74.797774,38.9906522],[-74.7978785,38.9904866],[-74.7979945,38.9903066],[-74.7981333,38.990102],[-74.7984902,38.9899154],[-74.7987217,38.9897355],[-74.7990686,38.9895559],[-74.79929,38.989383],[-74.7995214,38.9892032],[-74.7997529,38.9890234],[-74.7999843,38.9888436],[-74.8002045,38.9886738],[-74.8003317,38.9884837],[-74.8006786,38.9883041],[-74.8007833,38.9881342],[-74.801026,38.9879442],[-74.8012575,38.9877644],[-74.8014889,38.9875845],[-74.8017304,38.9873977],[-74.8020772,38.9872181],[-74.8022873,38.9870554],[-74.8024033,38.9868753],[-74.8026561,38.9866784],[-74.8030029,38.9864987],[-74.8032344,38.9863189],[-74.8035813,38.9861393],[-74.8037913,38.9859765],[-74.8038958,38.985811],[-74.8040118,38.9856309],[-74.8041277,38.9854509],[-74.8042437,38.9852709],[-74.8043596,38.9850908]]}},{"type":"Feature","properties":{"year":2022,"scene_id":"S2A_MSIL2A_20220517T153821_R011_T18SWJ_20220519T194201","datetime":"2022-05-17T15:38:21.024000Z","cloud_cover_tile_pct":0.84,"cloud_mask_aoi_pct":0.18,"ndwi_threshold":-0.002,"tide":{"level_m_msl":0.696,"time":"2022-05-17T15:36:00Z","source":"verified"},"wave":{"height_m":0.81,"dominant_period_s":8.3,"time":"2022-05-17T15:40:00Z","source":"NDBC historical"},"wave_setup_m":0.147,"horizontal_correction_m":18.7,"uncertainty_m":17.4,"image":"/data/scenes/sentinel-20220517T153821.jpg","image_shape":[477,556],"stac_url":"https://planetarycomputer.microsoft.com/api/stac/v1/collections/sentinel-2-l2a/items/S2A_MSIL2A_20220517T153821_R011_T18SWJ_20220519T194201","high_tide":{"time":"2022-05-17T14:12:00Z","level_m_msl":0.694,"source":"NOAA predicted high tide","image_offset_minutes":86.4},"geometry_p90_deviation_m":106.7,"geometry_max_deviation_m":141.0,"geometry_kind":"corrected"},"geometry":{"type":"LineString","coordinates":[[-74.7853693,39.0058259],[-74.7853699,39.0056457],[-74.7853704,39.0054655],[-74.7853709,39.0052852],[-74.7853715,39.005105],[-74.785372,39.0049248],[-74.7853792,39.0047036],[-74.7854952,39.0045236],[-74.7854892,39.0043843],[-74.7854897,39.0042041],[-74.7854968,39.0039829],[-74.7856129,39.0038029],[-74.7856068,39.0036636],[-74.7856074,39.0034834],[-74.7856145,39.0032623],[-74.7857305,39.0030822],[-74.7857245,39.0029429],[-74.7857316,39.0027218],[-74.7858476,39.0025418],[-74.7858482,39.0023615],[-74.7859807,39.002147],[-74.7860802,39.0020015],[-74.7860808,39.0018213],[-74.7862133,39.0016068],[-74.7863293,39.0014267],[-74.7864454,39.0012467],[-74.7865819,39.001041],[-74.7868336,39.0008431],[-74.7870244,39.0007071],[-74.7870085,39.0005614],[-74.787141,39.0003469],[-74.787257,39.0001669],[-74.7873935,38.9999611],[-74.7876452,38.9997632],[-74.7878767,38.9995834],[-74.788088,38.9994217],[-74.7882041,38.9992416],[-74.7884557,38.9990438],[-74.7886872,38.998864],[-74.7889187,38.9986842],[-74.7891681,38.998492],[-74.7895151,38.9983124],[-74.7897085,38.998163],[-74.7898245,38.997983],[-74.7900941,38.9977727],[-74.7904232,38.9976055],[-74.790519,38.9974436],[-74.7907707,38.9972457],[-74.7910021,38.9970659],[-74.7912336,38.9968861],[-74.791445,38.9967243],[-74.791561,38.9965443],[-74.7917925,38.9963645],[-74.7919085,38.9961845],[-74.7921601,38.9959866],[-74.7923714,38.9958248],[-74.7924669,38.9956706],[-74.7926034,38.9954648],[-74.7928551,38.9952669],[-74.7930865,38.9950871],[-74.7932979,38.9949253],[-74.7934139,38.9947453],[-74.7936453,38.9945655],[-74.7937613,38.9943855],[-74.7939928,38.9942057],[-74.7941088,38.9940256],[-74.7943403,38.9938458],[-74.7944563,38.9936658],[-74.7947079,38.9934679],[-74.7949192,38.9933062],[-74.7950147,38.9931519],[-74.7951142,38.9930064],[-74.7951517,38.9927659],[-74.7955518,38.9925472],[-74.7958657,38.9923886],[-74.7959616,38.9922266],[-74.7962132,38.9920288],[-74.7964245,38.991867],[-74.7965405,38.9916869],[-74.7967719,38.9915071],[-74.7968879,38.9913271],[-74.7971395,38.9911292],[-74.797371,38.9909494],[-74.7975823,38.9907876],[-74.7976778,38.9906334],[-74.7977937,38.9904533],[-74.7979097,38.9902733],[-74.7980663,38.9900495],[-74.7984133,38.9898698],[-74.7985091,38.9897079],[-74.7987785,38.9894976],[-74.7991254,38.9893179],[-74.799339,38.9891505],[-74.7995705,38.9889707],[-74.7998198,38.9887785],[-74.8001667,38.9885988],[-74.8003802,38.9884314],[-74.8006295,38.9882392],[-74.8009586,38.9880719],[-74.8010745,38.9878919],[-74.8014393,38.9876999],[-74.8016859,38.9875114],[-74.8021483,38.987332],[-74.8023265,38.9871912],[-74.8024626,38.9869931],[-74.8028274,38.9868011],[-74.8030409,38.9866337],[-74.8032522,38.9864719],[-74.8033883,38.9862738],[-74.8037531,38.9860817],[-74.8039568,38.9859225],[-74.8041202,38.9857524],[-74.8042834,38.9855843],[-74.8043893,38.9854182],[-74.8045053,38.9852382],[-74.8046212,38.9850581]]}},{"type":"Feature","properties":{"year":2022,"scene_id":"S2B_MSIL2A_20220604T154809_R054_T18SWJ_20220605T050923","datetime":"2022-06-04T15:48:09.024000Z","cloud_cover_tile_pct":15.91,"cloud_mask_aoi_pct":1.97,"ndwi_threshold":-0.02,"tide":{"level_m_msl":0.65,"time":"2022-06-04T15:48:00Z","source":"verified"},"wave":{"height_m":0.8,"dominant_period_s":7.0,"time":"2022-06-04T15:48:09.024000Z","source":"regional climatology fallback"},"wave_setup_m":0.123,"horizontal_correction_m":17.2,"uncertainty_m":17.1,"image":"/data/scenes/sentinel-20220604T154809.jpg","image_shape":[477,556],"stac_url":"https://planetarycomputer.microsoft.com/api/stac/v1/collections/sentinel-2-l2a/items/S2B_MSIL2A_20220604T154809_R054_T18SWJ_20220605T050923","high_tide":{"time":"2022-06-04T16:45:00Z","level_m_msl":0.417,"source":"NOAA predicted high tide","image_offset_minutes":-56.8},"geometry_p90_deviation_m":77.3,"geometry_max_deviation_m":109.2,"geometry_kind":"corrected"},"geometry":{"type":"LineString","coordinates":[[-74.7858492,39.0058268],[-74.7858512,39.0056658],[-74.7857983,39.0055038],[-74.7857353,39.0052859],[-74.7857997,39.0050683],[-74.7858535,39.0049065],[-74.7858525,39.0047454],[-74.785853,39.0045652],[-74.7858535,39.004385],[-74.7858541,39.0042048],[-74.7858546,39.0040245],[-74.7858552,39.0038443],[-74.7858617,39.0036266],[-74.7859778,39.0034465],[-74.7859723,39.0033039],[-74.7859789,39.0030861],[-74.7860949,39.0029061],[-74.7860954,39.0027258],[-74.7862115,39.0025458],[-74.786206,39.0024031],[-74.7862126,39.0021854],[-74.7863286,39.0020054],[-74.7863231,39.0018627],[-74.7863297,39.0016449],[-74.7864457,39.0014649],[-74.7864462,39.0012847],[-74.7865774,39.001073],[-74.7866934,39.000893],[-74.7868094,39.000713],[-74.7869255,39.000533],[-74.7870415,39.0003529],[-74.7871763,39.0001493],[-74.7874263,38.9999529],[-74.7876393,38.9997897],[-74.7877738,38.9995931],[-74.7881372,38.9994021],[-74.7883523,38.9992337],[-74.7885838,38.9990539],[-74.7888153,38.9988741],[-74.7890468,38.9986943],[-74.7892783,38.9985145],[-74.7895098,38.9983347],[-74.7897228,38.9981714],[-74.7898388,38.9979914],[-74.7900703,38.9978116],[-74.7901864,38.9976316],[-74.7904178,38.9974518],[-74.7905339,38.9972717],[-74.7907653,38.9970919],[-74.7908625,38.9969355],[-74.7909974,38.9967319],[-74.7912473,38.9965355],[-74.7914788,38.9963557],[-74.7917103,38.9961759],[-74.7919418,38.9959961],[-74.7921733,38.9958163],[-74.7923863,38.995653],[-74.7925207,38.9954564],[-74.7928677,38.9952768],[-74.7929652,38.9951134],[-74.7932152,38.994917],[-74.7934467,38.9947372],[-74.7936596,38.9945739],[-74.7937756,38.9943939],[-74.7940256,38.9941975],[-74.7942386,38.9940343],[-74.7943546,38.9938542],[-74.7946045,38.9936579],[-74.794836,38.993478],[-74.7950675,38.9932982],[-74.7952989,38.9931184],[-74.7955304,38.9929386],[-74.7957434,38.9927753],[-74.7958594,38.9925953],[-74.7961093,38.9923989],[-74.7963223,38.9922356],[-74.7964383,38.9920556],[-74.7966697,38.9918758],[-74.7967857,38.9916958],[-74.7970356,38.9914994],[-74.7972486,38.9913361],[-74.7973646,38.9911561],[-74.7976145,38.9909597],[-74.7978275,38.9907964],[-74.7979435,38.9906164],[-74.7981749,38.9904366],[-74.7983094,38.99024],[-74.7986563,38.9900604],[-74.7987538,38.9898969],[-74.7990037,38.9897005],[-74.7992352,38.9895207],[-74.7994666,38.9893409],[-74.7997144,38.9891496],[-74.8000613,38.98897],[-74.8002764,38.9888016],[-74.8005078,38.9886217],[-74.8007393,38.9884419],[-74.8009522,38.9882786],[-74.8011031,38.9880707],[-74.8015793,38.9878833],[-74.8017969,38.9877114],[-74.8021577,38.9875238],[-74.8024743,38.9873635],[-74.8025717,38.9872],[-74.8028216,38.9870036],[-74.8030695,38.9868124],[-74.8034163,38.9866328],[-74.8036129,38.9864809],[-74.8037473,38.9862843],[-74.8041245,38.9860853],[-74.8044496,38.9859188],[-74.8045963,38.9857616],[-74.8047604,38.9855925],[-74.8048672,38.9854253],[-74.8049831,38.9852452],[-74.8050991,38.9850652]]}},{"type":"Feature","properties":{"year":2022,"scene_id":"S2B_MSIL2A_20220701T153819_R011_T18SWJ_20220702T145221","datetime":"2022-07-01T15:38:19.024000Z","cloud_cover_tile_pct":1.11,"cloud_mask_aoi_pct":0.78,"ndwi_threshold":-0.002,"tide":{"level_m_msl":0.521,"time":"2022-07-01T15:36:00Z","source":"verified"},"wave":{"height_m":0.88,"dominant_period_s":3.7,"time":"2022-07-01T15:40:00Z","source":"NDBC historical"},"wave_setup_m":0.068,"horizontal_correction_m":13.1,"uncertainty_m":16.4,"image":"/data/scenes/sentinel-20220701T153819.jpg","image_shape":[477,556],"stac_url":"https://planetarycomputer.microsoft.com/api/stac/v1/collections/sentinel-2-l2a/items/S2B_MSIL2A_20220701T153819_R011_T18SWJ_20220702T145221","high_tide":{"time":"2022-07-01T14:58:00Z","level_m_msl":0.483,"source":"NOAA predicted high tide","image_offset_minutes":40.3},"geometry_p90_deviation_m":101.4,"geometry_max_deviation_m":125.4,"geometry_kind":"corrected"},"geometry":{"type":"LineString","coordinates":[[-74.7855499,39.0058263],[-74.7855505,39.005646],[-74.785551,39.0054658],[-74.7855515,39.0052856],[-74.7855521,39.0051053],[-74.7855526,39.0049251],[-74.7855532,39.0047449],[-74.7855537,39.0045647],[-74.7855543,39.0043844],[-74.7855548,39.0042042],[-74.7855554,39.004024],[-74.7855605,39.0038152],[-74.7856765,39.0036351],[-74.7856725,39.0034835],[-74.7856776,39.0032747],[-74.7858052,39.0030705],[-74.7859097,39.0029147],[-74.7859102,39.0027344],[-74.7860378,39.0025303],[-74.7861423,39.0023744],[-74.7861382,39.0022228],[-74.7861388,39.0020426],[-74.7861393,39.0018623],[-74.786156,39.0016294],[-74.7863875,39.0014496],[-74.7863719,39.0013221],[-74.7863725,39.0011419],[-74.7863776,39.000933],[-74.7865051,39.0007289],[-74.7866355,39.0005309],[-74.786867,39.0003511],[-74.786983,39.000171],[-74.7872286,38.9999786],[-74.7874601,38.9997988],[-74.7876916,38.999619],[-74.7879232,38.9994392],[-74.7881547,38.9992594],[-74.7883862,38.9990796],[-74.7886177,38.9988998],[-74.7888616,38.9987113],[-74.7892086,38.9985317],[-74.7893992,38.9983912],[-74.7893997,38.998211],[-74.7896828,38.9979858],[-74.7901452,38.9978064],[-74.7903536,38.9976413],[-74.7905851,38.9974615],[-74.7907882,38.9973123],[-74.7908171,38.9971015],[-74.7912796,38.9969221],[-74.7912801,38.9967419],[-74.7917425,38.9965625],[-74.7916985,38.9964656],[-74.7916991,38.9962854],[-74.79173,38.9960344],[-74.792123,38.9958232],[-74.792566,38.9956541],[-74.7926296,38.9955375],[-74.7926416,38.9953331],[-74.7928731,38.9951533],[-74.792888,38.9949551],[-74.7932721,38.9947482],[-74.7936084,38.9945746],[-74.7938133,38.994416],[-74.7939035,38.9942782],[-74.7939155,38.9940738],[-74.7941754,38.9938634],[-74.7943928,38.9936962],[-74.7944945,38.9935341],[-74.7946248,38.9933361],[-74.7948562,38.9931563],[-74.7949579,38.9929943],[-74.7950882,38.9927963],[-74.7953338,38.9926038],[-74.7955652,38.992424],[-74.7957826,38.9922568],[-74.7958986,38.9920768],[-74.7961441,38.9918843],[-74.7963615,38.9917171],[-74.7964775,38.9915371],[-74.796709,38.9913573],[-74.7968249,38.9911772],[-74.7970705,38.9909848],[-74.7972879,38.9908176],[-74.7974179,38.990625],[-74.7977648,38.9904453],[-74.7978808,38.9902653],[-74.7982402,38.990077],[-74.7984451,38.9899185],[-74.7985611,38.9897384],[-74.7988066,38.989546],[-74.799038,38.9893662],[-74.7992695,38.9891863],[-74.7995134,38.9889978],[-74.7998603,38.9888182],[-74.8000793,38.988647],[-74.8003427,38.9884483],[-74.8009341,38.9882637],[-74.8013509,38.9881085],[-74.8013115,38.9879831],[-74.8014533,38.9877609],[-74.8016704,38.9875991],[-74.8016709,38.9874188],[-74.8019538,38.9871937],[-74.8023931,38.9870289],[-74.8023652,38.9868793],[-74.802625,38.9866689],[-74.8028564,38.986489],[-74.8031003,38.9863005],[-74.8034472,38.9861209],[-74.8036662,38.9859497],[-74.8038976,38.9857699],[-74.8041076,38.9856109],[-74.8041473,38.9854647],[-74.804217,38.9852604],[-74.8044051,38.9850625]]}},{"type":"Feature","properties":{"year":2022,"scene_id":"S2B_MSIL2A_20220704T154819_R054_T18SWJ_20220706T175830","datetime":"2022-07-04T15:48:19.024000Z","cloud_cover_tile_pct":15.98,"cloud_mask_aoi_pct":1.41,"ndwi_threshold":-0.02,"tide":{"level_m_msl":0.521,"time":"2022-07-04T15:48:00Z","source":"verified"},"wave":{"height_m":0.83,"dominant_period_s":8.3,"time":"2022-07-04T15:40:00Z","source":"NDBC historical"},"wave_setup_m":0.149,"horizontal_correction_m":14.9,"uncertainty_m":16.7,"image":"/data/scenes/sentinel-20220704T154819.jpg","image_shape":[477,556],"stac_url":"https://planetarycomputer.microsoft.com/api/stac/v1/collections/sentinel-2-l2a/items/S2B_MSIL2A_20220704T154819_R054_T18SWJ_20220706T175830","high_tide":{"time":"2022-07-04T17:00:00Z","level_m_msl":0.521,"source":"NOAA predicted high tide","image_offset_minutes":-71.7},"geometry_p90_deviation_m":84.2,"geometry_max_deviation_m":117.2,"geometry_kind":"corrected"},"geometry":{"type":"LineString","coordinates":[[-74.7856447,39.0058264],[-74.7856453,39.0056462],[-74.7856458,39.005466],[-74.7856464,39.0052857],[-74.7856469,39.0051055],[-74.7856475,39.0049253],[-74.785648,39.0047451],[-74.7856486,39.0045648],[-74.7856491,39.0043846],[-74.7856496,39.0042044],[-74.7856502,39.0040242],[-74.7856507,39.0038439],[-74.7856859,39.0035833],[-74.7860329,39.0034037],[-74.7860041,39.0032714],[-74.7861201,39.0030914],[-74.7861206,39.0029111],[-74.7862367,39.0027311],[-74.786232,39.0025834],[-74.7862325,39.0024032],[-74.7862331,39.002223],[-74.7862388,39.0020102],[-74.7863549,39.0018302],[-74.7863502,39.0016825],[-74.7863559,39.0014698],[-74.786472,39.0012897],[-74.7864725,39.0011095],[-74.7866016,39.0009021],[-74.7867177,39.0007221],[-74.7868337,39.000542],[-74.786966,39.0003416],[-74.7872135,39.0001474],[-74.787445,38.9999676],[-74.7876765,38.9997878],[-74.7879222,38.9995981],[-74.788255,38.9994284],[-74.788355,38.9992627],[-74.7885865,38.9990829],[-74.7887026,38.9989029],[-74.7889501,38.9987088],[-74.7891816,38.998529],[-74.7893971,38.9983635],[-74.7895291,38.9981691],[-74.7898761,38.9979895],[-74.7899761,38.9978238],[-74.7902378,38.9976198],[-74.7905705,38.9974501],[-74.7906865,38.9972701],[-74.7910175,38.9971048],[-74.7910017,38.996945],[-74.7912655,38.9967304],[-74.791481,38.996565],[-74.791597,38.9963849],[-74.7918445,38.9961908],[-74.79206,38.9960253],[-74.792176,38.9958453],[-74.7924075,38.9956655],[-74.7925072,38.9955059],[-74.7926395,38.9953054],[-74.7928709,38.9951256],[-74.7929869,38.9949456],[-74.7932344,38.9947514],[-74.7934659,38.9945716],[-74.7936974,38.9943918],[-74.7939288,38.994212],[-74.7941603,38.9940322],[-74.7943758,38.9938667],[-74.7944755,38.9937071],[-74.7946078,38.9935066],[-74.7948392,38.9933268],[-74.7949552,38.9931468],[-74.7951867,38.992967],[-74.7953027,38.992787],[-74.7955501,38.9925928],[-74.7957656,38.9924273],[-74.7958816,38.9922473],[-74.7961291,38.9920531],[-74.7963605,38.9918733],[-74.796576,38.9917078],[-74.796692,38.9915278],[-74.7969234,38.991348],[-74.7970394,38.9911679],[-74.7972708,38.9909881],[-74.7973868,38.9908081],[-74.7976343,38.9906139],[-74.7978657,38.9904341],[-74.7980972,38.9902543],[-74.7983286,38.9900745],[-74.7985601,38.9898946],[-74.7987915,38.9897148],[-74.799023,38.989535],[-74.7992544,38.9893551],[-74.7994858,38.9891753],[-74.7997173,38.9889955],[-74.7999487,38.9888157],[-74.8002064,38.9886191],[-74.8007003,38.9884268],[-74.8013621,38.9882606],[-74.8012857,38.9881919],[-74.8013045,38.9879517],[-74.8015683,38.9877371],[-74.8017997,38.9875572],[-74.8020311,38.9873774],[-74.8022626,38.9871975],[-74.802494,38.9870177],[-74.8027254,38.9868379],[-74.8029568,38.986658],[-74.8032024,38.9864683],[-74.8035493,38.9862887],[-74.8037666,38.9861187],[-74.8039737,38.9859626],[-74.8040108,38.985821],[-74.8040821,38.9856134],[-74.8042721,38.985413],[-74.8044223,38.9852664],[-74.8044117,38.9851333]]}},{"type":"Feature","properties":{"year":2022,"scene_id":"S2B_MSIL2A_20220803T154819_R054_T18SWJ_20220804T150432","datetime":"2022-08-03T15:48:19.024000Z","cloud_cover_tile_pct":1.76,"cloud_mask_aoi_pct":0.21,"ndwi_threshold":-0.002,"tide":{"level_m_msl":0.676,"time":"2022-08-03T15:48:00Z","source":"verified"},"wave":{"height_m":0.54,"dominant_period_s":9.1,"time":"2022-08-03T23:40:00Z","source":"NDBC historical"},"wave_setup_m":0.132,"horizontal_correction_m":17.9,"uncertainty_m":17.2,"image":"/data/scenes/sentinel-20220803T154819.jpg","image_shape":[477,556],"stac_url":"https://planetarycomputer.microsoft.com/api/stac/v1/collections/sentinel-2-l2a/items/S2B_MSIL2A_20220803T154819_R054_T18SWJ_20220804T150432","high_tide":{"time":"2022-08-03T17:13:00Z","level_m_msl":0.718,"source":"NOAA predicted high tide","image_offset_minutes":-84.7},"geometry_p90_deviation_m":65.6,"geometry_max_deviation_m":110.1,"geometry_kind":"corrected"},"geometry":{"type":"LineString","coordinates":[[-74.7857249,39.0058266],[-74.7857254,39.0056463],[-74.785726,39.0054661],[-74.7857282,39.0052658],[-74.7857911,39.0050666],[-74.7858447,39.0049056],[-74.7858436,39.0047454],[-74.7858442,39.0045652],[-74.785851,39.0043458],[-74.7859671,39.0041658],[-74.7859676,39.0039855],[-74.7860836,39.0038055],[-74.7860779,39.0036645],[-74.7860847,39.0034451],[-74.7862007,39.003265],[-74.786195,39.003124],[-74.7862018,39.0029046],[-74.7863179,39.0027246],[-74.7863121,39.0025836],[-74.7863126,39.0024033],[-74.7863132,39.0022231],[-74.7863137,39.0020429],[-74.7863143,39.0018627],[-74.7863211,39.0016432],[-74.7864371,39.0014632],[-74.7864314,39.0013222],[-74.7864382,39.0011028],[-74.78657,39.0008897],[-74.7866861,39.0007097],[-74.7868217,39.000505],[-74.7870726,39.0003079],[-74.7872848,39.0001454],[-74.7874008,38.9999654],[-74.7876516,38.9997683],[-74.7878831,38.9995885],[-74.7881146,38.9994086],[-74.7883461,38.9992288],[-74.7885776,38.999049],[-74.7888091,38.9988692],[-74.7890213,38.9987067],[-74.7891373,38.9985267],[-74.7894052,38.9983177],[-74.7897522,38.9981381],[-74.7899473,38.9979875],[-74.7900633,38.9978074],[-74.7903141,38.9976104],[-74.7905456,38.9974305],[-74.7907771,38.9972507],[-74.7909893,38.9970882],[-74.7911053,38.9969082],[-74.7913561,38.9967111],[-74.7915682,38.9965486],[-74.7916842,38.9963685],[-74.791935,38.9961714],[-74.7921472,38.9960089],[-74.7922632,38.9958289],[-74.7924947,38.9956491],[-74.7925911,38.9954937],[-74.7927071,38.9953137],[-74.7928427,38.995109],[-74.7930935,38.9949119],[-74.7933057,38.9947494],[-74.793402,38.994594],[-74.7935376,38.9943893],[-74.7937884,38.9941922],[-74.7940006,38.9940297],[-74.7941166,38.9938497],[-74.7943674,38.9936526],[-74.7945988,38.9934728],[-74.7948303,38.9932929],[-74.7950618,38.9931131],[-74.7952932,38.9929333],[-74.7955247,38.9927535],[-74.7957561,38.9925736],[-74.7959876,38.9923938],[-74.7961998,38.9922313],[-74.7963158,38.9920513],[-74.7965472,38.9918714],[-74.7966436,38.9917161],[-74.7967595,38.9915361],[-74.7968952,38.9913314],[-74.7971266,38.9911515],[-74.797223,38.9909962],[-74.7973586,38.9907915],[-74.7976093,38.9905944],[-74.7978408,38.9904146],[-74.7980722,38.9902347],[-74.7983208,38.990043],[-74.7986677,38.9898634],[-74.798882,38.9896954],[-74.7991135,38.9895156],[-74.7993449,38.9893358],[-74.7995764,38.989156],[-74.7998078,38.9889761],[-74.8000392,38.9887963],[-74.8002878,38.9886046],[-74.80068,38.9884035],[-74.8013547,38.9882318],[-74.8013721,38.9881528],[-74.8013884,38.9879395],[-74.8016588,38.9877177],[-74.8018902,38.9875379],[-74.8021216,38.987358],[-74.8023531,38.9871782],[-74.8025845,38.9869984],[-74.8028159,38.9868185],[-74.8030473,38.9866387],[-74.8032959,38.9864469],[-74.8036573,38.9862591],[-74.8039896,38.9860877],[-74.8041847,38.985937],[-74.804281,38.9857817],[-74.8044066,38.9855882],[-74.8045903,38.985397],[-74.8047639,38.9852171],[-74.8049376,38.9850371]]}},{"type":"Feature","properties":{"year":2022,"scene_id":"S2B_MSIL2A_20220813T154819_R054_T18SWJ_20220814T011534","datetime":"2022-08-13T15:48:19.024000Z","cloud_cover_tile_pct":0.34,"cloud_mask_aoi_pct":0.19,"ndwi_threshold":-0.02,"tide":{"level_m_msl":0.817,"time":"2022-08-13T15:48:00Z","source":"verified"},"wave":{"height_m":1.14,"dominant_period_s":4.8,"time":"2022-08-13T15:40:00Z","source":"NDBC historical"},"wave_setup_m":0.101,"horizontal_correction_m":20.4,"uncertainty_m":17.7,"image":"/data/scenes/sentinel-20220813T154819.jpg","image_shape":[477,556],"stac_url":"https://planetarycomputer.microsoft.com/api/stac/v1/collections/sentinel-2-l2a/items/S2B_MSIL2A_20220813T154819_R054_T18SWJ_20220814T011534","high_tide":{"time":"2022-08-13T14:19:00Z","level_m_msl":0.837,"source":"NOAA predicted high tide","image_offset_minutes":89.3},"geometry_p90_deviation_m":78.4,"geometry_max_deviation_m":104.0,"geometry_kind":"corrected"},"geometry":{"type":"LineString","coordinates":[[-74.7856966,39.0058265],[-74.785699,39.0056235],[-74.7857626,39.0054216],[-74.7858156,39.0052633],[-74.7858142,39.0051058],[-74.7858148,39.0049256],[-74.7858153,39.0047454],[-74.7858159,39.0045652],[-74.7858164,39.0043849],[-74.7858241,39.0041601],[-74.7859402,39.0039801],[-74.7859335,39.0038445],[-74.7859341,39.0036642],[-74.7859346,39.003484],[-74.7859352,39.0033038],[-74.7859357,39.0031236],[-74.7859363,39.0029433],[-74.7859368,39.0027631],[-74.7859373,39.0025829],[-74.7859379,39.0024027],[-74.7859384,39.0022224],[-74.785939,39.0020422],[-74.7859467,39.0018174],[-74.7860807,39.0015998],[-74.7861787,39.0014574],[-74.7861972,39.0012396],[-74.7864511,39.0010317],[-74.7865448,39.0008798],[-74.7866608,39.0006997],[-74.7867768,39.0005197],[-74.7869152,39.0003117],[-74.7871467,39.0001319],[-74.7872627,38.9999519],[-74.7875161,38.9997524],[-74.7877257,38.9995922],[-74.7878417,38.9994122],[-74.7880952,38.9992128],[-74.7883047,38.9990526],[-74.7884208,38.9988726],[-74.7886742,38.9986731],[-74.7889057,38.9984933],[-74.7891372,38.9983135],[-74.7893881,38.9981202],[-74.7897157,38.9979541],[-74.7898317,38.9977741],[-74.7901786,38.9975945],[-74.7902947,38.9974145],[-74.7906416,38.9972349],[-74.7907357,38.9970745],[-74.7909891,38.996875],[-74.7911987,38.9967149],[-74.7913147,38.9965349],[-74.7915462,38.996355],[-74.7916399,38.9962031],[-74.7917559,38.996023],[-74.7918719,38.995843],[-74.7920102,38.995635],[-74.7922636,38.9954355],[-74.7924731,38.9952753],[-74.7925892,38.9950953],[-74.7928426,38.9948958],[-74.793074,38.994716],[-74.7932836,38.9945559],[-74.7933996,38.9943758],[-74.793653,38.9941764],[-74.7938845,38.9939966],[-74.794094,38.9938364],[-74.79421,38.9936564],[-74.7944634,38.9934569],[-74.7946949,38.9932771],[-74.7949458,38.9930837],[-74.7952733,38.9929176],[-74.795345,38.9927853],[-74.7954833,38.9925772],[-74.7957367,38.9923778],[-74.7959462,38.9922176],[-74.7960622,38.9920376],[-74.7962937,38.9918578],[-74.7963873,38.9917058],[-74.7965033,38.9915257],[-74.7966416,38.9913177],[-74.796895,38.9911182],[-74.7971265,38.9909384],[-74.797336,38.9907782],[-74.797452,38.9905982],[-74.7977054,38.9903987],[-74.7979149,38.9902385],[-74.7980309,38.9900585],[-74.7983037,38.9898455],[-74.7986506,38.9896659],[-74.7988626,38.9894996],[-74.7991135,38.9893062],[-74.7994604,38.9891266],[-74.7996724,38.9889603],[-74.7998819,38.9888001],[-74.7999979,38.9886201],[-74.8002707,38.9884071],[-74.8006594,38.9882066],[-74.8011954,38.9880482],[-74.8011322,38.9879292],[-74.801386,38.9877213],[-74.8015019,38.9875413],[-74.8017553,38.9873418],[-74.8020062,38.9871484],[-74.8023531,38.9869688],[-74.802565,38.9868025],[-74.8027965,38.9866226],[-74.8030279,38.9864428],[-74.8032593,38.986263],[-74.8035102,38.9860696],[-74.8038477,38.9858961],[-74.8039894,38.9857432],[-74.8041517,38.9855761],[-74.8042567,38.9854113],[-74.8043726,38.9852312],[-74.8044886,38.9850512]]}},{"type":"Feature","properties":{"year":2022,"scene_id":"S2B_MSIL2A_20220830T153809_R011_T18SWJ_20220831T220404","datetime":"2022-08-30T15:38:09.024000Z","cloud_cover_tile_pct":5.63,"cloud_mask_aoi_pct":1.67,"ndwi_threshold":0.002,"tide":{"level_m_msl":0.948,"time":"2022-08-30T15:36:00Z","source":"verified"},"wave":{"height_m":0.65,"dominant_period_s":11.4,"time":"2022-08-30T15:40:00Z","source":"NDBC historical"},"wave_setup_m":0.181,"horizontal_correction_m":25.1,"uncertainty_m":18.5,"image":"/data/scenes/sentinel-20220830T153809.jpg","image_shape":[477,556],"stac_url":"https://planetarycomputer.microsoft.com/api/stac/v1/collections/sentinel-2-l2a/items/S2B_MSIL2A_20220830T153809_R011_T18SWJ_20220831T220404","high_tide":{"time":"2022-08-30T15:18:00Z","level_m_msl":0.827,"source":"NOAA predicted high tide","image_offset_minutes":20.2},"geometry_p90_deviation_m":83.6,"geometry_max_deviation_m":107.4,"geometry_kind":"corrected"},"geometry":{"type":"LineString","coordinates":[[-74.7857579,39.0058266],[-74.7857585,39.0056464],[-74.785759,39.0054662],[-74.7857595,39.005286],[-74.7857601,39.0051057],[-74.7857606,39.0049255],[-74.7857612,39.0047453],[-74.7857617,39.0045651],[-74.7857623,39.0043848],[-74.7857628,39.0042046],[-74.7857633,39.0040244],[-74.7857727,39.0037893],[-74.7858887,39.0036093],[-74.7858805,39.0034839],[-74.785881,39.0033037],[-74.7858816,39.0031235],[-74.7858821,39.0029432],[-74.7858915,39.0027082],[-74.7860075,39.0025282],[-74.7860301,39.0023017],[-74.7862616,39.0021219],[-74.7862313,39.0020427],[-74.7862406,39.0018077],[-74.7864062,39.001547],[-74.7866377,39.0013672],[-74.7867042,39.0012679],[-74.7867047,39.0010876],[-74.7868428,39.0008614],[-74.7869368,39.0007276],[-74.7869373,39.0005474],[-74.7870754,39.0003211],[-74.7872189,39.0001066],[-74.787423,38.9999613],[-74.7874235,38.9997811],[-74.7876825,38.9995668],[-74.7878255,38.9993626],[-74.7881964,38.9991664],[-74.788404,38.9990032],[-74.7886355,38.9988234],[-74.788867,38.9986436],[-74.7890985,38.9984638],[-74.78933,38.998284],[-74.7895345,38.9981283],[-74.7896505,38.9979483],[-74.789882,38.9977685],[-74.789998,38.9975885],[-74.7902565,38.9973845],[-74.7904879,38.9972047],[-74.7907194,38.9970249],[-74.7909509,38.9968451],[-74.7911824,38.9966653],[-74.7914139,38.9964855],[-74.7916184,38.9963298],[-74.7917344,38.9961498],[-74.7919659,38.99597],[-74.7920819,38.99579],[-74.7923404,38.995586],[-74.7925449,38.9954303],[-74.7926609,38.9952503],[-74.7929193,38.9950463],[-74.7931238,38.9948907],[-74.7932124,38.9947452],[-74.7933558,38.9945306],[-74.7935873,38.9943508],[-74.7936758,38.9942053],[-74.7938193,38.9939908],[-74.7941016,38.9937702],[-74.7944247,38.9936072],[-74.7945137,38.9934513],[-74.7947721,38.9932473],[-74.7950036,38.9930675],[-74.7952351,38.9928877],[-74.7954395,38.992732],[-74.7955555,38.992552],[-74.795814,38.992348],[-74.7960185,38.9921924],[-74.796107,38.9920468],[-74.7962504,38.9918323],[-74.7964819,38.9916525],[-74.7965979,38.9914725],[-74.7968293,38.9912927],[-74.7969453,38.9911126],[-74.7971768,38.9909328],[-74.7972928,38.9907528],[-74.7975512,38.9905488],[-74.7977557,38.9903931],[-74.7978716,38.9902131],[-74.7981301,38.9900091],[-74.7983854,38.9898126],[-74.7987526,38.9896215],[-74.7990792,38.9894534],[-74.7993107,38.9892736],[-74.7996337,38.9891106],[-74.7997227,38.9889547],[-74.7999811,38.9887507],[-74.8002125,38.9885709],[-74.8004679,38.9883744],[-74.8008521,38.9881751],[-74.8012532,38.988032],[-74.8011993,38.9879104],[-74.8014852,38.9876719],[-74.8017166,38.9874921],[-74.801948,38.9873122],[-74.8021525,38.9871566],[-74.8022954,38.9869524],[-74.8026423,38.9867727],[-74.8027583,38.9865927],[-74.8031291,38.9863964],[-74.8033605,38.9862166],[-74.8037074,38.9860369],[-74.8039149,38.9858737],[-74.8041463,38.9856939],[-74.8043507,38.9855382],[-74.8044392,38.9853927],[-74.804543,38.9852344],[-74.8045914,38.9850788]]}},{"type":"Feature","properties":{"year":2022,"scene_id":"S2A_MSIL2A_20221027T155341_R054_T18SWJ_20221028T035736","datetime":"2022-10-27T15:53:41.024000Z","cloud_cover_tile_pct":0.02,"cloud_mask_aoi_pct":0.25,"ndwi_threshold":0.018,"tide":{"level_m_msl":0.92,"time":"2022-10-27T15:54:00Z","source":"verified"},"wave":{"height_m":1.26,"dominant_period_s":5.0,"time":"2022-10-27T15:40:00Z","source":"NDBC historical"},"wave_setup_m":0.11,"horizontal_correction_m":22.9,"uncertainty_m":18.1,"image":"/data/scenes/sentinel-20221027T155341.jpg","image_shape":[477,556],"stac_url":"https://planetarycomputer.microsoft.com/api/stac/v1/collections/sentinel-2-l2a/items/S2A_MSIL2A_20221027T155341_R054_T18SWJ_20221028T035736","high_tide":{"time":"2022-10-27T14:26:00Z","level_m_msl":1.101,"source":"NOAA predicted high tide","image_offset_minutes":87.7},"geometry_p90_deviation_m":61.0,"geometry_max_deviation_m":85.2,"geometry_kind":"corrected"},"geometry":{"type":"LineString","coordinates":[[-74.7860142,39.0058271],[-74.7860147,39.0056469],[-74.7860152,39.0054667],[-74.7860158,39.0052864],[-74.7860163,39.0051062],[-74.7860169,39.004926],[-74.7860174,39.0047458],[-74.786018,39.0045655],[-74.7860265,39.0043353],[-74.7861426,39.0041553],[-74.7861351,39.0040251],[-74.7861356,39.0038448],[-74.7861362,39.0036646],[-74.7861367,39.0034844],[-74.7861372,39.0033042],[-74.7861458,39.0030739],[-74.7862619,39.0028939],[-74.7862544,39.0027637],[-74.7862549,39.0025835],[-74.7862554,39.0024032],[-74.786264,39.002173],[-74.7863801,39.001993],[-74.7863726,39.0018628],[-74.7863811,39.0016325],[-74.7864972,39.0014525],[-74.7865179,39.0012301],[-74.7867744,39.0010188],[-74.7868905,39.0008388],[-74.7870969,39.0006905],[-74.7870975,39.0005102],[-74.787354,39.0002989],[-74.7874248,39.0001926],[-74.7874455,38.9999702],[-74.7877021,38.9997589],[-74.7877931,38.9996104],[-74.7879091,38.9994303],[-74.7880502,38.9992188],[-74.7882817,38.999039],[-74.7883977,38.998859],[-74.7886292,38.9986792],[-74.7887698,38.9984771],[-74.7891386,38.9982824],[-74.7893887,38.998092],[-74.7898511,38.9979126],[-74.7900641,38.9977434],[-74.7904111,38.9975637],[-74.7906207,38.9973991],[-74.7908276,38.9972414],[-74.7909436,38.9970613],[-74.7911997,38.9968595],[-74.7914066,38.9967017],[-74.7914975,38.9965532],[-74.7916632,38.9963196],[-74.7920102,38.99614],[-74.7921015,38.9959821],[-74.7923576,38.9957802],[-74.7925891,38.9956004],[-74.792796,38.9954426],[-74.792912,38.9952626],[-74.7931681,38.9950607],[-74.7933996,38.9948809],[-74.7936064,38.9947231],[-74.7937224,38.9945431],[-74.7939539,38.9943633],[-74.7940448,38.9942148],[-74.7942105,38.9939812],[-74.7945574,38.9938016],[-74.7946237,38.9936751],[-74.7947397,38.9934951],[-74.7948808,38.9932836],[-74.7951123,38.9931037],[-74.7952283,38.9929237],[-74.7954843,38.9927218],[-74.7957158,38.992542],[-74.7959473,38.9923622],[-74.7961787,38.9921824],[-74.7964102,38.9920026],[-74.796617,38.9918448],[-74.796733,38.9916648],[-74.7969645,38.9914849],[-74.7970554,38.9913364],[-74.7971964,38.9911249],[-74.7974279,38.9909451],[-74.7975439,38.990765],[-74.7977753,38.9905852],[-74.7979159,38.9903831],[-74.7982382,38.9902256],[-74.7982387,38.9900453],[-74.7986321,38.9898285],[-74.7988171,38.9896859],[-74.7989577,38.9894838],[-74.7993264,38.989289],[-74.799536,38.9891243],[-74.7997675,38.9889445],[-74.7999989,38.9887647],[-74.8002303,38.9885848],[-74.8004836,38.9883898],[-74.8008305,38.9882102],[-74.8010401,38.9880455],[-74.8012715,38.9878657],[-74.8015248,38.9876707],[-74.8018902,38.9874805],[-74.8021968,38.9873266],[-74.8023127,38.9871466],[-74.8026814,38.9869517],[-74.802891,38.9867871],[-74.8031225,38.9866073],[-74.8033539,38.9864274],[-74.8035853,38.9862476],[-74.8038386,38.9860526],[-74.8041636,38.9858881],[-74.8042299,38.9857616],[-74.8043582,38.9855645],[-74.8045446,38.9853702],[-74.8047183,38.9851902],[-74.804892,38.9850103]]}},{"type":"Feature","properties":{"year":2022,"scene_id":"S2A_MSIL2A_20221126T155611_R054_T18SWJ_20221201T172341","datetime":"2022-11-26T15:56:11.024000Z","cloud_cover_tile_pct":0.03,"cloud_mask_aoi_pct":0.35,"ndwi_threshold":0.032,"tide":{"level_m_msl":1.083,"time":"2022-11-26T15:54:00Z","source":"verified"},"wave":{"height_m":1.13,"dominant_period_s":4.0,"time":"2022-11-26T16:10:00Z","source":"NDBC historical"},"wave_setup_m":0.084,"horizontal_correction_m":25.9,"uncertainty_m":18.7,"image":"/data/scenes/sentinel-20221126T155611.jpg","image_shape":[477,556],"stac_url":"https://planetarycomputer.microsoft.com/api/stac/v1/collections/sentinel-2-l2a/items/S2A_MSIL2A_20221126T155611_R054_T18SWJ_20221201T172341","high_tide":{"time":"2022-11-26T14:58:00Z","level_m_msl":1.104,"source":"NOAA predicted high tide","image_offset_minutes":58.2},"geometry_p90_deviation_m":63.4,"geometry_max_deviation_m":98.0,"geometry_kind":"corrected"},"geometry":{"type":"LineString","coordinates":[[-74.7858637,39.0058268],[-74.7858642,39.0056466],[-74.7858648,39.0054664],[-74.7858677,39.0052572],[-74.7859327,39.0050494],[-74.7859843,39.0048969],[-74.7859825,39.0047457],[-74.785983,39.0045655],[-74.7859835,39.0043852],[-74.7859932,39.0041484],[-74.7861092,39.0039683],[-74.7861007,39.0038448],[-74.7861012,39.0036645],[-74.7861109,39.0034277],[-74.7862269,39.0032477],[-74.7862183,39.0031241],[-74.7862189,39.0029439],[-74.7862194,39.0027636],[-74.7862199,39.0025834],[-74.7862205,39.0024032],[-74.7862301,39.0021663],[-74.7863462,39.0019863],[-74.7863376,39.0018627],[-74.7863381,39.0016825],[-74.7863387,39.0015023],[-74.7863995,39.001182],[-74.7867744,39.0009774],[-74.7868342,39.000858],[-74.7869502,39.000678],[-74.7870662,39.000498],[-74.7871822,39.000318],[-74.7872983,39.0001379],[-74.7874143,38.9999579],[-74.7875303,38.9997779],[-74.7876747,38.9995623],[-74.7879062,38.9993824],[-74.7879939,38.9992381],[-74.7881383,38.9990224],[-74.7883698,38.9988426],[-74.7884858,38.9986626],[-74.7887699,38.9984406],[-74.7891169,38.998261],[-74.7893484,38.9980812],[-74.7896953,38.9979016],[-74.7899268,38.9977218],[-74.7902738,38.9975422],[-74.7904806,38.9973796],[-74.7907121,38.9971998],[-74.7909435,38.99702],[-74.791175,38.9968401],[-74.7914065,38.9966603],[-74.791638,38.9964805],[-74.7918416,38.9963257],[-74.7919292,38.9961813],[-74.7920452,38.9960013],[-74.7921896,38.9957856],[-74.792449,38.9955808],[-74.7926805,38.995401],[-74.7928841,38.9952462],[-74.7930001,38.9950661],[-74.7932315,38.9948863],[-74.7933475,38.9947063],[-74.7936069,38.9945015],[-74.7938105,38.9943467],[-74.7939265,38.9941667],[-74.7941579,38.9939868],[-74.7942456,38.9938425],[-74.7943899,38.9936268],[-74.7946214,38.993447],[-74.7947374,38.9932669],[-74.7949689,38.9930871],[-74.7950849,38.9929071],[-74.7953163,38.9927273],[-74.7954602,38.9925223],[-74.7958071,38.9923427],[-74.7958669,38.9922233],[-74.7960112,38.9920076],[-74.7962706,38.9918028],[-74.796502,38.991623],[-74.7967056,38.9914681],[-74.7968216,38.9912881],[-74.7970809,38.9910833],[-74.7972845,38.9909284],[-74.7974005,38.9907484],[-74.7976598,38.9905436],[-74.7978634,38.9903888],[-74.7979793,38.9902087],[-74.7982387,38.9900039],[-74.7984422,38.9898491],[-74.7985861,38.9896441],[-74.7989577,38.9894473],[-74.7991645,38.9892846],[-74.7993959,38.9891048],[-74.7996273,38.988925],[-74.7998588,38.9887451],[-74.8001149,38.9885481],[-74.8004371,38.9883857],[-74.8005252,38.9882306],[-74.8007845,38.9880258],[-74.801016,38.987846],[-74.8012474,38.9876661],[-74.8014788,38.9874863],[-74.8017102,38.9873065],[-74.8019417,38.9871266],[-74.8021731,38.9869468],[-74.8024045,38.986767],[-74.802636,38.9865871],[-74.8028921,38.9863901],[-74.803239,38.9862105],[-74.8034704,38.9860306],[-74.8037926,38.9858682],[-74.8038523,38.9857488],[-74.8039682,38.9855687],[-74.8040842,38.9853887],[-74.8042001,38.9852087],[-74.8043161,38.9850286]]}},{"type":"Feature","properties":{"year":2022,"scene_id":"S2A_MSIL2A_20221213T154641_R011_T18SWJ_20221214T054608","datetime":"2022-12-13T15:46:41.024000Z","cloud_cover_tile_pct":9.87,"cloud_mask_aoi_pct":4.63,"ndwi_threshold":0.043,"tide":{"level_m_msl":1.021,"time":"2022-12-13T15:48:00Z","source":"verified"},"wave":{"height_m":2.08,"dominant_period_s":12.1,"time":"2022-12-13T15:40:00Z","source":"NDBC historical"},"wave_setup_m":0.343,"horizontal_correction_m":30.3,"uncertainty_m":19.5,"image":"/data/scenes/sentinel-20221213T154641.jpg","image_shape":[477,556],"stac_url":"https://planetarycomputer.microsoft.com/api/stac/v1/collections/sentinel-2-l2a/items/S2A_MSIL2A_20221213T154641_R011_T18SWJ_20221214T054608","high_tide":{"time":"2022-12-13T16:39:00Z","level_m_msl":0.688,"source":"NOAA predicted high tide","image_offset_minutes":-52.3},"geometry_p90_deviation_m":78.3,"geometry_max_deviation_m":102.3,"geometry_kind":"corrected"},"geometry":{"type":"LineString","coordinates":[[-74.7856975,39.0058265],[-74.7857087,39.0055801],[-74.7858514,39.0053442],[-74.7859407,39.00522],[-74.7859306,39.005106],[-74.7859312,39.0049258],[-74.7859317,39.0047456],[-74.7859323,39.0045654],[-74.7859328,39.0043851],[-74.7859333,39.0042049],[-74.7859339,39.0040247],[-74.7859344,39.0038445],[-74.785935,39.0036642],[-74.7859355,39.003484],[-74.7859734,39.0031817],[-74.7862049,39.0030019],[-74.7861681,39.0029438],[-74.7861793,39.0026973],[-74.7862953,39.0025173],[-74.7862959,39.002337],[-74.7864119,39.002157],[-74.7864018,39.0020431],[-74.786413,39.0017966],[-74.786529,39.0016166],[-74.7865189,39.0015026],[-74.7865301,39.0012561],[-74.7866728,39.0010202],[-74.7867888,39.0008402],[-74.7869381,39.0006185],[-74.7872311,39.0003894],[-74.7875166,39.0002591],[-74.7875171,39.0000789],[-74.7878641,38.9998993],[-74.7877941,38.9998829],[-74.7877946,38.9997026],[-74.7878325,38.9994003],[-74.788064,38.9992205],[-74.7880379,38.9990961],[-74.7882138,38.9988186],[-74.7884779,38.9986096],[-74.7887834,38.9983859],[-74.7893408,38.9982165],[-74.7893707,38.9980998],[-74.7896022,38.9979199],[-74.7897182,38.9977399],[-74.7899823,38.9975309],[-74.7902673,38.9973171],[-74.7906763,38.9971717],[-74.790611,38.9970624],[-74.7909083,38.9968117],[-74.7911398,38.9966319],[-74.7913055,38.9965229],[-74.7912687,38.9964648],[-74.7914779,38.9960353],[-74.7925299,38.9958529],[-74.7924357,38.99586],[-74.7924629,38.9956239],[-74.7926944,38.995444],[-74.7926576,38.9953859],[-74.7926954,38.9950836],[-74.7929269,38.9949038],[-74.7930672,38.9946088],[-74.7939076,38.9944176],[-74.7939677,38.9943649],[-74.7939683,38.9941847],[-74.7942655,38.993934],[-74.794497,38.9937542],[-74.7946958,38.9936036],[-74.7947787,38.9934652],[-74.7948946,38.9932852],[-74.7950106,38.9931052],[-74.7951266,38.9929252],[-74.7953995,38.9926232],[-74.7962084,38.9924444],[-74.7961408,38.9924422],[-74.7962011,38.9921644],[-74.7966096,38.9919355],[-74.7967795,38.9918049],[-74.7968623,38.9916666],[-74.7969783,38.9914866],[-74.7971275,38.9912649],[-74.7973915,38.9910558],[-74.7975572,38.9909469],[-74.7975204,38.9908888],[-74.797624,38.9905156],[-74.7980864,38.9903361],[-74.7980211,38.9902268],[-74.7983184,38.9899761],[-74.7985498,38.9897963],[-74.7988101,38.9895963],[-74.7991282,38.9894368],[-74.7992115,38.989286],[-74.7994756,38.9890769],[-74.799781,38.9888532],[-74.8003138,38.9886978],[-74.8001929,38.9886644],[-74.8003687,38.9883868],[-74.8006002,38.988207],[-74.8006563,38.9881245],[-74.8007781,38.9877974],[-74.8014326,38.987582],[-74.8018429,38.9874248],[-74.8020208,38.987279],[-74.8022523,38.9870992],[-74.8024179,38.9869902],[-74.8025582,38.9866952],[-74.8033984,38.986504],[-74.8035244,38.9863804],[-74.8037558,38.9862006],[-74.8040161,38.9860006],[-74.8043015,38.9858703],[-74.8042315,38.9858539],[-74.8042856,38.9855289],[-74.8046531,38.9852808],[-74.8048974,38.9851344],[-74.8049635,38.985012]]}},{"type":"Feature","properties":{"year":2023,"scene_id":"S2A_MSIL2A_20230224T155231_R054_T18SWJ_20230226T175621","datetime":"2023-02-24T15:52:31.024000Z","cloud_cover_tile_pct":0.48,"cloud_mask_aoi_pct":0.3,"ndwi_threshold":0.018,"tide":{"level_m_msl":0.827,"time":"2023-02-24T15:54:00Z","source":"verified"},"wave":{"height_m":1.15,"dominant_period_s":7.7,"time":"2023-02-24T15:40:00Z","source":"NDBC historical"},"wave_setup_m":0.162,"horizontal_correction_m":22.0,"uncertainty_m":18.0,"image":"/data/scenes/sentinel-20230224T155231.jpg","image_shape":[477,556],"stac_url":"https://planetarycomputer.microsoft.com/api/stac/v1/collections/sentinel-2-l2a/items/S2A_MSIL2A_20230224T155231_R054_T18SWJ_20230226T175621","high_tide":{"time":"2023-02-24T16:37:00Z","level_m_msl":0.689,"source":"NOAA predicted high tide","image_offset_minutes":-44.5},"geometry_p90_deviation_m":59.0,"geometry_max_deviation_m":66.7,"geometry_kind":"corrected"},"geometry":{"type":"LineString","coordinates":[[-74.7863211,39.0057796],[-74.7863737,39.005623],[-74.7863722,39.0054673],[-74.7863728,39.0052871],[-74.7863733,39.0051069],[-74.7863739,39.0049266],[-74.7863821,39.0046984],[-74.7864982,39.0045183],[-74.786491,39.0043862],[-74.7864915,39.0042059],[-74.7864921,39.0040257],[-74.7864926,39.0038455],[-74.7864931,39.0036653],[-74.7864937,39.003485],[-74.7864942,39.0033048],[-74.7865025,39.0030765],[-74.7866185,39.0028965],[-74.7866113,39.0027643],[-74.7866119,39.0025841],[-74.7866124,39.0024039],[-74.786613,39.0022237],[-74.7866135,39.0020434],[-74.786614,39.0018632],[-74.7866146,39.001683],[-74.7866229,39.0014547],[-74.7867582,39.0012342],[-74.7868743,39.0010542],[-74.787038,39.0008227],[-74.787385,39.0006432],[-74.7874774,39.0004843],[-74.7877089,39.0003045],[-74.7878008,39.0001547],[-74.7878975,39.0000152],[-74.7879174,38.9997945],[-74.788173,38.9995844],[-74.788289,38.9994044],[-74.7885205,38.9992246],[-74.7886124,38.9990748],[-74.7887525,38.9988646],[-74.7890077,38.9986636],[-74.7892392,38.9984838],[-74.7894707,38.998304],[-74.7897231,38.9981096],[-74.7900701,38.99793],[-74.7902806,38.9977648],[-74.7905121,38.997585],[-74.7907436,38.9974051],[-74.7909751,38.9972253],[-74.7912066,38.9970455],[-74.7914381,38.9968657],[-74.7916696,38.9966859],[-74.791901,38.9965061],[-74.7921325,38.9963263],[-74.7923163,38.9961979],[-74.7923168,38.9960176],[-74.792596,38.9957864],[-74.7928275,38.9956066],[-74.793059,38.9954268],[-74.7932668,38.9952681],[-74.7933828,38.9950881],[-74.7936379,38.9948871],[-74.7938457,38.9947285],[-74.7939617,38.9945485],[-74.7941932,38.9943686],[-74.7942852,38.9942188],[-74.7944252,38.9940086],[-74.7946803,38.9938076],[-74.7949118,38.9936278],[-74.7950956,38.9934994],[-74.7951201,38.9932889],[-74.7954907,38.9930881],[-74.7955831,38.9929293],[-74.7958382,38.9927283],[-74.796046,38.9925696],[-74.7961379,38.9924198],[-74.796278,38.9922096],[-74.7965331,38.9920086],[-74.7967409,38.9918499],[-74.7968569,38.9916699],[-74.7970883,38.9914901],[-74.7972043,38.99131],[-74.7974358,38.9911302],[-74.7975277,38.9909804],[-74.7976677,38.9907702],[-74.7979228,38.9905692],[-74.7981543,38.9903893],[-74.7983857,38.9902095],[-74.7986172,38.9900297],[-74.7988486,38.9898499],[-74.79908,38.98967],[-74.7993115,38.9894902],[-74.7995193,38.9893315],[-74.7996589,38.9891303],[-74.8000446,38.988926],[-74.8003527,38.9887711],[-74.800445,38.9886122],[-74.8007001,38.9884112],[-74.8009079,38.9882526],[-74.8010239,38.9880725],[-74.8012999,38.9878569],[-74.8016468,38.9876773],[-74.8018573,38.987512],[-74.8020887,38.9873322],[-74.8023201,38.9871524],[-74.8025516,38.9869725],[-74.802783,38.9867927],[-74.8030532,38.9865882],[-74.8035155,38.9864087],[-74.8037082,38.9862536],[-74.8039606,38.9860592],[-74.8042865,38.9858941],[-74.8043547,38.9857655],[-74.8044707,38.9855855],[-74.8045867,38.9854054],[-74.8047026,38.9852254],[-74.8048186,38.9850454]]}},{"type":"Feature","properties":{"year":2023,"scene_id":"S2A_MSIL2A_20230326T154901_R054_T18SWJ_20240826T102635","datetime":"2023-03-26T15:49:01.024000Z","cloud_cover_tile_pct":0.05,"cloud_mask_aoi_pct":0.28,"ndwi_threshold":0.002,"tide":{"level_m_msl":0.724,"time":"2023-03-26T15:48:00Z","source":"verified"},"wave":{"height_m":1.3,"dominant_period_s":7.1,"time":"2023-03-26T15:40:00Z","source":"NDBC historical"},"wave_setup_m":0.159,"horizontal_correction_m":19.6,"uncertainty_m":17.5,"image":"/data/scenes/sentinel-20230326T154901.jpg","image_shape":[477,556],"stac_url":"https://planetarycomputer.microsoft.com/api/stac/v1/collections/sentinel-2-l2a/items/S2A_MSIL2A_20230326T154901_R054_T18SWJ_20240826T102635","high_tide":{"time":"2023-03-26T16:56:00Z","level_m_msl":0.507,"source":"NOAA predicted high tide","image_offset_minutes":-67.0},"geometry_p90_deviation_m":58.5,"geometry_max_deviation_m":72.7,"geometry_kind":"corrected"},"geometry":{"type":"LineString","coordinates":[[-74.7862829,39.0058276],[-74.7862835,39.0056474],[-74.786284,39.0054671],[-74.7862864,39.005265],[-74.7863497,39.0050639],[-74.7864029,39.0049047],[-74.7864017,39.0047465],[-74.7864022,39.0045662],[-74.7864096,39.0043431],[-74.7865429,39.0041269],[-74.7866417,39.0039831],[-74.7866353,39.0038457],[-74.7866359,39.0036655],[-74.7866364,39.0034853],[-74.7866439,39.0032622],[-74.7867599,39.0030822],[-74.7867535,39.0029448],[-74.7867541,39.0027646],[-74.7867546,39.0025844],[-74.7867552,39.0024042],[-74.7867557,39.0022239],[-74.7867562,39.0020437],[-74.7867568,39.0018635],[-74.7867573,39.0016832],[-74.7867579,39.001503],[-74.7867584,39.0013228],[-74.7867831,39.0010635],[-74.7870918,39.0008158],[-74.7875384,39.0006454],[-74.7875931,39.0005243],[-74.7876919,39.0003805],[-74.7877097,39.0001641],[-74.7879838,38.9999384],[-74.7881727,38.9998045],[-74.7881732,38.9996242],[-74.7884262,38.9994174],[-74.7885208,38.9992644],[-74.7886368,38.9990844],[-74.7887743,38.9988774],[-74.7890269,38.9986787],[-74.7892158,38.9985448],[-74.7892163,38.9983645],[-74.7894904,38.9981388],[-74.7897219,38.997959],[-74.7899534,38.9977792],[-74.7902195,38.9975774],[-74.790682,38.997398],[-74.7908788,38.9972402],[-74.7911103,38.9970604],[-74.7913418,38.9968806],[-74.7915733,38.9967008],[-74.7918235,38.9965079],[-74.7921518,38.9963413],[-74.7922466,38.9961802],[-74.7924992,38.9959815],[-74.7927307,38.9958017],[-74.7929411,38.9956408],[-74.7930571,38.9954607],[-74.7933097,38.995262],[-74.79352,38.9951011],[-74.793636,38.9949211],[-74.7938675,38.9947413],[-74.7939835,38.9945613],[-74.7942361,38.9943625],[-74.7944465,38.9942016],[-74.794541,38.9940486],[-74.7946784,38.9938416],[-74.794931,38.9936428],[-74.7951414,38.9934819],[-74.7952359,38.9933289],[-74.7953734,38.9931219],[-74.7956048,38.9929421],[-74.7957208,38.992762],[-74.7959523,38.9925822],[-74.7960683,38.9924022],[-74.7962997,38.9922224],[-74.7964157,38.9920423],[-74.7966472,38.9918625],[-74.7967843,38.9916636],[-74.7971312,38.991484],[-74.7972261,38.9913228],[-74.7974786,38.9911241],[-74.797689,38.9909632],[-74.7978049,38.9907832],[-74.7980364,38.9906033],[-74.7981309,38.9904503],[-74.7982684,38.9902433],[-74.7985209,38.9900446],[-74.7987313,38.9898836],[-74.7988472,38.9897036],[-74.7991185,38.9894919],[-74.7994813,38.9893032],[-74.7998123,38.9891326],[-74.800025,38.9889658],[-74.8002565,38.9887859],[-74.8004879,38.9886061],[-74.8007193,38.9884263],[-74.8009508,38.9882465],[-74.8011822,38.9880666],[-74.8013925,38.9879057],[-74.8015085,38.9877257],[-74.8017798,38.9875139],[-74.8021266,38.9873343],[-74.8023183,38.9871864],[-74.8024342,38.9870063],[-74.8026656,38.9868265],[-74.8027816,38.9866465],[-74.8030687,38.9864257],[-74.8035152,38.9862552],[-74.8035699,38.9861341],[-74.8036964,38.9859395],[-74.803881,38.9857472],[-74.8040547,38.9855672],[-74.8042284,38.9853873],[-74.8044128,38.985197],[-74.8046546,38.9850086]]}},{"type":"Feature","properties":{"year":2023,"scene_id":"S2B_MSIL2A_20230410T154819_R054_T18SWJ_20240830T012740","datetime":"2023-04-10T15:48:19.024000Z","cloud_cover_tile_pct":0.15,"cloud_mask_aoi_pct":0.55,"ndwi_threshold":0.007,"tide":{"level_m_msl":0.574,"time":"2023-04-10T15:48:00Z","source":"verified"},"wave":{"height_m":1.61,"dominant_period_s":10.0,"time":"2023-04-10T15:40:00Z","source":"NDBC historical"},"wave_setup_m":0.25,"horizontal_correction_m":18.3,"uncertainty_m":17.3,"image":"/data/scenes/sentinel-20230410T154819.jpg","image_shape":[477,556],"stac_url":"https://planetarycomputer.microsoft.com/api/stac/v1/collections/sentinel-2-l2a/items/S2B_MSIL2A_20230410T154819_R054_T18SWJ_20240830T012740","high_tide":{"time":"2023-04-10T16:17:00Z","level_m_msl":0.51,"source":"NOAA predicted high tide","image_offset_minutes":-28.7},"geometry_p90_deviation_m":45.9,"geometry_max_deviation_m":65.9,"geometry_kind":"corrected"},"geometry":{"type":"LineString","coordinates":[[-74.7862982,39.0058276],[-74.7863004,39.0056269],[-74.7863635,39.0054273],[-74.786417,39.0052667],[-74.7864159,39.0051069],[-74.7864228,39.0048867],[-74.7865389,39.0047067],[-74.786533,39.0045665],[-74.7865335,39.0043862],[-74.7865405,39.004166],[-74.7866565,39.003986],[-74.7866506,39.0038458],[-74.7866512,39.0036656],[-74.7866582,39.0034453],[-74.7867742,39.0032653],[-74.7867683,39.0031251],[-74.7867688,39.0029449],[-74.7867694,39.0027646],[-74.7867699,39.0025844],[-74.7867705,39.0024042],[-74.786771,39.002224],[-74.7867715,39.0020437],[-74.7867721,39.0018635],[-74.7867726,39.0016833],[-74.7867732,39.0015031],[-74.7867737,39.0013228],[-74.7867968,39.0010689],[-74.787068,39.0008463],[-74.7872598,39.0007093],[-74.7872603,39.000529],[-74.7875316,39.0003064],[-74.7877434,39.0001443],[-74.7878394,38.9999894],[-74.7879554,38.9998094],[-74.7880714,38.9996294],[-74.7881874,38.9994494],[-74.7883432,38.9992266],[-74.7886902,38.999047],[-74.7887865,38.9988846],[-74.789018,38.9987048],[-74.789134,38.9985247],[-74.7893655,38.9983449],[-74.7894815,38.9981649],[-74.7897327,38.9979675],[-74.7899642,38.9977877],[-74.7902132,38.9975957],[-74.7905427,38.9974283],[-74.790639,38.9972659],[-74.7909076,38.9970563],[-74.7912546,38.9968767],[-74.7914686,38.996709],[-74.7917001,38.9965292],[-74.791949,38.9963372],[-74.7922785,38.9961698],[-74.7923749,38.9960074],[-74.792626,38.9958099],[-74.7928575,38.9956301],[-74.7930693,38.9954679],[-74.7931492,38.9953468],[-74.7931497,38.9951666],[-74.7933018,38.9949277],[-74.7935333,38.9947478],[-74.7936293,38.994593],[-74.7937653,38.9943878],[-74.7940339,38.9941782],[-74.7943634,38.9940107],[-74.7944794,38.9938307],[-74.7948263,38.9936511],[-74.7949026,38.9935139],[-74.7950186,38.9933339],[-74.7951546,38.9931287],[-74.7954058,38.9929312],[-74.7956372,38.9927514],[-74.795849,38.9925892],[-74.795945,38.9924343],[-74.796081,38.9922291],[-74.7963125,38.9920493],[-74.7964284,38.9918693],[-74.7966796,38.9916718],[-74.796911,38.991492],[-74.7971228,38.9913298],[-74.7972188,38.991175],[-74.7973187,38.9910287],[-74.7973192,38.9908484],[-74.797491,38.9905919],[-74.7978553,38.9904001],[-74.7980868,38.9902203],[-74.7984162,38.9900528],[-74.7985125,38.9898904],[-74.7987637,38.989693],[-74.7989951,38.9895131],[-74.7992265,38.9893333],[-74.799458,38.9891535],[-74.7996697,38.9889913],[-74.7997857,38.9888112],[-74.8000543,38.9886016],[-74.8004012,38.988422],[-74.8006326,38.9882422],[-74.8009943,38.9880541],[-74.801309,38.987895],[-74.8014249,38.987715],[-74.8017893,38.9875232],[-74.8019636,38.9873983],[-74.8019841,38.987193],[-74.8023681,38.9869835],[-74.8025821,38.9868158],[-74.8028135,38.986636],[-74.8030449,38.9864562],[-74.8032567,38.986294],[-74.8034246,38.9860758],[-74.8040024,38.9858965],[-74.8040464,38.9857798],[-74.8041534,38.9856156],[-74.8042045,38.9854534],[-74.804258,38.9852928],[-74.8042568,38.985133]]}},{"type":"Feature","properties":{"year":2023,"scene_id":"S2B_MSIL2A_20230510T154819_R054_T18SWJ_20230510T222908","datetime":"2023-05-10T15:48:19.024000Z","cloud_cover_tile_pct":6.57,"cloud_mask_aoi_pct":0.34,"ndwi_threshold":-0.02,"tide":{"level_m_msl":0.511,"time":"2023-05-10T15:48:00Z","source":"verified"},"wave":{"height_m":0.98,"dominant_period_s":5.9,"time":"2023-05-10T15:40:00Z","source":"NDBC historical"},"wave_setup_m":0.115,"horizontal_correction_m":13.9,"uncertainty_m":16.5,"image":"/data/scenes/sentinel-20230510T154819.jpg","image_shape":[477,556],"stac_url":"https://planetarycomputer.microsoft.com/api/stac/v1/collections/sentinel-2-l2a/items/S2B_MSIL2A_20230510T154819_R054_T18SWJ_20230510T222908","high_tide":{"time":"2023-05-10T17:04:00Z","level_m_msl":0.492,"source":"NOAA predicted high tide","image_offset_minutes":-75.7},"geometry_p90_deviation_m":56.8,"geometry_max_deviation_m":68.2,"geometry_kind":"corrected"},"geometry":{"type":"LineString","coordinates":[[-74.7866426,39.0057979],[-74.7866973,39.0056326],[-74.7866965,39.0054679],[-74.7866971,39.0052877],[-74.7866976,39.0051074],[-74.7866981,39.0049272],[-74.7867036,39.0047166],[-74.7868196,39.0045366],[-74.7868153,39.0043868],[-74.7868158,39.0042065],[-74.7868163,39.0040263],[-74.7868169,39.0038461],[-74.7868174,39.0036659],[-74.786818,39.0034856],[-74.7868185,39.0033054],[-74.786819,39.0031252],[-74.7868196,39.002945],[-74.7868201,39.0027647],[-74.7868207,39.0025845],[-74.7868212,39.0024043],[-74.7868218,39.002224],[-74.7868223,39.0020438],[-74.7868228,39.0018636],[-74.7868234,39.0016834],[-74.7868239,39.0015031],[-74.7868245,39.0013229],[-74.7868421,39.0010867],[-74.7871171,39.0008651],[-74.7874359,39.0007081],[-74.7874089,39.0005727],[-74.787525,39.0003927],[-74.7875206,39.0002428],[-74.7875211,39.0000626],[-74.7875823,38.9997846],[-74.7881809,38.9995945],[-74.7883785,38.9994348],[-74.788595,38.9992684],[-74.7886958,38.9991075],[-74.7888118,38.9989275],[-74.788943,38.9987284],[-74.7891895,38.9985352],[-74.789421,38.9983554],[-74.7896525,38.9981756],[-74.789884,38.9979958],[-74.7901155,38.9978159],[-74.790347,38.9976361],[-74.7905917,38.9974471],[-74.7909387,38.9972675],[-74.7911569,38.9970969],[-74.7913884,38.9969171],[-74.7916049,38.9967507],[-74.7917209,38.9965707],[-74.7919674,38.9963774],[-74.7921839,38.996211],[-74.7923149,38.9960176],[-74.7926618,38.995838],[-74.7927629,38.9956714],[-74.7930093,38.9954782],[-74.7932258,38.9953117],[-74.7933418,38.9951317],[-74.7935733,38.9949519],[-74.7936893,38.9947719],[-74.7939208,38.9945921],[-74.7940368,38.994412],[-74.7942832,38.9942188],[-74.7945147,38.994039],[-74.7947312,38.9938726],[-74.7948472,38.9936926],[-74.7950786,38.9935127],[-74.7951794,38.9933518],[-74.7953106,38.9931527],[-74.7955421,38.9929729],[-74.7956581,38.9927928],[-74.7959045,38.9925996],[-74.796136,38.9924198],[-74.7963525,38.9922534],[-74.7964532,38.9920925],[-74.7965994,38.9918799],[-74.7969314,38.9917137],[-74.7969167,38.9915526],[-74.7971916,38.991331],[-74.7975252,38.9911606],[-74.797611,38.9910131],[-74.797727,38.9908331],[-74.7978582,38.990634],[-74.7981046,38.9904407],[-74.7983361,38.9902609],[-74.7985675,38.9900811],[-74.798784,38.9899146],[-74.7989149,38.9897212],[-74.7992751,38.9895324],[-74.7994933,38.9893618],[-74.7997247,38.9891819],[-74.7999562,38.9890021],[-74.8001876,38.9888223],[-74.800419,38.9886424],[-74.8006505,38.9884626],[-74.8008819,38.9882828],[-74.8011133,38.9881029],[-74.8013448,38.9879231],[-74.8015612,38.9877567],[-74.8016772,38.9875766],[-74.8019236,38.9873834],[-74.802155,38.9872036],[-74.8023997,38.9870145],[-74.8027466,38.9868349],[-74.8029648,38.9866643],[-74.8031962,38.9864844],[-74.8034276,38.9863046],[-74.803659,38.9861248],[-74.8038831,38.985951],[-74.8040492,38.9857784],[-74.8042151,38.9856072],[-74.8043236,38.9854375],[-74.8044471,38.9852471],[-74.8046285,38.9850584]]}},{"type":"Feature","properties":{"year":2023,"scene_id":"S2A_MSIL2A_20230522T153811_R011_T18SWJ_20240908T002113","datetime":"2023-05-22T15:38:11.024000Z","cloud_cover_tile_pct":5.79,"cloud_mask_aoi_pct":0.27,"ndwi_threshold":-0.012,"tide":{"level_m_msl":0.664,"time":"2023-05-22T15:36:00Z","source":"verified"},"wave":{"height_m":0.79,"dominant_period_s":9.1,"time":"2023-05-22T15:40:00Z","source":"NDBC historical"},"wave_setup_m":0.159,"horizontal_correction_m":18.3,"uncertainty_m":17.3,"image":"/data/scenes/sentinel-20230522T153811.jpg","image_shape":[477,556],"stac_url":"https://planetarycomputer.microsoft.com/api/stac/v1/collections/sentinel-2-l2a/items/S2A_MSIL2A_20230522T153811_R011_T18SWJ_20240908T002113","high_tide":{"time":"2023-05-22T15:19:00Z","level_m_msl":0.508,"source":"NOAA predicted high tide","image_offset_minutes":19.2},"geometry_p90_deviation_m":39.9,"geometry_max_deviation_m":51.9,"geometry_kind":"corrected"},"geometry":{"type":"LineString","coordinates":[[-74.786478,39.005788],[-74.7865316,39.0056274],[-74.7865304,39.0054676],[-74.786531,39.0052874],[-74.7865315,39.0051071],[-74.7865385,39.004887],[-74.7866545,39.0047069],[-74.7866486,39.0045667],[-74.7866492,39.0043865],[-74.7866497,39.0042062],[-74.7866567,39.003986],[-74.7867727,39.003806],[-74.7867668,39.0036658],[-74.7867673,39.0034855],[-74.7867679,39.0033053],[-74.7867684,39.0031251],[-74.786769,39.0029449],[-74.7867695,39.0027646],[-74.7867701,39.0025844],[-74.7867768,39.0024442],[-74.7866618,39.0022637],[-74.7866562,39.0020435],[-74.7866567,39.0018633],[-74.7866573,39.0016831],[-74.7866578,39.0015028],[-74.7866648,39.0012826],[-74.7867969,39.0010689],[-74.786933,39.0008638],[-74.7871645,39.000684],[-74.7872805,39.0005039],[-74.787512,39.0003241],[-74.787608,39.0001693],[-74.787744,38.9999641],[-74.7879755,38.9997843],[-74.7880916,38.9996043],[-74.7883231,38.9994245],[-74.7884191,38.9992696],[-74.7885351,38.9990896],[-74.7886511,38.9989096],[-74.7887871,38.9987044],[-74.7890186,38.9985246],[-74.7891347,38.9983446],[-74.7893662,38.9981648],[-74.7895018,38.9979671],[-74.7898811,38.997767],[-74.790228,38.9975874],[-74.7905602,38.9974162],[-74.7907743,38.9972485],[-74.7910057,38.9970687],[-74.7912372,38.9968889],[-74.791449,38.9967267],[-74.791565,38.9965467],[-74.7918162,38.9963492],[-74.792028,38.9961871],[-74.792144,38.996007],[-74.7923952,38.9958096],[-74.7926267,38.9956298],[-74.7928385,38.9954676],[-74.7929545,38.9952876],[-74.7931859,38.9951077],[-74.7932819,38.9949529],[-74.7934179,38.9947477],[-74.7936494,38.9945679],[-74.7937654,38.9943879],[-74.7940166,38.9941904],[-74.7942283,38.9940282],[-74.7943443,38.9938482],[-74.7945758,38.9936684],[-74.7946918,38.9934884],[-74.7949233,38.9933085],[-74.7950192,38.9931537],[-74.7951553,38.9929485],[-74.7954064,38.9927511],[-74.7956379,38.9925712],[-74.7958693,38.9923914],[-74.7961008,38.9922116],[-74.7962925,38.9920745],[-74.7962931,38.9918943],[-74.7965642,38.9916717],[-74.796776,38.9915095],[-74.796872,38.9913546],[-74.797008,38.9911495],[-74.7972591,38.990952],[-74.7974709,38.9907898],[-74.7976065,38.9905922],[-74.7979709,38.9904004],[-74.7981849,38.9902327],[-74.7984163,38.9900529],[-74.7986478,38.9898731],[-74.7988792,38.9896932],[-74.7991107,38.9895134],[-74.7993421,38.9893336],[-74.7995539,38.9891714],[-74.7996699,38.9889913],[-74.799921,38.9887939],[-74.8001524,38.9886141],[-74.8003838,38.9884342],[-74.8005956,38.988272],[-74.8007312,38.9880744],[-74.8010956,38.9878826],[-74.8012899,38.9877325],[-74.8014059,38.9875525],[-74.8016373,38.9873727],[-74.8017533,38.9871926],[-74.8020044,38.9869952],[-74.8022532,38.9868032],[-74.8026001,38.9866236],[-74.8028463,38.9864353],[-74.8033087,38.9862559],[-74.8035079,38.9860966],[-74.8037297,38.9859247],[-74.8038933,38.9857544],[-74.8040568,38.985586],[-74.8041629,38.9854196],[-74.8042789,38.9852396],[-74.8043949,38.9850595]]}},{"type":"Feature","properties":{"year":2023,"scene_id":"S2A_MSIL2A_20230820T153821_R011_T18SWJ_20241015T130941","datetime":"2023-08-20T15:38:21.024000Z","cloud_cover_tile_pct":0.41,"cloud_mask_aoi_pct":0.24,"ndwi_threshold":-0.002,"tide":{"level_m_msl":0.754,"time":"2023-08-20T15:36:00Z","source":"verified"},"wave":{"height_m":0.57,"dominant_period_s":6.7,"time":"2023-08-20T15:40:00Z","source":"NDBC historical"},"wave_setup_m":0.1,"horizontal_correction_m":19.0,"uncertainty_m":17.4,"image":"/data/scenes/sentinel-20230820T153821.jpg","image_shape":[477,556],"stac_url":"https://planetarycomputer.microsoft.com/api/stac/v1/collections/sentinel-2-l2a/items/S2A_MSIL2A_20230820T153821_R011_T18SWJ_20241015T130941","high_tide":{"time":"2023-08-20T15:50:00Z","level_m_msl":0.716,"source":"NOAA predicted high tide","image_offset_minutes":-11.6},"geometry_p90_deviation_m":45.4,"geometry_max_deviation_m":61.1,"geometry_kind":"corrected"},"geometry":{"type":"LineString","coordinates":[[-74.7867525,39.0058285],[-74.7867597,39.0056068],[-74.7868924,39.0053918],[-74.7869918,39.0052468],[-74.7869857,39.005108],[-74.7869862,39.0049277],[-74.7869867,39.0047475],[-74.7869873,39.0045673],[-74.7869878,39.0043871],[-74.7869884,39.0042068],[-74.7869889,39.0040266],[-74.7869894,39.0038464],[-74.78699,39.0036662],[-74.7869905,39.0034859],[-74.7869911,39.0033057],[-74.7869916,39.0031255],[-74.7869922,39.0029453],[-74.7869927,39.002765],[-74.7869996,39.0026263],[-74.7869012,39.0024809],[-74.7867698,39.0022654],[-74.7867639,39.0020437],[-74.7867644,39.0018635],[-74.786765,39.0016833],[-74.7867655,39.001503],[-74.7867894,39.0012464],[-74.7870209,39.0010666],[-74.7870214,39.0008864],[-74.787253,39.0007066],[-74.7872535,39.0005264],[-74.7875262,39.0003022],[-74.7877577,39.0001224],[-74.787948,38.9999869],[-74.7879486,38.9998067],[-74.7882212,38.9995826],[-74.7884527,38.9994028],[-74.7886638,38.9992412],[-74.7887591,38.9990873],[-74.7888959,38.9988812],[-74.7891478,38.9986831],[-74.7893793,38.9985033],[-74.7895904,38.9983418],[-74.7897064,38.9981617],[-74.7899379,38.9979819],[-74.7900539,38.9978019],[-74.7903058,38.9976038],[-74.7905553,38.9974114],[-74.7909023,38.9972318],[-74.7911157,38.9970646],[-74.7913472,38.9968848],[-74.7915583,38.9967232],[-74.7916743,38.9965432],[-74.7919262,38.9963451],[-74.7921577,38.9961653],[-74.7923687,38.9960038],[-74.7924847,38.9958238],[-74.7927162,38.9956439],[-74.7928322,38.9954639],[-74.7930637,38.9952841],[-74.7931797,38.9951041],[-74.7934112,38.9949243],[-74.7935272,38.9947442],[-74.7937791,38.9945462],[-74.7939901,38.9943846],[-74.7941061,38.9942046],[-74.7943376,38.9940248],[-74.7944536,38.9938447],[-74.7946851,38.9936649],[-74.7948011,38.9934849],[-74.7950529,38.9932868],[-74.795264,38.9931253],[-74.79538,38.9929452],[-74.7956318,38.9927471],[-74.7958429,38.9925856],[-74.7959589,38.9924056],[-74.7961903,38.9922258],[-74.7963063,38.9920457],[-74.7965582,38.9918476],[-74.7967693,38.9916861],[-74.7968645,38.9915321],[-74.7970012,38.991326],[-74.7972327,38.9911462],[-74.7973487,38.9909662],[-74.7976005,38.9907681],[-74.7978116,38.9906065],[-74.7979275,38.9904265],[-74.7981794,38.9902284],[-74.7984108,38.9900486],[-74.7986219,38.989887],[-74.7987379,38.989707],[-74.7989897,38.9895089],[-74.7992211,38.9893291],[-74.7994707,38.9891367],[-74.7998176,38.988957],[-74.8000309,38.9887898],[-74.800242,38.9886282],[-74.8003579,38.9884482],[-74.8006098,38.9882501],[-74.8008412,38.9880702],[-74.8010726,38.9878904],[-74.8013041,38.9877106],[-74.8015151,38.987549],[-74.8016515,38.9873507],[-74.8020164,38.9871585],[-74.8022094,38.9870095],[-74.8023254,38.9868295],[-74.8025772,38.9866314],[-74.8028267,38.986439],[-74.8031736,38.9862593],[-74.8033869,38.9860921],[-74.8035979,38.9859305],[-74.8036931,38.9857765],[-74.8038193,38.9855824],[-74.8040035,38.9853905],[-74.8041667,38.9852225],[-74.8042724,38.9850566]]}},{"type":"Feature","properties":{"year":2023,"scene_id":"S2A_MSIL2A_20230902T154821_R054_T18SWJ_20241105T121609","datetime":"2023-09-02T15:48:21.024000Z","cloud_cover_tile_pct":0.43,"cloud_mask_aoi_pct":0.39,"ndwi_threshold":-0.002,"tide":{"level_m_msl":1.071,"time":"2023-09-02T15:48:00Z","source":"verified"},"wave":{"height_m":1.37,"dominant_period_s":11.4,"time":"2023-09-02T15:40:00Z","source":"NDBC historical"},"wave_setup_m":0.263,"horizontal_correction_m":29.6,"uncertainty_m":19.3,"image":"/data/scenes/sentinel-20230902T154821.jpg","image_shape":[477,556],"stac_url":"https://planetarycomputer.microsoft.com/api/stac/v1/collections/sentinel-2-l2a/items/S2A_MSIL2A_20230902T154821_R054_T18SWJ_20241105T121609","high_tide":{"time":"2023-09-02T15:01:00Z","level_m_msl":1.038,"source":"NOAA predicted high tide","image_offset_minutes":47.4},"geometry_p90_deviation_m":44.1,"geometry_max_deviation_m":60.3,"geometry_kind":"corrected"},"geometry":{"type":"LineString","coordinates":[[-74.7867448,39.0058284],[-74.7867481,39.0056151],[-74.7868141,39.0054033],[-74.7868647,39.0052549],[-74.7868625,39.0051078],[-74.786863,39.0049275],[-74.7868636,39.0047473],[-74.7868641,39.0045671],[-74.786875,39.0043221],[-74.7869911,39.0041421],[-74.7869812,39.0040266],[-74.7869817,39.0038464],[-74.7869823,39.0036662],[-74.7869828,39.0034859],[-74.7869834,39.0033057],[-74.7869939,39.0031903],[-74.786879,39.0030098],[-74.7868695,39.0027648],[-74.78687,39.0025846],[-74.7868806,39.0024692],[-74.7867914,39.0023434],[-74.7866507,39.0021083],[-74.7866412,39.0018633],[-74.7866418,39.001683],[-74.7866423,39.0015028],[-74.7866429,39.0013226],[-74.7866799,39.001023],[-74.7869757,39.0007739],[-74.7871429,39.0006634],[-74.7871434,39.0004832],[-74.7874393,39.0002341],[-74.7876389,39.0000828],[-74.7877549,38.9999028],[-74.7879864,38.999723],[-74.7881024,38.999543],[-74.7883658,38.9993346],[-74.7885655,38.9991834],[-74.7886815,38.9990033],[-74.7888805,38.9988643],[-74.7888811,38.9986841],[-74.7892051,38.9984153],[-74.7895239,38.9982554],[-74.7895756,38.9981446],[-74.789724,38.9979239],[-74.7899874,38.9977155],[-74.7902471,38.9975161],[-74.7906181,38.9973228],[-74.7909651,38.9971432],[-74.791288,38.9969772],[-74.7914594,38.9968456],[-74.7915754,38.9966656],[-74.7918388,38.9964572],[-74.7920384,38.996306],[-74.7921544,38.996126],[-74.7924177,38.9959176],[-74.7926173,38.9957663],[-74.7927333,38.9955863],[-74.7929648,38.9954065],[-74.7930808,38.9952265],[-74.7933123,38.9950466],[-74.7934283,38.9948666],[-74.7936916,38.9946583],[-74.7938912,38.994507],[-74.7940072,38.994327],[-74.7942387,38.9941471],[-74.7943547,38.9939671],[-74.794618,38.9937588],[-74.7948495,38.9935789],[-74.7950491,38.9934277],[-74.7951651,38.9932476],[-74.7953966,38.9930678],[-74.7954801,38.9929285],[-74.7956285,38.9927078],[-74.79586,38.992528],[-74.795976,38.9923479],[-74.7962393,38.9921396],[-74.7964708,38.9919597],[-74.7966704,38.9918085],[-74.7967539,38.9916692],[-74.7969023,38.9914484],[-74.7971338,38.9912686],[-74.7972498,38.9910886],[-74.7975131,38.9908802],[-74.7977127,38.9907289],[-74.7977962,38.9905896],[-74.7979446,38.9903689],[-74.798208,38.9901605],[-74.7984394,38.9899807],[-74.7986708,38.9898008],[-74.7989023,38.989621],[-74.7991337,38.9894412],[-74.7993652,38.9892613],[-74.7995966,38.9890815],[-74.7998281,38.9889017],[-74.8000595,38.9887219],[-74.8002909,38.988542],[-74.8006114,38.9883123],[-74.8012679,38.9881499],[-74.8011154,38.9881916],[-74.8011263,38.9879466],[-74.8013008,38.9876712],[-74.8015641,38.9874628],[-74.8017955,38.987283],[-74.8019951,38.9871317],[-74.802111,38.9869517],[-74.8023743,38.9867433],[-74.802658,38.9865302],[-74.8031404,38.9863411],[-74.8034432,38.9861847],[-74.8036464,38.9860245],[-74.8038459,38.9858732],[-74.8039295,38.985734],[-74.8040194,38.9856085],[-74.8040095,38.9854931],[-74.8040204,38.9852481],[-74.8041624,38.9850134]]}},{"type":"Feature","properties":{"year":2023,"scene_id":"S2A_MSIL2A_20230919T153921_R011_T18SWJ_20241018T113101","datetime":"2023-09-19T15:39:21.024000Z","cloud_cover_tile_pct":0.13,"cloud_mask_aoi_pct":0.26,"ndwi_threshold":0.002,"tide":{"level_m_msl":0.97,"time":"2023-09-19T15:42:00Z","source":"verified"},"wave":{"height_m":1.12,"dominant_period_s":12.1,"time":"2023-09-19T15:40:00Z","source":"NDBC historical"},"wave_setup_m":0.252,"horizontal_correction_m":27.2,"uncertainty_m":18.9,"image":"/data/scenes/sentinel-20230919T153921.jpg","image_shape":[477,556],"stac_url":"https://planetarycomputer.microsoft.com/api/stac/v1/collections/sentinel-2-l2a/items/S2A_MSIL2A_20230919T153921_R011_T18SWJ_20241018T113101","high_tide":{"time":"2023-09-19T15:55:00Z","level_m_msl":0.872,"source":"NOAA predicted high tide","image_offset_minutes":-15.6},"geometry_p90_deviation_m":47.6,"geometry_max_deviation_m":59.4,"geometry_kind":"corrected"},"geometry":{"type":"LineString","coordinates":[[-74.7868407,39.0057693],[-74.786892,39.0056181],[-74.78689,39.0054683],[-74.7868931,39.0052577],[-74.7869584,39.0050486],[-74.7870097,39.0048974],[-74.7870077,39.0047476],[-74.7870082,39.0045673],[-74.7870088,39.0043871],[-74.7870188,39.0041476],[-74.7871349,39.0039675],[-74.7871259,39.0038466],[-74.7871264,39.0036664],[-74.787127,39.0034862],[-74.7871275,39.003306],[-74.787128,39.0031257],[-74.7871286,39.0029455],[-74.7871291,39.0027653],[-74.7871297,39.0025851],[-74.7871302,39.0024048],[-74.7871635,39.0023341],[-74.7869331,39.0021535],[-74.7869008,39.0018637],[-74.7869014,39.0016835],[-74.7869019,39.0015033],[-74.7869025,39.0013231],[-74.786903,39.0011428],[-74.786937,39.0008532],[-74.7871982,39.0006361],[-74.7872845,39.0004934],[-74.7874303,39.0002761],[-74.7876618,39.0000963],[-74.7877778,38.9999162],[-74.7880093,38.9997364],[-74.7881545,38.9995303],[-74.7885015,38.9993507],[-74.7885883,38.9991968],[-74.788849,38.9989908],[-74.7890513,38.9988372],[-74.7891376,38.9986945],[-74.7892834,38.9984772],[-74.7895441,38.9982712],[-74.7897755,38.9980914],[-74.790007,38.9979116],[-74.7902385,38.9977318],[-74.79047,38.997552],[-74.7907015,38.9973721],[-74.790933,38.9971923],[-74.7911645,38.9970125],[-74.791396,38.9968327],[-74.7916275,38.9966529],[-74.791859,38.9964731],[-74.7920612,38.9963194],[-74.7921772,38.9961394],[-74.7924379,38.9959334],[-74.7926402,38.9957798],[-74.7927265,38.9956371],[-74.7928722,38.9954197],[-74.7931329,38.9952138],[-74.7933054,38.9950974],[-74.793306,38.9949172],[-74.7935672,38.9947001],[-74.7936832,38.99452],[-74.7939146,38.9943402],[-74.7940598,38.994134],[-74.7944068,38.9939544],[-74.7944936,38.9938006],[-74.7947542,38.9935946],[-74.7949565,38.9934409],[-74.7950725,38.9932609],[-74.7953332,38.9930549],[-74.7955646,38.9928751],[-74.7957961,38.9926953],[-74.7959983,38.9925416],[-74.7961143,38.9923616],[-74.7963458,38.9921818],[-74.7964618,38.9920017],[-74.7966932,38.9918219],[-74.7967795,38.9916792],[-74.7969252,38.9914619],[-74.7971567,38.991282],[-74.7972726,38.991102],[-74.7975041,38.9909222],[-74.7976201,38.9907422],[-74.7978515,38.9905623],[-74.7979675,38.9903823],[-74.7982282,38.9901763],[-74.7984596,38.9899965],[-74.798691,38.9898167],[-74.7989225,38.9896368],[-74.7991539,38.989457],[-74.7993562,38.9893033],[-74.7995013,38.9890971],[-74.7998961,38.988887],[-74.8001952,38.9887379],[-74.8002819,38.988584],[-74.8005134,38.9884042],[-74.8006293,38.9882242],[-74.80089,38.9880182],[-74.8011214,38.9878383],[-74.8013787,38.9876405],[-74.8017256,38.9874609],[-74.8019312,38.987299],[-74.8021334,38.9871454],[-74.8022196,38.9870027],[-74.8023945,38.9867591],[-74.8027893,38.986549],[-74.8031142,38.9863818],[-74.8033197,38.98622],[-74.8035511,38.9860402],[-74.8037534,38.9858865],[-74.8038396,38.9857438],[-74.8039702,38.9855435],[-74.804159,38.9853465],[-74.8043175,38.9851837],[-74.8044189,38.9850239]]}},{"type":"Feature","properties":{"year":2023,"scene_id":"S2A_MSIL2A_20231002T155101_R054_T18SWJ_20231003T012309","datetime":"2023-10-02T15:51:01.024000Z","cloud_cover_tile_pct":0.49,"cloud_mask_aoi_pct":0.61,"ndwi_threshold":0.032,"tide":{"level_m_msl":1.299,"time":"2023-10-02T15:54:00Z","source":"verified"},"wave":{"height_m":1.62,"dominant_period_s":10.8,"time":"2023-10-02T15:40:00Z","source":"NDBC historical"},"wave_setup_m":0.27,"horizontal_correction_m":34.9,"uncertainty_m":20.3,"image":"/data/scenes/sentinel-20231002T155101.jpg","image_shape":[477,556],"stac_url":"https://planetarycomputer.microsoft.com/api/stac/v1/collections/sentinel-2-l2a/items/S2A_MSIL2A_20231002T155101_R054_T18SWJ_20231003T012309","high_tide":{"time":"2023-10-02T15:22:00Z","level_m_msl":1.11,"source":"NOAA predicted high tide","image_offset_minutes":29.0},"geometry_p90_deviation_m":62.1,"geometry_max_deviation_m":72.7,"geometry_kind":"corrected"},"geometry":{"type":"LineString","coordinates":[[-74.7869582,39.0056883],[-74.7870435,39.0055725],[-74.7870318,39.0054685],[-74.7870324,39.0052883],[-74.7870329,39.0051081],[-74.7870334,39.0049278],[-74.7870462,39.0046714],[-74.7871623,39.0044914],[-74.7871506,39.0043874],[-74.7871511,39.0042071],[-74.7871516,39.0040269],[-74.7871522,39.0038467],[-74.7871527,39.0036665],[-74.7871533,39.0034862],[-74.7871656,39.0033823],[-74.7870809,39.0032662],[-74.786966,39.0030858],[-74.7868207,39.002841],[-74.7868095,39.0025845],[-74.78681,39.0024043],[-74.7868106,39.002224],[-74.7868111,39.0020438],[-74.7868117,39.0018636],[-74.7868122,39.0016833],[-74.7868127,39.0015031],[-74.7868133,39.0013229],[-74.7868261,39.0010665],[-74.787011,39.0007742],[-74.7873133,39.0005377],[-74.7875895,39.0004148],[-74.7875518,39.0002826],[-74.7877833,39.0001028],[-74.7877409,39.000063],[-74.7877415,38.9998828],[-74.7877543,38.9996263],[-74.7880618,38.99925],[-74.7887915,38.9990568],[-74.7890171,38.9989419],[-74.7890574,38.9988435],[-74.7891734,38.9986635],[-74.7893651,38.9984019],[-74.7897736,38.9981831],[-74.7900923,38.9980196],[-74.7902531,38.9978965],[-74.7903691,38.9977165],[-74.7906381,38.997503],[-74.7908696,38.9973232],[-74.7911011,38.9971434],[-74.7913325,38.9969636],[-74.7915265,38.9968174],[-74.7916425,38.9966374],[-74.7919448,38.9964008],[-74.7922917,38.9962212],[-74.79249,38.9960645],[-74.7926458,38.9959663],[-74.792722,38.9957045],[-74.7931844,38.9955251],[-74.7930786,38.9954907],[-74.7932634,38.9951984],[-74.7935324,38.994985],[-74.7937639,38.9948052],[-74.7939197,38.9947069],[-74.7939202,38.9945267],[-74.7942606,38.9942422],[-74.7945743,38.9940857],[-74.7946146,38.9939873],[-74.7947688,38.9937593],[-74.7950377,38.9935459],[-74.7952692,38.993366],[-74.7954632,38.9932198],[-74.7955791,38.9930398],[-74.7958106,38.99286],[-74.7959266,38.99268],[-74.7961956,38.9924665],[-74.7963895,38.9923203],[-74.7964673,38.9921882],[-74.7966215,38.9919603],[-74.7968905,38.9917468],[-74.7970844,38.9916006],[-74.7972004,38.9914206],[-74.7974694,38.9912072],[-74.7977008,38.9910273],[-74.7978947,38.9908811],[-74.7979726,38.990749],[-74.7981267,38.9905211],[-74.7983582,38.9903412],[-74.7984741,38.9901612],[-74.7987431,38.9899478],[-74.7989745,38.9897679],[-74.7991685,38.9896217],[-74.7992463,38.9894896],[-74.7994004,38.9892617],[-74.7997026,38.9890251],[-74.8000778,38.9888294],[-74.8003964,38.9886658],[-74.8005189,38.9885907],[-74.8005195,38.9884105],[-74.8008266,38.9881491],[-74.8011195,38.9879301],[-74.8015818,38.9877506],[-74.801785,38.9875868],[-74.8021602,38.9873912],[-74.8024456,38.9872507],[-74.802524,38.9871043],[-74.8027554,38.9869244],[-74.8028714,38.9867444],[-74.8031403,38.986531],[-74.8033343,38.9863847],[-74.8034502,38.9862047],[-74.8037806,38.9859521],[-74.8042147,38.9857887],[-74.8042218,38.9857133],[-74.8043377,38.9855333],[-74.8044537,38.9853533],[-74.8045884,38.9851472]]}},{"type":"Feature","properties":{"year":2023,"scene_id":"S2B_MSIL2A_20231004T154009_R011_T18SWJ_20231004T232420","datetime":"2023-10-04T15:40:09.024000Z","cloud_cover_tile_pct":0.17,"cloud_mask_aoi_pct":0.83,"ndwi_threshold":0.012,"tide":{"level_m_msl":0.973,"time":"2023-10-04T15:42:00Z","source":"verified"},"wave":{"height_m":1.13,"dominant_period_s":10.8,"time":"2023-10-04T15:40:00Z","source":"NDBC historical"},"wave_setup_m":0.226,"horizontal_correction_m":26.6,"uncertainty_m":18.8,"image":"/data/scenes/sentinel-20231004T154009.jpg","image_shape":[477,556],"stac_url":"https://planetarycomputer.microsoft.com/api/stac/v1/collections/sentinel-2-l2a/items/S2B_MSIL2A_20231004T154009_R011_T18SWJ_20231004T232420","high_tide":{"time":"2023-10-04T17:00:00Z","level_m_msl":0.947,"source":"NOAA predicted high tide","image_offset_minutes":-79.8},"geometry_p90_deviation_m":79.8,"geometry_max_deviation_m":101.9,"geometry_kind":"corrected"},"geometry":{"type":"LineString","coordinates":[[-74.7870775,39.0057708],[-74.7871289,39.0056191],[-74.7871269,39.0054687],[-74.7871275,39.0052885],[-74.787128,39.0051082],[-74.7871286,39.004928],[-74.7871291,39.0047478],[-74.7871296,39.0045676],[-74.7871395,39.0043291],[-74.7872556,39.0041491],[-74.7872467,39.0040271],[-74.7872473,39.0038469],[-74.7872478,39.0036666],[-74.7872484,39.0034864],[-74.7872489,39.0033062],[-74.7872494,39.003126],[-74.78725,39.0029457],[-74.7872505,39.0027655],[-74.7872511,39.0025853],[-74.7873127,39.0025492],[-74.7869668,39.0023684],[-74.7869062,39.002044],[-74.7869068,39.0018637],[-74.7869073,39.0016835],[-74.7869078,39.0015033],[-74.7869084,39.0013231],[-74.7869089,39.0011428],[-74.7869714,39.0008187],[-74.7873471,39.0006134],[-74.7874344,39.0004591],[-74.7876946,39.0002536],[-74.7878975,39.0000995],[-74.7880135,38.9999194],[-74.7882158,38.9997763],[-74.7882164,38.999596],[-74.7885311,38.9993363],[-74.7888781,38.9991567],[-74.7890263,38.9990568],[-74.7890269,38.9988766],[-74.7893162,38.9986345],[-74.7895477,38.9984547],[-74.7897792,38.9982749],[-74.7900107,38.9980951],[-74.7902676,38.9978976],[-74.7906692,38.9976908],[-74.7912141,38.9975266],[-74.7912018,38.9974878],[-74.7912024,38.9973076],[-74.7914466,38.9969863],[-74.7920245,38.9968071],[-74.7920649,38.9966827],[-74.792325,38.9964772],[-74.7925819,38.9962797],[-74.7928748,38.9961434],[-74.7928228,38.9960489],[-74.7929622,38.9958198],[-74.7930782,38.9956398],[-74.7932234,38.9954231],[-74.7934835,38.9952176],[-74.7936863,38.9950635],[-74.7938023,38.9948835],[-74.7940338,38.9947036],[-74.7941498,38.9945236],[-74.7943812,38.9943438],[-74.7944972,38.9941638],[-74.7947287,38.993984],[-74.7948447,38.9938039],[-74.7950762,38.9936241],[-74.7951922,38.9934441],[-74.7954236,38.9932643],[-74.7955396,38.9930843],[-74.7957711,38.9929044],[-74.7958871,38.9927244],[-74.7961472,38.9925189],[-74.7963786,38.9923391],[-74.7966101,38.9921593],[-74.7968129,38.9920051],[-74.7968997,38.9918617],[-74.7970157,38.9916817],[-74.7971609,38.991465],[-74.797421,38.9912595],[-74.7976524,38.9910797],[-74.7978552,38.9909256],[-74.7979712,38.9907455],[-74.7982027,38.9905657],[-74.7983186,38.9903857],[-74.7985787,38.9901802],[-74.7988102,38.9900004],[-74.7990416,38.9898205],[-74.7992153,38.989703],[-74.7992158,38.9895228],[-74.799505,38.9892806],[-74.7997834,38.9890709],[-74.8002458,38.9888915],[-74.8004303,38.9887416],[-74.8006039,38.988624],[-74.800581,38.9884929],[-74.8007495,38.9882271],[-74.8010746,38.9879831],[-74.8016524,38.9878038],[-74.8017902,38.9876882],[-74.8019818,38.9874526],[-74.8025596,38.9872734],[-74.8025708,38.9871855],[-74.8027159,38.9869689],[-74.802976,38.9867634],[-74.8032074,38.9865835],[-74.8033811,38.986466],[-74.8034393,38.9862235],[-74.8039487,38.9860141],[-74.8041191,38.9858758],[-74.8042781,38.9857099],[-74.804437,38.9855468],[-74.8045386,38.9853866],[-74.8046546,38.9852066],[-74.8047706,38.9850265]]}},{"type":"Feature","properties":{"year":2023,"scene_id":"S2A_MSIL2A_20231019T154251_R011_T18SWJ_20240909T114951","datetime":"2023-10-19T15:42:51.024000Z","cloud_cover_tile_pct":0.13,"cloud_mask_aoi_pct":0.21,"ndwi_threshold":0.023,"tide":{"level_m_msl":1.156,"time":"2023-10-19T15:42:00Z","source":"verified"},"wave":{"height_m":0.51,"dominant_period_s":11.4,"time":"2023-10-19T15:40:00Z","source":"NDBC historical"},"wave_setup_m":0.16,"horizontal_correction_m":29.2,"uncertainty_m":19.3,"image":"/data/scenes/sentinel-20231019T154251.jpg","image_shape":[477,556],"stac_url":"https://planetarycomputer.microsoft.com/api/stac/v1/collections/sentinel-2-l2a/items/S2A_MSIL2A_20231019T154251_R011_T18SWJ_20240909T114951","high_tide":{"time":"2023-10-19T16:16:00Z","level_m_msl":0.932,"source":"NOAA predicted high tide","image_offset_minutes":-33.1},"geometry_p90_deviation_m":61.1,"geometry_max_deviation_m":70.8,"geometry_kind":"corrected"},"geometry":{"type":"LineString","coordinates":[[-74.7869803,39.0058289],[-74.7869808,39.0056486],[-74.7869813,39.0054684],[-74.7869846,39.0052555],[-74.7870504,39.0050442],[-74.7871012,39.0048953],[-74.787099,39.0047477],[-74.7871098,39.0045036],[-74.7872258,39.0043236],[-74.7872161,39.0042073],[-74.7872166,39.004027],[-74.7872172,39.0038468],[-74.787228,39.0036027],[-74.787344,39.0034227],[-74.7873343,39.0033063],[-74.7873348,39.0031261],[-74.7873453,39.0030098],[-74.7872303,39.0028294],[-74.7872309,39.0026492],[-74.7872044,39.0025913],[-74.7868862,39.00243],[-74.786565,39.0021612],[-74.7865302,39.0018631],[-74.7865307,39.0016828],[-74.7865313,39.0015026],[-74.7865318,39.0013224],[-74.7865684,39.0010244],[-74.7869149,39.0007433],[-74.7873774,39.0005639],[-74.7875259,39.0004451],[-74.7876099,39.0003053],[-74.7877259,39.0001253],[-74.7878419,38.9999453],[-74.787958,38.9997653],[-74.788106,38.9995451],[-74.7883969,38.9993177],[-74.788716,38.9991575],[-74.7888005,38.9990056],[-74.7890635,38.9987977],[-74.789295,38.9986179],[-74.789495,38.9984662],[-74.789611,38.9982862],[-74.789874,38.9980782],[-74.790074,38.9979266],[-74.79019,38.9977466],[-74.790453,38.9975386],[-74.7907124,38.9973394],[-74.7910593,38.9971598],[-74.7912629,38.9969994],[-74.7914944,38.9968195],[-74.7917259,38.9966397],[-74.7919574,38.9964599],[-74.7921889,38.9962801],[-74.7924203,38.9961003],[-74.7926204,38.9959486],[-74.7927364,38.9957686],[-74.7929678,38.9955888],[-74.7930838,38.9954088],[-74.7933468,38.9952008],[-74.7935783,38.995021],[-74.7937783,38.9948693],[-74.7938943,38.9946893],[-74.7941257,38.9945095],[-74.7942417,38.9943295],[-74.7944732,38.9941496],[-74.7945572,38.9940098],[-74.7947052,38.9937896],[-74.7949367,38.9936098],[-74.7950527,38.9934298],[-74.7952841,38.9932499],[-74.7954001,38.9930699],[-74.7956316,38.9928901],[-74.7957476,38.9927101],[-74.7960384,38.9924827],[-74.7963853,38.9923031],[-74.7965574,38.9921708],[-74.7966414,38.992031],[-74.7967574,38.991851],[-74.7969054,38.9916307],[-74.7971368,38.9914509],[-74.7972528,38.9912709],[-74.7975157,38.9910629],[-74.7977157,38.9909112],[-74.7977997,38.9907714],[-74.7979477,38.9905512],[-74.7982106,38.9903432],[-74.7984106,38.9901915],[-74.7985266,38.9900115],[-74.7987895,38.9898035],[-74.7990209,38.9896237],[-74.7992523,38.9894438],[-74.7994523,38.9892922],[-74.7995998,38.989084],[-74.7999745,38.9888849],[-74.8001781,38.9887245],[-74.8004095,38.9885447],[-74.8006095,38.988393],[-74.8007255,38.988213],[-74.8010399,38.9879721],[-74.8015023,38.9877927],[-74.8016822,38.9876457],[-74.8019652,38.987433],[-74.8024038,38.987267],[-74.8024605,38.9871346],[-74.8027233,38.9869266],[-74.8029233,38.9867749],[-74.8030393,38.9865949],[-74.8032707,38.986415],[-74.8033867,38.986235],[-74.8036774,38.9860076],[-74.8039964,38.9858474],[-74.8040489,38.9857357],[-74.8041806,38.9855339],[-74.8043706,38.9853355],[-74.804528,38.985174],[-74.8046282,38.9850158]]}},{"type":"Feature","properties":{"year":2023,"scene_id":"S2B_MSIL2A_20231116T155529_R054_T18SWJ_20241010T180337","datetime":"2023-11-16T15:55:29.024000Z","cloud_cover_tile_pct":0.02,"cloud_mask_aoi_pct":0.72,"ndwi_threshold":0.012,"tide":{"level_m_msl":1.013,"time":"2023-11-16T15:54:00Z","source":"verified"},"wave":{"height_m":0.68,"dominant_period_s":10.0,"time":"2023-11-16T16:10:00Z","source":"NDBC historical"},"wave_setup_m":0.162,"horizontal_correction_m":26.1,"uncertainty_m":18.7,"image":"/data/scenes/sentinel-20231116T155529.jpg","image_shape":[477,556],"stac_url":"https://planetarycomputer.microsoft.com/api/stac/v1/collections/sentinel-2-l2a/items/S2B_MSIL2A_20231116T155529_R054_T18SWJ_20241010T180337","high_tide":{"time":"2023-11-16T15:12:00Z","level_m_msl":0.984,"source":"NOAA predicted high tide","image_offset_minutes":43.5},"geometry_p90_deviation_m":48.5,"geometry_max_deviation_m":59.4,"geometry_kind":"corrected"},"geometry":{"type":"LineString","coordinates":[[-74.7867854,39.0058285],[-74.7867884,39.0056191],[-74.7868534,39.0054111],[-74.786905,39.0052589],[-74.7869031,39.0051078],[-74.7869128,39.0048705],[-74.7870518,39.0046424],[-74.7871449,39.0045105],[-74.7871362,39.0043873],[-74.7871368,39.0042071],[-74.7871373,39.0040269],[-74.787147,39.0037896],[-74.7872631,39.0036096],[-74.7872544,39.0034864],[-74.787255,39.0033062],[-74.7872555,39.003126],[-74.787256,39.0029457],[-74.7872566,39.0027655],[-74.787266,39.0026424],[-74.7872021,39.0025462],[-74.7869716,39.0023655],[-74.7868056,39.0021009],[-74.7867973,39.0018635],[-74.7867979,39.0016833],[-74.7867984,39.0015031],[-74.786799,39.0013229],[-74.7868087,39.0010856],[-74.7870044,39.0007964],[-74.7873514,39.0006168],[-74.7874107,39.0004978],[-74.7875267,39.0003178],[-74.7876428,39.0001378],[-74.7877588,38.9999578],[-74.7878748,38.9997778],[-74.7879908,38.9995978],[-74.7881354,38.9993818],[-74.7883669,38.999202],[-74.788511,38.9989968],[-74.7888829,38.9987999],[-74.7890614,38.9986626],[-74.7891774,38.9984826],[-74.789437,38.9982776],[-74.7896685,38.9980978],[-74.7899,38.997918],[-74.7901034,38.9977633],[-74.7902194,38.9975833],[-74.790479,38.9973784],[-74.7907354,38.9971812],[-74.7910824,38.9970016],[-74.7913139,38.9968218],[-74.7916608,38.9966422],[-74.7918674,38.9964797],[-74.7920989,38.9962999],[-74.7923023,38.9961452],[-74.7923897,38.9960011],[-74.7925343,38.9957852],[-74.7927939,38.9955802],[-74.7930253,38.9954004],[-74.7932287,38.9952457],[-74.7933161,38.9951016],[-74.7934888,38.9948605],[-74.7938358,38.9946809],[-74.7939237,38.9945261],[-74.7941551,38.9943462],[-74.7942711,38.9941662],[-74.7945026,38.9939864],[-74.7946186,38.9938064],[-74.7948501,38.9936266],[-74.7949661,38.9934465],[-74.7952256,38.9932416],[-74.7954571,38.9930617],[-74.7956605,38.9929071],[-74.7957764,38.9927271],[-74.7960079,38.9925472],[-74.7961239,38.9923672],[-74.7963554,38.9921874],[-74.7964713,38.9920074],[-74.7967028,38.9918275],[-74.7968188,38.9916475],[-74.7970502,38.9914677],[-74.7971662,38.9912877],[-74.7973977,38.9911078],[-74.7975137,38.9909278],[-74.7977451,38.990748],[-74.7978611,38.990568],[-74.7981206,38.990363],[-74.7983521,38.9901831],[-74.7985835,38.9900033],[-74.798815,38.9898235],[-74.7990183,38.9896688],[-74.7991343,38.9894888],[-74.7993938,38.9892838],[-74.7996253,38.989104],[-74.7998567,38.9889241],[-74.8000881,38.9887443],[-74.8003196,38.9885645],[-74.800551,38.9883847],[-74.8007544,38.98823],[-74.8008984,38.9880248],[-74.8012702,38.9878278],[-74.8014768,38.9876653],[-74.8017082,38.9874855],[-74.8019396,38.9873057],[-74.802171,38.9871258],[-74.8023744,38.9869711],[-74.8024904,38.9867911],[-74.8027499,38.9865861],[-74.8029813,38.9864063],[-74.8032376,38.9862091],[-74.8035845,38.9860295],[-74.8037773,38.9858784],[-74.8039366,38.9857122],[-74.8040958,38.9855487],[-74.8041977,38.9853881],[-74.8043136,38.9852081],[-74.8044296,38.9850281]]}},{"type":"Feature","properties":{"year":2024,"scene_id":"S2B_MSIL2A_20240214T155249_R054_T18SWJ_20240214T211948","datetime":"2024-02-14T15:52:49.024000Z","cloud_cover_tile_pct":5.38,"cloud_mask_aoi_pct":2.64,"ndwi_threshold":0.023,"tide":{"level_m_msl":0.886,"time":"2024-02-14T15:54:00Z","source":"verified"},"wave":{"height_m":1.91,"dominant_period_s":5.0,"time":"2024-02-14T15:40:00Z","source":"NDBC historical"},"wave_setup_m":0.136,"horizontal_correction_m":22.7,"uncertainty_m":18.1,"image":"/data/scenes/sentinel-20240214T155249.jpg","image_shape":[477,556],"stac_url":"https://planetarycomputer.microsoft.com/api/stac/v1/collections/sentinel-2-l2a/items/S2B_MSIL2A_20240214T155249_R054_T18SWJ_20240214T211948","high_tide":{"time":"2024-02-14T16:57:00Z","level_m_msl":0.703,"source":"NOAA predicted high tide","image_offset_minutes":-64.2},"geometry_p90_deviation_m":70.9,"geometry_max_deviation_m":84.8,"geometry_kind":"corrected"},"geometry":{"type":"LineString","coordinates":[[-74.787237,39.0057797],[-74.7872894,39.0056238],[-74.7872878,39.005469],[-74.7872905,39.0052634],[-74.7873546,39.005059],[-74.787407,39.0049031],[-74.7874135,39.0046987],[-74.7875295,39.0045187],[-74.78753,39.0043384],[-74.7876461,39.0041584],[-74.7876386,39.0040278],[-74.7876392,39.0038476],[-74.7876397,39.0036674],[-74.7876402,39.0034871],[-74.7876485,39.0033566],[-74.7875335,39.0031761],[-74.7875264,39.0029462],[-74.7875346,39.0028157],[-74.787464,39.0027085],[-74.7872579,39.0025498],[-74.787049,39.0023843],[-74.7866573,39.0021663],[-74.7866057,39.0018632],[-74.7866062,39.001683],[-74.7866068,39.0015027],[-74.7866073,39.0013225],[-74.7866607,39.0010196],[-74.7870538,39.0008031],[-74.7872636,39.0006383],[-74.7874951,39.0004585],[-74.7877266,39.0002787],[-74.7879337,39.0001208],[-74.7880497,38.9999408],[-74.7882812,38.999761],[-74.7883524,38.999654],[-74.7883729,38.9994319],[-74.7886537,38.999199],[-74.7889069,38.9990042],[-74.7892539,38.9988246],[-74.7894393,38.9986817],[-74.7895553,38.9985017],[-74.7898112,38.9983],[-74.7900427,38.9981202],[-74.7902742,38.9979404],[-74.7904813,38.9977824],[-74.7905973,38.9976024],[-74.7908532,38.9974007],[-74.7910847,38.9972209],[-74.7913162,38.9970411],[-74.7915477,38.9968613],[-74.7917792,38.9966815],[-74.7920106,38.9965017],[-74.7922177,38.9963437],[-74.7923337,38.9961637],[-74.7925896,38.995962],[-74.7928211,38.9957822],[-74.7930526,38.9956024],[-74.793284,38.9954226],[-74.7935155,38.9952428],[-74.7937226,38.9950848],[-74.7938386,38.9949048],[-74.79407,38.994725],[-74.7941612,38.9945762],[-74.794302,38.9943649],[-74.7945335,38.9941851],[-74.7946495,38.9940051],[-74.794881,38.9938253],[-74.794997,38.9936452],[-74.7952529,38.9934435],[-74.7954599,38.9932856],[-74.795551,38.9931368],[-74.7956919,38.9929256],[-74.7959233,38.9927457],[-74.7960393,38.9925657],[-74.7963169,38.9923489],[-74.7966421,38.9921844],[-74.7967337,38.9920262],[-74.7969896,38.9918245],[-74.7971718,38.9916978],[-74.7971971,38.9914864],[-74.7975441,38.9913067],[-74.7975197,38.9911577],[-74.7978221,38.9909097],[-74.7981229,38.9907671],[-74.7980786,38.9906599],[-74.7982394,38.9904068],[-74.7984953,38.9902051],[-74.7987267,38.9900253],[-74.7989582,38.9898454],[-74.7991896,38.9896656],[-74.7993718,38.9895389],[-74.7993723,38.9893587],[-74.7996931,38.9891002],[-74.8001554,38.9889208],[-74.8003685,38.9887514],[-74.8006693,38.9886087],[-74.800625,38.9885016],[-74.8007858,38.9882485],[-74.8010416,38.9880467],[-74.8012947,38.9878518],[-74.8016416,38.9876722],[-74.8018914,38.9874819],[-74.8023354,38.9873129],[-74.8024053,38.9871698],[-74.8026611,38.9869681],[-74.8028682,38.9868102],[-74.8029841,38.9866301],[-74.80324,38.9864284],[-74.8034714,38.9862486],[-74.8037244,38.9860537],[-74.8040497,38.9858891],[-74.8041164,38.9857622],[-74.8042323,38.9855821],[-74.8043483,38.9854021],[-74.8044765,38.9852052],[-74.8046628,38.9850109]]}},{"type":"Feature","properties":{"year":2024,"scene_id":"S2A_MSIL2A_20240226T154221_R011_T18SWJ_20240226T224219","datetime":"2024-02-26T15:42:21.024000Z","cloud_cover_tile_pct":0.35,"cloud_mask_aoi_pct":0.22,"ndwi_threshold":0.018,"tide":{"level_m_msl":0.79,"time":"2024-02-26T15:42:00Z","source":"verified"},"wave":{"height_m":1.38,"dominant_period_s":5.6,"time":"2024-02-26T15:40:00Z","source":"NDBC historical"},"wave_setup_m":0.129,"horizontal_correction_m":20.4,"uncertainty_m":17.7,"image":"/data/scenes/sentinel-20240226T154221.jpg","image_shape":[477,556],"stac_url":"https://planetarycomputer.microsoft.com/api/stac/v1/collections/sentinel-2-l2a/items/S2A_MSIL2A_20240226T154221_R011_T18SWJ_20240226T224219","high_tide":{"time":"2024-02-26T14:37:00Z","level_m_msl":0.694,"source":"NOAA predicted high tide","image_offset_minutes":65.4},"geometry_p90_deviation_m":59.3,"geometry_max_deviation_m":72.9,"geometry_kind":"corrected"},"geometry":{"type":"LineString","coordinates":[[-74.7870821,39.0058291],[-74.7870845,39.005626],[-74.7871481,39.0054241],[-74.7872064,39.0052439],[-74.7872647,39.0050638],[-74.7873177,39.0049055],[-74.7873163,39.0047481],[-74.787324,39.0045233],[-74.7874401,39.0043432],[-74.7874334,39.0042077],[-74.787434,39.0040274],[-74.7874345,39.0038472],[-74.787435,39.003667],[-74.7874356,39.0034868],[-74.7874361,39.0033065],[-74.7874366,39.0031263],[-74.7874441,39.0029907],[-74.7873292,39.0028103],[-74.7873474,39.0026678],[-74.7871611,39.0025351],[-74.7869306,39.0023544],[-74.7866561,39.0021259],[-74.786632,39.0018632],[-74.7866326,39.001683],[-74.7866331,39.0015028],[-74.7866336,39.0013226],[-74.7866593,39.00106],[-74.7869547,39.0008189],[-74.7873017,39.0006393],[-74.7874917,39.0004928],[-74.7875854,39.0003408],[-74.7877238,39.0001327],[-74.7879773,38.9999332],[-74.7881644,38.9998012],[-74.788165,38.999621],[-74.7884603,38.9993799],[-74.7887878,38.9992138],[-74.7888595,38.9990816],[-74.7889978,38.9988734],[-74.7892293,38.9986936],[-74.7893454,38.9985136],[-74.7895988,38.9983141],[-74.7898303,38.9981343],[-74.7900398,38.9979742],[-74.7901558,38.9977942],[-74.7904093,38.9975947],[-74.7906408,38.9974149],[-74.7908723,38.9972351],[-74.7911038,38.9970552],[-74.7913548,38.9968619],[-74.7916822,38.9966958],[-74.7917763,38.9965355],[-74.7920492,38.9963224],[-74.7923767,38.9961564],[-74.7924707,38.995996],[-74.7927242,38.9957965],[-74.7929556,38.9956167],[-74.7931871,38.9954369],[-74.7933966,38.9952768],[-74.7934903,38.9951248],[-74.7936286,38.9949167],[-74.7938601,38.9947369],[-74.7939761,38.9945569],[-74.7942295,38.9943574],[-74.794439,38.9941973],[-74.794555,38.9940172],[-74.7947865,38.9938374],[-74.7948801,38.9936855],[-74.7950185,38.9934774],[-74.79525,38.9932975],[-74.7953659,38.9931175],[-74.7956194,38.992918],[-74.7958289,38.9927579],[-74.7959449,38.9925779],[-74.7961983,38.9923784],[-74.7964078,38.9922182],[-74.7965014,38.9920663],[-74.7966398,38.9918582],[-74.7968712,38.9916783],[-74.7969872,38.9914983],[-74.7972187,38.9913185],[-74.7973346,38.9911385],[-74.7975881,38.990939],[-74.7977975,38.9907788],[-74.7979135,38.9905988],[-74.798145,38.990419],[-74.7982609,38.9902389],[-74.7985144,38.9900394],[-74.7987458,38.9898596],[-74.7989967,38.9896662],[-74.7993242,38.9895001],[-74.7994182,38.9893398],[-74.7996911,38.9891267],[-74.800038,38.9889471],[-74.8002499,38.9887808],[-74.8004594,38.9886207],[-74.8005754,38.9884406],[-74.8008288,38.9882411],[-74.8010602,38.9880613],[-74.8012916,38.9878815],[-74.8015231,38.9877016],[-74.8017545,38.9875218],[-74.801964,38.9873616],[-74.8021019,38.9871619],[-74.8024488,38.9869823],[-74.8025428,38.9868219],[-74.8027962,38.9866224],[-74.8030276,38.9864426],[-74.803259,38.9862627],[-74.8035099,38.9860694],[-74.8038568,38.9858897],[-74.8040687,38.9857234],[-74.8042668,38.9855761],[-74.8042961,38.9854489],[-74.8043623,38.9852488],[-74.8044882,38.9850511]]}},{"type":"Feature","properties":{"year":2024,"scene_id":"S2A_MSIL2A_20240426T153941_R011_T18SWJ_20240427T001359","datetime":"2024-04-26T15:39:41.024000Z","cloud_cover_tile_pct":1.76,"cloud_mask_aoi_pct":4.53,"ndwi_threshold":0.002,"tide":{"level_m_msl":0.69,"time":"2024-04-26T15:42:00Z","source":"verified"},"wave":{"height_m":1.38,"dominant_period_s":5.6,"time":"2024-04-26T15:40:00Z","source":"NDBC historical"},"wave_setup_m":0.129,"horizontal_correction_m":18.2,"uncertainty_m":17.3,"image":"/data/scenes/sentinel-20240426T153941.jpg","image_shape":[477,556],"stac_url":"https://planetarycomputer.microsoft.com/api/stac/v1/collections/sentinel-2-l2a/items/S2A_MSIL2A_20240426T153941_R011_T18SWJ_20240427T001359","high_tide":{"time":"2024-04-26T14:55:00Z","level_m_msl":0.519,"source":"NOAA predicted high tide","image_offset_minutes":44.7},"geometry_p90_deviation_m":70.9,"geometry_max_deviation_m":81.2,"geometry_kind":"corrected"},"geometry":{"type":"LineString","coordinates":[[-74.7871719,39.0057894],[-74.7872302,39.0056093],[-74.7872885,39.0054292],[-74.787342,39.0052685],[-74.7873409,39.0051086],[-74.7873478,39.0048886],[-74.7874799,39.004675],[-74.7875799,39.0045286],[-74.787574,39.0043881],[-74.7875746,39.0042079],[-74.7875751,39.0040277],[-74.7875756,39.0038475],[-74.7875762,39.0036672],[-74.7875829,39.0035268],[-74.7874679,39.0033464],[-74.7874623,39.0031264],[-74.787469,39.0029859],[-74.7873541,39.0028055],[-74.7873546,39.0026253],[-74.7872753,39.0025036],[-74.7870643,39.0023405],[-74.7867946,39.0021172],[-74.7867732,39.0018635],[-74.7867737,39.0016833],[-74.7867743,39.0015031],[-74.7867748,39.0013228],[-74.7867817,39.0011028],[-74.7869707,39.0008346],[-74.7874331,39.0006552],[-74.7875122,39.0005048],[-74.7877437,39.000325],[-74.7878398,39.00017],[-74.7879758,38.999965],[-74.7882073,38.9997852],[-74.7883233,38.9996051],[-74.7885917,38.9993957],[-74.7889214,38.9992282],[-74.7890178,38.9990657],[-74.7892294,38.998911],[-74.7892139,38.9987643],[-74.7893658,38.9985257],[-74.7895973,38.9983459],[-74.7897134,38.9981658],[-74.7899644,38.9979685],[-74.7901959,38.9977887],[-74.7904274,38.9976089],[-74.7906589,38.9974291],[-74.7908708,38.9972668],[-74.7909868,38.9970868],[-74.7912553,38.9968773],[-74.7915849,38.9967098],[-74.7917009,38.9965298],[-74.7920652,38.9963381],[-74.7922793,38.9961704],[-74.7925108,38.9959906],[-74.7927423,38.9958107],[-74.7929738,38.9956309],[-74.7932052,38.9954511],[-74.7934367,38.9952713],[-74.7936486,38.995109],[-74.7937646,38.994929],[-74.7940157,38.9947316],[-74.7942275,38.9945694],[-74.7943435,38.9943893],[-74.794575,38.9942095],[-74.794691,38.9940295],[-74.7949225,38.9938497],[-74.7950385,38.9936696],[-74.7952895,38.9934723],[-74.795521,38.9932925],[-74.7957329,38.9931302],[-74.7958289,38.9929752],[-74.7959449,38.9927952],[-74.7960808,38.9925901],[-74.7963319,38.9923927],[-74.7965633,38.9922129],[-74.7967948,38.9920331],[-74.7970262,38.9918533],[-74.7972182,38.991716],[-74.7972027,38.9915694],[-74.7973546,38.9913307],[-74.7976057,38.9911334],[-74.7978175,38.9909711],[-74.7979136,38.9908161],[-74.7980135,38.9906696],[-74.7980301,38.9904558],[-74.798301,38.9902334],[-74.7985498,38.9900415],[-74.7989115,38.9898535],[-74.7992263,38.9896944],[-74.7993227,38.9895319],[-74.7995737,38.9893345],[-74.7998225,38.9891426],[-74.8001521,38.988975],[-74.800268,38.988795],[-74.8006149,38.9886154],[-74.8007113,38.9884529],[-74.8009428,38.9882731],[-74.8010957,38.9880634],[-74.801558,38.987884],[-74.8016566,38.987716],[-74.8020209,38.9875243],[-74.8022154,38.9873741],[-74.8023313,38.987194],[-74.8025628,38.9870142],[-74.8026787,38.9868342],[-74.8029297,38.9866368],[-74.8031785,38.9864449],[-74.8035254,38.9862653],[-74.8037395,38.9860975],[-74.8039513,38.9859352],[-74.8040473,38.9857802],[-74.8041633,38.9856002],[-74.8042793,38.9854201],[-74.8043952,38.9852401],[-74.8045112,38.9850601]]}},{"type":"Feature","properties":{"year":2024,"scene_id":"S2A_MSIL2A_20240429T154941_R054_T18SWJ_20240429T230645","datetime":"2024-04-29T15:49:41.024000Z","cloud_cover_tile_pct":6.16,"cloud_mask_aoi_pct":0.27,"ndwi_threshold":0.007,"tide":{"level_m_msl":0.501,"time":"2024-04-29T15:48:00Z","source":"verified"},"wave":{"height_m":0.94,"dominant_period_s":11.4,"time":"2024-04-29T15:40:00Z","source":"NDBC historical"},"wave_setup_m":0.217,"horizontal_correction_m":16.0,"uncertainty_m":16.9,"image":"/data/scenes/sentinel-20240429T154941.jpg","image_shape":[477,556],"stac_url":"https://planetarycomputer.microsoft.com/api/stac/v1/collections/sentinel-2-l2a/items/S2A_MSIL2A_20240429T154941_R054_T18SWJ_20240429T230645","high_tide":{"time":"2024-04-29T17:13:00Z","level_m_msl":0.415,"source":"NOAA predicted high tide","image_offset_minutes":-83.3},"geometry_p90_deviation_m":83.9,"geometry_max_deviation_m":99.3,"geometry_kind":"corrected"},"geometry":{"type":"LineString","coordinates":[[-74.7873125,39.0057946],[-74.7873708,39.0056145],[-74.7874291,39.0054343],[-74.7874832,39.0052713],[-74.7874823,39.0051089],[-74.7874884,39.0048938],[-74.7876185,39.0046843],[-74.7877205,39.0045337],[-74.7877154,39.0043884],[-74.787716,39.0042082],[-74.7877165,39.0040279],[-74.787717,39.0038477],[-74.7877176,39.0036675],[-74.7877235,39.0035222],[-74.7876086,39.0033417],[-74.7876037,39.0031266],[-74.7876097,39.0029813],[-74.7874947,39.0028009],[-74.7875265,39.0026721],[-74.7872257,39.0025247],[-74.7868346,39.0023104],[-74.7867985,39.0020438],[-74.7867991,39.0018636],[-74.7867996,39.0016833],[-74.7868002,39.0015031],[-74.7868063,39.001288],[-74.7869364,39.0010786],[-74.7870871,39.0008612],[-74.7874493,39.000671],[-74.7876656,39.0005018],[-74.7878799,39.0003374],[-74.7879784,39.0001793],[-74.7881119,38.9999773],[-74.788326,38.9998195],[-74.788344,38.9996173],[-74.7887234,38.9994118],[-74.7889396,38.9992425],[-74.7891711,38.9990627],[-74.7893855,38.9988983],[-74.789484,38.9987402],[-74.7896175,38.9985383],[-74.7898662,38.9983431],[-74.790063,38.9982006],[-74.790081,38.9979984],[-74.7904604,38.9977928],[-74.7906767,38.9976236],[-74.7909081,38.9974438],[-74.7911396,38.997264],[-74.7913711,38.9970842],[-74.7916026,38.9969044],[-74.7918493,38.996714],[-74.7921811,38.9965449],[-74.7922799,38.9963803],[-74.7925285,38.9961851],[-74.79276,38.9960053],[-74.7929915,38.9958255],[-74.793223,38.9956457],[-74.7934545,38.9954658],[-74.7936688,38.9953014],[-74.7937848,38.9951214],[-74.7940162,38.9949416],[-74.7941148,38.9947835],[-74.7942308,38.9946035],[-74.7943468,38.9944235],[-74.7944628,38.9942434],[-74.7945787,38.9940634],[-74.7947446,38.9938355],[-74.795207,38.9936561],[-74.7953078,38.9934866],[-74.7956547,38.993307],[-74.7957536,38.9931424],[-74.7960022,38.9929471],[-74.7962336,38.9927673],[-74.7964479,38.9926029],[-74.7965639,38.9924229],[-74.7967954,38.992243],[-74.7968939,38.992085],[-74.7970274,38.991883],[-74.7972588,38.9917032],[-74.7973573,38.9915451],[-74.7974908,38.9913431],[-74.7977394,38.9911479],[-74.7979537,38.9909835],[-74.7980522,38.9908254],[-74.7981682,38.9906454],[-74.7983016,38.9904434],[-74.7985655,38.9902376],[-74.7989124,38.990058],[-74.7991286,38.9898887],[-74.7993429,38.9897243],[-74.7994414,38.9895662],[-74.799592,38.9893488],[-74.799967,38.9891513],[-74.800301,38.988979],[-74.8005172,38.9888097],[-74.800714,38.9886672],[-74.8007145,38.988487],[-74.8009806,38.9882698],[-74.8012273,38.9880794],[-74.8015871,38.9878924],[-74.8019211,38.9877201],[-74.8021373,38.9875509],[-74.8023515,38.9873864],[-74.8024675,38.9872064],[-74.8027161,38.9870112],[-74.8029475,38.9868314],[-74.8031789,38.9866515],[-74.8034104,38.9864717],[-74.803657,38.9862813],[-74.8039887,38.9861122],[-74.80407,38.9859695],[-74.8041859,38.9857895],[-74.8043019,38.9856094],[-74.8044179,38.9854294],[-74.8045338,38.9852494],[-74.8046498,38.9850693]]}},{"type":"Feature","properties":{"year":2024,"scene_id":"S2A_MSIL2A_20240608T154941_R054_T18SWJ_20240609T001309","datetime":"2024-06-08T15:49:41.024000Z","cloud_cover_tile_pct":11.97,"cloud_mask_aoi_pct":0.73,"ndwi_threshold":-0.02,"tide":{"level_m_msl":0.714,"time":"2024-06-08T15:48:00Z","source":"verified"},"wave":{"height_m":0.73,"dominant_period_s":8.3,"time":"2024-06-08T15:40:00Z","source":"NDBC historical"},"wave_setup_m":0.14,"horizontal_correction_m":19.0,"uncertainty_m":17.4,"image":"/data/scenes/sentinel-20240608T154941.jpg","image_shape":[477,556],"stac_url":"https://planetarycomputer.microsoft.com/api/stac/v1/collections/sentinel-2-l2a/items/S2A_MSIL2A_20240608T154941_R054_T18SWJ_20240609T001309","high_tide":{"time":"2024-06-08T14:46:00Z","level_m_msl":0.556,"source":"NOAA predicted high tide","image_offset_minutes":63.7},"geometry_p90_deviation_m":63.8,"geometry_max_deviation_m":76.2,"geometry_kind":"corrected"},"geometry":{"type":"LineString","coordinates":[[-74.7870479,39.0057875],[-74.7871062,39.0056074],[-74.7871645,39.0054273],[-74.7872228,39.0052472],[-74.7872811,39.0050671],[-74.7873344,39.0049072],[-74.7873399,39.0047067],[-74.7874559,39.0045267],[-74.7874565,39.0043465],[-74.7875725,39.0041665],[-74.7875664,39.0040277],[-74.7875669,39.0038474],[-74.7875674,39.0036672],[-74.787568,39.003487],[-74.7875749,39.0033482],[-74.7874765,39.0032028],[-74.787345,39.0029874],[-74.7873392,39.0027657],[-74.7873626,39.0026619],[-74.7871731,39.0025258],[-74.7869223,39.0023268],[-74.7867703,39.0020852],[-74.7867644,39.0018635],[-74.786765,39.0016833],[-74.7867655,39.001503],[-74.786766,39.0013228],[-74.7867732,39.0011011],[-74.7869471,39.0008418],[-74.7872737,39.0006805],[-74.7872301,39.0006028],[-74.7872307,39.0004225],[-74.7872312,39.0002423],[-74.7872384,39.0000206],[-74.7873545,38.9998406],[-74.787355,38.9996604],[-74.7874877,38.9994454],[-74.7876037,38.9992654],[-74.7877031,38.9991203],[-74.7877036,38.9989401],[-74.7878571,38.9986991],[-74.788109,38.998501],[-74.7883586,38.9983086],[-74.7887535,38.9981064],[-74.7894666,38.9979215],[-74.7901313,38.9977517],[-74.7903058,38.9976038],[-74.7905373,38.997424],[-74.7907688,38.9972442],[-74.7910002,38.9970644],[-74.7912317,38.9968846],[-74.7914632,38.9967048],[-74.7917281,38.9965037],[-74.7921752,38.996333],[-74.7922527,38.9961838],[-74.7924842,38.996004],[-74.7926002,38.995824],[-74.7928521,38.9956259],[-74.7930836,38.9954461],[-74.7933151,38.9952662],[-74.7935261,38.9951047],[-74.7936421,38.9949247],[-74.793894,38.9947266],[-74.7941051,38.994565],[-74.7942211,38.994385],[-74.7944729,38.9941869],[-74.794684,38.9940254],[-74.7948,38.9938454],[-74.7950315,38.9936655],[-74.7951267,38.9935116],[-74.7952635,38.9933055],[-74.7954949,38.9931257],[-74.7956109,38.9929456],[-74.7958628,38.9927476],[-74.7960738,38.992586],[-74.7961691,38.9924321],[-74.7963058,38.992226],[-74.7965373,38.9920461],[-74.7966325,38.9918922],[-74.7967693,38.9916861],[-74.7970211,38.991488],[-74.7972322,38.9913264],[-74.7973274,38.9911725],[-74.7974845,38.9909481],[-74.7978314,38.9907685],[-74.7979063,38.9906328],[-74.7980056,38.9904877],[-74.7980228,38.9902726],[-74.7983134,38.9900358],[-74.7986757,38.9898474],[-74.7989892,38.9896891],[-74.7991052,38.9895091],[-74.7994855,38.9893082],[-74.7998324,38.9891285],[-74.800164,38.9889576],[-74.8003954,38.9887778],[-74.8007242,38.9886107],[-74.800799,38.9884751],[-74.800915,38.988295],[-74.8010517,38.9880889],[-74.8013036,38.9878908],[-74.8015531,38.9876984],[-74.8019,38.9875188],[-74.8021133,38.9873515],[-74.8023447,38.9871717],[-74.8025558,38.9870101],[-74.802651,38.9868562],[-74.8027877,38.98665],[-74.8030395,38.9864519],[-74.803289,38.9862595],[-74.8036359,38.9860799],[-74.8038393,38.9859209],[-74.8040025,38.985751],[-74.8041657,38.985583],[-74.8042714,38.9854171],[-74.8043782,38.9852534],[-74.8044289,38.9850919]]}},{"type":"Feature","properties":{"year":2024,"scene_id":"S2B_MSIL2A_20240822T154809_R054_T18SWJ_20240822T215036","datetime":"2024-08-22T15:48:09.024000Z","cloud_cover_tile_pct":1.86,"cloud_mask_aoi_pct":0.18,"ndwi_threshold":-0.007,"tide":{"level_m_msl":1.048,"time":"2024-08-22T15:48:00Z","source":"verified"},"wave":{"height_m":0.42,"dominant_period_s":7.7,"time":"2024-08-22T15:40:00Z","source":"NDBC historical"},"wave_setup_m":0.098,"horizontal_correction_m":25.5,"uncertainty_m":18.6,"image":"/data/scenes/sentinel-20240822T154809.jpg","image_shape":[477,556],"stac_url":"https://planetarycomputer.microsoft.com/api/stac/v1/collections/sentinel-2-l2a/items/S2B_MSIL2A_20240822T154809_R054_T18SWJ_20240822T215036","high_tide":{"time":"2024-08-22T15:15:00Z","level_m_msl":0.993,"source":"NOAA predicted high tide","image_offset_minutes":33.2},"geometry_p90_deviation_m":38.3,"geometry_max_deviation_m":53.6,"geometry_kind":"corrected"},"geometry":{"type":"LineString","coordinates":[[-74.7872549,39.0058294],[-74.7872554,39.0056491],[-74.787256,39.0054689],[-74.7872587,39.0053172],[-74.7872079,39.005164],[-74.7871443,39.0049565],[-74.7871426,39.0047478],[-74.7871432,39.0045676],[-74.7871523,39.004443],[-74.7870595,39.0043096],[-74.7869224,39.0040822],[-74.786923,39.0039019],[-74.786808,39.0037215],[-74.7868085,39.0035413],[-74.7866936,39.0033608],[-74.7866941,39.0031806],[-74.7866013,39.0030472],[-74.7864864,39.0028668],[-74.7863493,39.0026393],[-74.7863412,39.0024034],[-74.7863504,39.0022789],[-74.7862354,39.0020984],[-74.7862274,39.0018625],[-74.7862279,39.0016823],[-74.7862285,39.0015021],[-74.786229,39.0013218],[-74.7862385,39.001086],[-74.7863769,39.000859],[-74.7865208,39.000644],[-74.7867523,39.0004642],[-74.7868405,39.0003192],[-74.7869844,39.0001041],[-74.7872159,38.9999243],[-74.787304,38.9997793],[-74.7874201,38.9995993],[-74.7875361,38.9994193],[-74.78768,38.9992043],[-74.7879115,38.9990245],[-74.7879996,38.9988795],[-74.7881435,38.9986644],[-74.7884024,38.9984601],[-74.7886339,38.9982803],[-74.7888654,38.9981005],[-74.7890969,38.9979207],[-74.7893284,38.9977409],[-74.7895599,38.997561],[-74.7897914,38.9973812],[-74.7900229,38.9972014],[-74.7902544,38.9970216],[-74.7904859,38.9968418],[-74.7907417,38.9966451],[-74.7910643,38.9964824],[-74.7911529,38.9963269],[-74.7914118,38.9961226],[-74.7916433,38.9959427],[-74.7918748,38.9957629],[-74.7920789,38.9956076],[-74.7921949,38.9954276],[-74.7924537,38.9952233],[-74.7926578,38.995068],[-74.7927738,38.994888],[-74.7930327,38.9946836],[-74.7932368,38.9945283],[-74.7933528,38.9943483],[-74.7936116,38.994144],[-74.7938157,38.9939887],[-74.7939317,38.9938087],[-74.7941906,38.9936043],[-74.7943947,38.993449],[-74.7945107,38.993269],[-74.7947695,38.9930646],[-74.795001,38.9928848],[-74.795205,38.9927295],[-74.795321,38.9925495],[-74.7955799,38.9923452],[-74.795784,38.9921899],[-74.7958999,38.9920099],[-74.7961588,38.9918055],[-74.7963903,38.9916257],[-74.7966217,38.9914458],[-74.7968258,38.9912906],[-74.7969418,38.9911105],[-74.7972006,38.9909062],[-74.7974047,38.9907509],[-74.797548,38.9905463],[-74.7979192,38.9903498],[-74.7981264,38.9901869],[-74.7983579,38.990007],[-74.7985893,38.9898272],[-74.7988207,38.9896474],[-74.7990522,38.9894676],[-74.7992836,38.9892877],[-74.7995151,38.9891079],[-74.7997465,38.9889281],[-74.8000022,38.9887314],[-74.8003491,38.9885517],[-74.8006328,38.9883459],[-74.8012945,38.9881811],[-74.8011635,38.9881917],[-74.8011953,38.9879088],[-74.801482,38.9876694],[-74.8017377,38.9874727],[-74.8020603,38.98731],[-74.8021489,38.9871545],[-74.802432,38.9869332],[-74.8027789,38.9867536],[-74.802986,38.9865906],[-74.8031901,38.9864353],[-74.8033334,38.9862308],[-74.8036803,38.9860511],[-74.8037547,38.9859117],[-74.8039426,38.9857157],[-74.8040884,38.9855708],[-74.8041242,38.9854376],[-74.8041925,38.9852326],[-74.8043208,38.9850305]]}},{"type":"Feature","properties":{"year":2024,"scene_id":"S2B_MSIL2A_20240908T153819_R011_T18SWJ_20240908T210212","datetime":"2024-09-08T15:38:19.024000Z","cloud_cover_tile_pct":0.05,"cloud_mask_aoi_pct":1.48,"ndwi_threshold":-0.002,"tide":{"level_m_msl":0.978,"time":"2024-09-08T15:36:00Z","source":"verified"},"wave":{"height_m":1.26,"dominant_period_s":4.8,"time":"2024-09-08T15:40:00Z","source":"NDBC historical"},"wave_setup_m":0.106,"horizontal_correction_m":24.1,"uncertainty_m":18.3,"image":"/data/scenes/sentinel-20240908T153819.jpg","image_shape":[477,556],"stac_url":"https://planetarycomputer.microsoft.com/api/stac/v1/collections/sentinel-2-l2a/items/S2B_MSIL2A_20240908T153819_R011_T18SWJ_20240908T210212","high_tide":{"time":"2024-09-08T16:32:00Z","level_m_msl":0.779,"source":"NOAA predicted high tide","image_offset_minutes":-53.7},"geometry_p90_deviation_m":44.2,"geometry_max_deviation_m":52.2,"geometry_kind":"corrected"},"geometry":{"type":"LineString","coordinates":[[-74.7872708,39.0058294],[-74.7872734,39.0056761],[-74.7872223,39.0055215],[-74.787159,39.0053154],[-74.7871575,39.0051083],[-74.787158,39.0049281],[-74.7871586,39.0047478],[-74.7871591,39.0045676],[-74.7871678,39.00444],[-74.7870529,39.0042596],[-74.7870534,39.0040794],[-74.7869384,39.003899],[-74.786939,39.0037187],[-74.786824,39.0035383],[-74.7868164,39.0033054],[-74.7868251,39.0031778],[-74.7867311,39.0030419],[-74.7865952,39.002817],[-74.7865876,39.0025841],[-74.7865963,39.0024565],[-74.7864814,39.0022761],[-74.7864819,39.0020958],[-74.786367,39.0019154],[-74.7863594,39.0016825],[-74.7863599,39.0015023],[-74.7863604,39.0013221],[-74.786361,39.0011418],[-74.78637,39.000909],[-74.7865072,39.0006846],[-74.7866232,39.0005046],[-74.7867656,39.0002914],[-74.7869971,39.0001116],[-74.7870868,38.9999647],[-74.7872292,38.9997516],[-74.7874607,38.9995718],[-74.7875767,38.9993918],[-74.7877818,38.9992451],[-74.7877824,38.9990649],[-74.7880403,38.9988519],[-74.7881563,38.9986719],[-74.7883878,38.9984921],[-74.7885038,38.9983121],[-74.7887612,38.9981091],[-74.7889927,38.9979293],[-74.7892472,38.9977335],[-74.7895712,38.9975699],[-74.7896613,38.9974131],[-74.7899187,38.99721],[-74.7901502,38.9970302],[-74.7904241,38.9968234],[-74.7908866,38.996644],[-74.7910756,38.9964912],[-74.7913071,38.9963114],[-74.7915386,38.9961316],[-74.79177,38.9959518],[-74.7919492,38.9958283],[-74.792002,38.9955917],[-74.7924645,38.9954123],[-74.7924127,38.9952884],[-74.7926965,38.9950523],[-74.792902,38.9948957],[-74.793018,38.9947157],[-74.7932495,38.9945358],[-74.7933655,38.9943558],[-74.7936459,38.9941368],[-74.7939928,38.9939572],[-74.7942013,38.9937934],[-74.7944069,38.9936367],[-74.7945229,38.9934567],[-74.7947802,38.9932537],[-74.7949858,38.9930971],[-74.7951018,38.9929171],[-74.7954016,38.992687],[-74.7958445,38.9925186],[-74.7958853,38.9924109],[-74.7960013,38.9922309],[-74.7961173,38.9920509],[-74.7963085,38.9917985],[-74.7967904,38.9916081],[-74.7969271,38.9915116],[-74.7969276,38.9913314],[-74.7971591,38.9911516],[-74.7971384,38.9910157],[-74.7973278,38.990735],[-74.7976977,38.9905394],[-74.7978803,38.9903987],[-74.7979699,38.9902518],[-74.7981382,38.9900155],[-74.7985081,38.9898199],[-74.7987165,38.989656],[-74.7989709,38.9894602],[-74.7993179,38.9892806],[-74.7995493,38.9891008],[-74.7998962,38.9889211],[-74.8001047,38.9887573],[-74.8003361,38.9885774],[-74.8005416,38.9884208],[-74.8006576,38.9882408],[-74.8009149,38.9880377],[-74.8011693,38.9878419],[-74.8015162,38.9876623],[-74.8017247,38.9874984],[-74.8019561,38.9873186],[-74.8021876,38.9871388],[-74.8023931,38.9869821],[-74.802509,38.9868021],[-74.8027664,38.9865991],[-74.8030208,38.9864033],[-74.8033871,38.9862125],[-74.8037145,38.986044],[-74.8038971,38.9859033],[-74.8039867,38.9857564],[-74.8041026,38.9855764],[-74.8042186,38.9853963],[-74.8043346,38.9852163],[-74.8044505,38.9850363]]}},{"type":"Feature","properties":{"year":2024,"scene_id":"S2A_MSIL2A_20241006T155131_R054_T18SWJ_20241006T204347","datetime":"2024-10-06T15:51:31.024000Z","cloud_cover_tile_pct":12.61,"cloud_mask_aoi_pct":3.82,"ndwi_threshold":0.027,"tide":{"level_m_msl":1.1,"time":"2024-10-06T15:54:00Z","source":"verified"},"wave":{"height_m":1.36,"dominant_period_s":13.8,"time":"2024-10-06T15:40:00Z","source":"NDBC historical"},"wave_setup_m":0.317,"horizontal_correction_m":31.5,"uncertainty_m":19.7,"image":"/data/scenes/sentinel-20241006T155131.jpg","image_shape":[477,556],"stac_url":"https://planetarycomputer.microsoft.com/api/stac/v1/collections/sentinel-2-l2a/items/S2A_MSIL2A_20241006T155131_R054_T18SWJ_20241006T204347","high_tide":{"time":"2024-10-06T15:20:00Z","level_m_msl":0.873,"source":"NOAA predicted high tide","image_offset_minutes":31.5},"geometry_p90_deviation_m":39.5,"geometry_max_deviation_m":53.0,"geometry_kind":"corrected"},"geometry":{"type":"LineString","coordinates":[[-74.786839,39.0058286],[-74.7868395,39.0056484],[-74.7868401,39.0054682],[-74.7868435,39.0052528],[-74.7869099,39.005039],[-74.7869601,39.0048925],[-74.7869688,39.0046787],[-74.7870848,39.0044987],[-74.7870743,39.0043872],[-74.7870748,39.004207],[-74.7870754,39.0040268],[-74.7870759,39.0038466],[-74.7870764,39.0036663],[-74.7870876,39.0035549],[-74.7869727,39.0033745],[-74.7869626,39.0031254],[-74.7869631,39.0029452],[-74.7869637,39.002765],[-74.7869642,39.0025848],[-74.7869754,39.0024734],[-74.786922,39.0023944],[-74.7866574,39.0021704],[-74.7866199,39.0018632],[-74.7866204,39.001683],[-74.786621,39.0015028],[-74.7866215,39.0013225],[-74.7866608,39.0010155],[-74.7868923,39.0008357],[-74.7868541,39.0007823],[-74.7868547,39.0006021],[-74.7868663,39.0003531],[-74.78701,39.000115],[-74.7871605,38.9998917],[-74.7873575,38.9997552],[-74.7873581,38.999575],[-74.7876579,38.9993216],[-74.7878894,38.9991418],[-74.788087,38.9989923],[-74.7881686,38.9988555],[-74.7882569,38.9987335],[-74.7882851,38.9984953],[-74.788585,38.9982419],[-74.7888465,38.9980412],[-74.7891634,38.9978825],[-74.7892456,38.9977328],[-74.7895109,38.9975227],[-74.7897725,38.997322],[-74.7901662,38.9971177],[-74.7906074,38.9969485],[-74.7908134,38.9967832],[-74.7911603,38.9966036],[-74.7913618,38.9964446],[-74.7915933,38.9962648],[-74.7917909,38.9961153],[-74.7918448,38.9960366],[-74.7919074,38.9957551],[-74.7923438,38.9955098],[-74.7926652,38.9953447],[-74.7928328,38.995216],[-74.7929488,38.995036],[-74.7932142,38.9948259],[-74.7934456,38.9946461],[-74.7936432,38.9944966],[-74.7937592,38.9943165],[-74.7940246,38.9941064],[-74.7942222,38.9939569],[-74.7943382,38.9937769],[-74.7946035,38.9935667],[-74.7948011,38.9934172],[-74.7949171,38.9932372],[-74.7951486,38.9930574],[-74.7952646,38.9928774],[-74.795496,38.9926976],[-74.795612,38.9925175],[-74.7958773,38.9923074],[-74.7961088,38.9921276],[-74.7963064,38.9919781],[-74.7964224,38.991798],[-74.7966538,38.9916182],[-74.7967698,38.9914382],[-74.7970351,38.991228],[-74.7972666,38.9910482],[-74.7974642,38.9908987],[-74.7975457,38.990762],[-74.7976962,38.9905387],[-74.7979615,38.9903285],[-74.7981929,38.9901487],[-74.7984244,38.9899689],[-74.7986558,38.989789],[-74.7988872,38.9896092],[-74.7991487,38.9894085],[-74.7994656,38.9892497],[-74.7995816,38.9890697],[-74.799984,38.9888547],[-74.8003054,38.9886896],[-74.800473,38.9885609],[-74.8005889,38.9883809],[-74.8008204,38.9882011],[-74.8010002,38.9879699],[-74.8014626,38.9877904],[-74.8015147,38.9876616],[-74.8018354,38.9874161],[-74.8022978,38.9872366],[-74.8024399,38.9871225],[-74.8025214,38.9869857],[-74.8026718,38.9867624],[-74.8029371,38.9865523],[-74.8031685,38.9863724],[-74.8033999,38.9861926],[-74.8036313,38.9860127],[-74.8038462,38.9858467],[-74.8040026,38.9856833],[-74.8041588,38.9855232],[-74.8042578,38.9853666],[-74.8043907,38.9851631]]}},{"type":"Feature","properties":{"year":2024,"scene_id":"S2B_MSIL2A_20241021T155219_R054_T18SWJ_20241021T202707","datetime":"2024-10-21T15:52:19.024000Z","cloud_cover_tile_pct":0.01,"cloud_mask_aoi_pct":0.32,"ndwi_threshold":0.032,"tide":{"level_m_msl":1.115,"time":"2024-10-21T15:54:00Z","source":"verified"},"wave":{"height_m":1.21,"dominant_period_s":10.0,"time":"2024-10-21T15:40:00Z","source":"NDBC historical"},"wave_setup_m":0.216,"horizontal_correction_m":29.6,"uncertainty_m":19.3,"image":"/data/scenes/sentinel-20241021T155219.jpg","image_shape":[477,556],"stac_url":"https://planetarycomputer.microsoft.com/api/stac/v1/collections/sentinel-2-l2a/items/S2B_MSIL2A_20241021T155219_R054_T18SWJ_20241021T202707","high_tide":{"time":"2024-10-21T16:09:00Z","level_m_msl":1.085,"source":"NOAA predicted high tide","image_offset_minutes":-16.7},"geometry_p90_deviation_m":30.7,"geometry_max_deviation_m":46.5,"geometry_kind":"corrected"},"geometry":{"type":"LineString","coordinates":[[-74.7868135,39.0057639],[-74.7868641,39.0056154],[-74.7868619,39.0054682],[-74.7868652,39.0052549],[-74.7869312,39.0050432],[-74.7869818,39.0048947],[-74.7869796,39.0047475],[-74.7869801,39.0045673],[-74.7869807,39.0043871],[-74.7869812,39.0042068],[-74.7869921,39.003962],[-74.7871082,39.0037819],[-74.7870983,39.0036664],[-74.7870989,39.0034861],[-74.7870994,39.0033059],[-74.7870999,39.0031257],[-74.7871105,39.0030101],[-74.7869955,39.0028297],[-74.7869861,39.0025848],[-74.7869966,39.0024693],[-74.7869395,39.0023842],[-74.7866769,39.0021628],[-74.7866418,39.0018633],[-74.7866423,39.001683],[-74.7866429,39.0015028],[-74.7866434,39.0013226],[-74.7866804,39.0010232],[-74.7869119,39.0008434],[-74.786876,39.0007823],[-74.7868869,39.0005375],[-74.787029,39.0003029],[-74.7871774,39.0000822],[-74.7873765,38.9999431],[-74.787351,38.9998174],[-74.7874931,38.9995829],[-74.7876415,38.9993622],[-74.7879048,38.9991539],[-74.7880721,38.9990432],[-74.7880726,38.998863],[-74.7883365,38.9986425],[-74.7884202,38.9985032],[-74.7885686,38.9982825],[-74.7888319,38.9980742],[-74.7890634,38.9978944],[-74.789347,38.9976813],[-74.7897573,38.9975352],[-74.7896937,38.9974241],[-74.7900415,38.9971419],[-74.790504,38.9969625],[-74.7906833,38.9968159],[-74.790943,38.9966165],[-74.79129,38.9964369],[-74.7914932,38.9962767],[-74.7917247,38.9960969],[-74.7919562,38.9959171],[-74.7921877,38.9957373],[-74.7924192,38.9955574],[-74.7926506,38.9953776],[-74.7928503,38.9952263],[-74.7929663,38.9950463],[-74.7931978,38.9948665],[-74.7933138,38.9946864],[-74.7935771,38.9944781],[-74.7938085,38.9942983],[-74.7940082,38.994147],[-74.7941242,38.993967],[-74.7943875,38.9937587],[-74.7945871,38.9936073],[-74.7947031,38.9934273],[-74.7949664,38.993219],[-74.7951979,38.9930392],[-74.7953975,38.9928879],[-74.7954811,38.9927485],[-74.7956295,38.9925278],[-74.7958286,38.9923887],[-74.7958291,38.9922084],[-74.7960929,38.9919879],[-74.7962089,38.9918079],[-74.7964404,38.9916281],[-74.7965564,38.9914481],[-74.7967878,38.9912682],[-74.7969038,38.9910882],[-74.7971671,38.9908799],[-74.7973985,38.9907001],[-74.79763,38.9905202],[-74.7978296,38.9903689],[-74.7979774,38.9901604],[-74.7983525,38.9899611],[-74.7985558,38.9898009],[-74.7988154,38.9896015],[-74.7991623,38.9894219],[-74.7993656,38.9892616],[-74.7996252,38.9890622],[-74.7999721,38.9888826],[-74.8001753,38.9887223],[-74.800375,38.988571],[-74.8004909,38.988391],[-74.8007224,38.9882112],[-74.8008383,38.9880311],[-74.8011537,38.9877896],[-74.8016161,38.9876101],[-74.8017954,38.9874635],[-74.802055,38.9872641],[-74.8023737,38.987104],[-74.8024578,38.9869525],[-74.8026893,38.9867727],[-74.8028052,38.9865927],[-74.8030967,38.9863647],[-74.8034436,38.9861851],[-74.8036468,38.9860248],[-74.8038464,38.9858735],[-74.80393,38.9857341],[-74.8040459,38.9855541],[-74.8041619,38.9853741],[-74.8042938,38.985172]]}},{"type":"Feature","properties":{"year":2025,"scene_id":"S2C_MSIL2A_20250302T154211_R011_T18SWJ_20250302T203809","datetime":"2025-03-02T15:42:11.025000Z","cloud_cover_tile_pct":2.77,"cloud_mask_aoi_pct":8.08,"ndwi_threshold":0.012,"tide":{"level_m_msl":0.843,"time":"2025-03-02T15:42:00Z","source":"verified"},"wave":{"height_m":1.79,"dominant_period_s":5.3,"time":"2025-03-02T15:40:00Z","source":"NDBC historical"},"wave_setup_m":0.14,"horizontal_correction_m":21.8,"uncertainty_m":17.9,"image":"/data/scenes/sentinel-20250302T154211.jpg","image_shape":[477,556],"stac_url":"https://planetarycomputer.microsoft.com/api/stac/v1/collections/sentinel-2-l2a/items/S2C_MSIL2A_20250302T154211_R011_T18SWJ_20250302T203809","high_tide":{"time":"2025-03-02T15:07:00Z","level_m_msl":0.867,"source":"NOAA predicted high tide","image_offset_minutes":35.2},"geometry_p90_deviation_m":47.6,"geometry_max_deviation_m":62.4,"geometry_kind":"corrected"},"geometry":{"type":"LineString","coordinates":[[-74.7863729,39.0058278],[-74.7863755,39.0056231],[-74.7864394,39.0054197],[-74.7864921,39.0052629],[-74.7864906,39.0051071],[-74.7864988,39.0048791],[-74.7866148,39.0046991],[-74.7866077,39.0045666],[-74.7866082,39.0043864],[-74.7866088,39.0042062],[-74.7866093,39.0040259],[-74.7866099,39.0038457],[-74.7866104,39.0036655],[-74.786611,39.0034853],[-74.7866115,39.003305],[-74.786612,39.0031248],[-74.78662,39.0029923],[-74.786505,39.0028119],[-74.7865056,39.0026316],[-74.7864096,39.0024915],[-74.7862757,39.0022708],[-74.7862688,39.0020428],[-74.7862694,39.0018626],[-74.7862699,39.0016824],[-74.7862705,39.0015021],[-74.7863453,39.0011829],[-74.7868078,39.0010035],[-74.7867417,39.0009146],[-74.7868769,39.0006943],[-74.7869737,39.0005546],[-74.7869935,39.0003341],[-74.787225,39.0001543],[-74.7871987,39.000062],[-74.7872069,38.9998341],[-74.787366,38.9995838],[-74.7875975,38.999404],[-74.7877135,38.999224],[-74.7879685,38.9990232],[-74.7881526,38.9988944],[-74.7881263,38.9988021],[-74.7881776,38.9985039],[-74.7885689,38.9982888],[-74.7887561,38.9981445],[-74.7888482,38.9979945],[-74.7889881,38.9977845],[-74.7892431,38.9975836],[-74.7894746,38.9974038],[-74.7897446,38.9971995],[-74.7901894,38.9970302],[-74.7902845,38.9968646],[-74.79067,38.9966605],[-74.7909785,38.9965054],[-74.791071,38.9963464],[-74.7913468,38.9961311],[-74.7916729,38.995966],[-74.7917655,38.995807],[-74.7920204,38.9956061],[-74.7922284,38.9954474],[-74.7923205,38.9952974],[-74.7925047,38.9950518],[-74.7929463,38.9948869],[-74.7928803,38.9947979],[-74.7930837,38.9945122],[-74.7935638,38.9943227],[-74.7937333,38.9941884],[-74.7938254,38.9940384],[-74.7939414,38.9938584],[-74.7940382,38.9937186],[-74.7940818,38.9934681],[-74.7944287,38.9932885],[-74.7944527,38.9930873],[-74.7949536,38.9928833],[-74.7950992,38.9927791],[-74.7950997,38.9925989],[-74.7954171,38.9923435],[-74.795841,38.9921886],[-74.7957673,38.9921473],[-74.795842,38.9918281],[-74.7963429,38.9916242],[-74.7964885,38.9915199],[-74.796489,38.9913397],[-74.7967205,38.9911599],[-74.7967684,38.9909286],[-74.7972307,38.9907492],[-74.7971839,38.99062],[-74.7974627,38.9903891],[-74.7976942,38.9902093],[-74.7979256,38.9900295],[-74.7981571,38.9898496],[-74.7983885,38.9896698],[-74.7986199,38.98949],[-74.7988514,38.9893102],[-74.7991361,38.9890987],[-74.7996815,38.9889366],[-74.7996377,38.9887919],[-74.8000614,38.9885596],[-74.8004913,38.9883973],[-74.8005391,38.9882828],[-74.8006789,38.9880728],[-74.8009546,38.9878574],[-74.8012572,38.9877133],[-74.8012147,38.9876033],[-74.8013737,38.9873531],[-74.8016286,38.9871522],[-74.80186,38.9869724],[-74.8020915,38.9867925],[-74.8023229,38.9866127],[-74.8025543,38.9864328],[-74.8027857,38.986253],[-74.8030828,38.9860364],[-74.8037489,38.9858696],[-74.8036367,38.9858529],[-74.8036392,38.9856483],[-74.8037031,38.9854448],[-74.8037805,38.9852245],[-74.8039781,38.9850145]]}},{"type":"Feature","properties":{"year":2025,"scene_id":"S2C_MSIL2A_20250401T154001_R011_T18SWJ_20250401T203213","datetime":"2025-04-01T15:40:01.025000Z","cloud_cover_tile_pct":0.47,"cloud_mask_aoi_pct":0.66,"ndwi_threshold":0.012,"tide":{"level_m_msl":0.74,"time":"2025-04-01T15:42:00Z","source":"verified"},"wave":{"height_m":1.81,"dominant_period_s":5.6,"time":"2025-04-01T15:40:00Z","source":"NDBC historical"},"wave_setup_m":0.148,"horizontal_correction_m":19.7,"uncertainty_m":17.6,"image":"/data/scenes/sentinel-20250401T154001.jpg","image_shape":[477,556],"stac_url":"https://planetarycomputer.microsoft.com/api/stac/v1/collections/sentinel-2-l2a/items/S2C_MSIL2A_20250401T154001_R011_T18SWJ_20250401T203213","high_tide":{"time":"2025-04-01T15:38:00Z","level_m_msl":0.718,"source":"NOAA predicted high tide","image_offset_minutes":2.0},"geometry_p90_deviation_m":29.1,"geometry_max_deviation_m":35.7,"geometry_kind":"corrected"},"geometry":{"type":"LineString","coordinates":[[-74.7866281,39.0058282],[-74.7866287,39.005648],[-74.7866292,39.0054678],[-74.7866316,39.0052655],[-74.786695,39.0050643],[-74.7867481,39.0049053],[-74.7867469,39.0047471],[-74.7867474,39.0045669],[-74.7867479,39.0043866],[-74.7867485,39.0042064],[-74.786749,39.0040262],[-74.7867496,39.003846],[-74.7867501,39.0036657],[-74.7867506,39.0034855],[-74.7867512,39.0033053],[-74.7867517,39.0031251],[-74.7867523,39.0029448],[-74.7867528,39.0027646],[-74.78676,39.0026275],[-74.7866451,39.0024471],[-74.7866389,39.0022237],[-74.7866395,39.0020435],[-74.78664,39.0018633],[-74.7866406,39.001683],[-74.7866411,39.0015028],[-74.7866486,39.0012795],[-74.786782,39.0010631],[-74.7869196,39.0008559],[-74.7871295,39.0007032],[-74.7871127,39.0005594],[-74.7872461,39.000343],[-74.7873621,39.000163],[-74.7874781,38.999983],[-74.7875941,38.999803],[-74.7877102,38.9996229],[-74.7878478,38.9994158],[-74.7880793,38.999236],[-74.7881953,38.999056],[-74.7884268,38.9988762],[-74.7885212,38.9987233],[-74.7886589,38.9985161],[-74.7889116,38.9983173],[-74.7891219,38.9981565],[-74.7892163,38.9980036],[-74.7893539,38.9977965],[-74.7896066,38.9975977],[-74.7898569,38.9974048],[-74.7902039,38.9972252],[-74.7904354,38.9970453],[-74.7907824,38.9968657],[-74.790995,38.996699],[-74.7912265,38.9965192],[-74.791458,38.9963394],[-74.7916895,38.9961596],[-74.791921,38.9959798],[-74.7921312,38.995819],[-74.7922684,38.9956199],[-74.7926154,38.9954403],[-74.7927314,38.9952603],[-74.7930972,38.9950676],[-74.7933098,38.9949009],[-74.7935413,38.9947211],[-74.7937515,38.9945602],[-74.7938675,38.9943802],[-74.794099,38.9942004],[-74.794215,38.9940204],[-74.7944677,38.9938216],[-74.7946779,38.9936607],[-74.7947939,38.9934807],[-74.7950466,38.9932819],[-74.7952781,38.9931021],[-74.7955096,38.9929222],[-74.7957198,38.9927614],[-74.7958358,38.9925814],[-74.7960672,38.9924016],[-74.7961616,38.9922487],[-74.7962992,38.9920415],[-74.7965519,38.9918427],[-74.7967621,38.9916819],[-74.7968565,38.991529],[-74.7969725,38.991349],[-74.7971101,38.9911418],[-74.7973816,38.9909299],[-74.7977097,38.9907634],[-74.7978044,38.9906023],[-74.7980571,38.9904035],[-74.7982886,38.9902237],[-74.79852,38.9900438],[-74.7987515,38.989864],[-74.7989829,38.9896842],[-74.7992143,38.9895044],[-74.7994458,38.9893245],[-74.799656,38.9891637],[-74.7997932,38.9889647],[-74.8001401,38.988785],[-74.8002349,38.988624],[-74.8004875,38.9884252],[-74.800719,38.9882454],[-74.8009076,38.9881117],[-74.8009297,38.9879043],[-74.8012978,38.9877057],[-74.8014138,38.9875256],[-74.8017795,38.9873329],[-74.8019921,38.9871662],[-74.8022235,38.9869863],[-74.8024549,38.9868065],[-74.8026864,38.9866267],[-74.8028966,38.9864658],[-74.8030337,38.9862668],[-74.8033994,38.9860741],[-74.8036017,38.9859159],[-74.8037645,38.9857464],[-74.8039272,38.9855789],[-74.8040326,38.9854136],[-74.8041485,38.9852335],[-74.8042645,38.9850535]]}},{"type":"Feature","properties":{"year":2025,"scene_id":"S2B_MSIL2A_20250429T154819_R054_T18SWJ_20250429T194937","datetime":"2025-04-29T15:48:19.024000Z","cloud_cover_tile_pct":2.42,"cloud_mask_aoi_pct":0.61,"ndwi_threshold":-0.018,"tide":{"level_m_msl":0.578,"time":"2025-04-29T15:48:00Z","source":"verified"},"wave":{"height_m":0.66,"dominant_period_s":10.0,"time":"2025-04-29T15:40:00Z","source":"NDBC historical"},"wave_setup_m":0.16,"horizontal_correction_m":16.4,"uncertainty_m":17.0,"image":"/data/scenes/sentinel-20250429T154819.jpg","image_shape":[477,556],"stac_url":"https://planetarycomputer.microsoft.com/api/stac/v1/collections/sentinel-2-l2a/items/S2B_MSIL2A_20250429T154819_R054_T18SWJ_20250429T194937","high_tide":{"time":"2025-04-29T14:31:00Z","level_m_msl":0.739,"source":"NOAA predicted high tide","image_offset_minutes":77.3},"geometry_p90_deviation_m":43.5,"geometry_max_deviation_m":60.6,"geometry_kind":"corrected"},"geometry":{"type":"LineString","coordinates":[[-74.7864992,39.0057922],[-74.7865518,39.0056479],[-74.7864946,39.0054675],[-74.7865544,39.0052691],[-74.7865534,39.0051072],[-74.7865539,39.004927],[-74.7865545,39.0047467],[-74.786555,39.0045665],[-74.7865556,39.0043863],[-74.7865561,39.0042061],[-74.7865566,39.0040258],[-74.7865572,39.0038456],[-74.7865577,39.0036654],[-74.7865583,39.0034852],[-74.7865643,39.0033408],[-74.7864494,39.0031603],[-74.7864444,39.0029443],[-74.7864449,39.002764],[-74.7864455,39.0025838],[-74.786446,39.0024036],[-74.7864466,39.0022234],[-74.7864471,39.0020431],[-74.7864476,39.0018629],[-74.786454,39.0016469],[-74.78657,39.0014668],[-74.7865705,39.0012866],[-74.7867189,39.0010538],[-74.7869504,39.000874],[-74.7870485,39.0007166],[-74.7871645,39.0005366],[-74.7872661,39.0003868],[-74.7872609,39.0002424],[-74.7872672,39.0000263],[-74.7873977,38.9998161],[-74.7875137,38.9996361],[-74.7876297,38.999456],[-74.7877637,38.9992535],[-74.7879952,38.9990737],[-74.7880933,38.9989162],[-74.7882272,38.9987136],[-74.7884587,38.9985338],[-74.7885568,38.9983764],[-74.7886908,38.9981738],[-74.7889399,38.9979782],[-74.7891714,38.9977984],[-74.7894029,38.9976186],[-74.78965,38.9974279],[-74.789997,38.9972483],[-74.7902128,38.9970794],[-74.7904267,38.9969153],[-74.7905103,38.9967881],[-74.7905109,38.9966079],[-74.7907262,38.9963317],[-74.7915258,38.9961568],[-74.7914305,38.9961047],[-74.7914368,38.9958886],[-74.7915672,38.9956784],[-74.7916688,38.9955286],[-74.791783,38.9952472],[-74.7929439,38.9950674],[-74.792973,38.9949374],[-74.7932221,38.9947418],[-74.7934536,38.994562],[-74.793685,38.9943821],[-74.7939165,38.9942023],[-74.7941304,38.9940383],[-74.7942464,38.9938583],[-74.7944955,38.9936627],[-74.7947093,38.9934986],[-74.7948253,38.9933186],[-74.7950567,38.9931388],[-74.7951904,38.992943],[-74.7955529,38.9927525],[-74.7957688,38.9925835],[-74.7959826,38.9924195],[-74.7960986,38.9922395],[-74.7963477,38.9920439],[-74.7965791,38.991864],[-74.796775,38.9917226],[-74.7967611,38.9915726],[-74.7968915,38.9913623],[-74.7970254,38.9911597],[-74.7972745,38.9909641],[-74.7974883,38.9908001],[-74.7976043,38.9906201],[-74.7978358,38.9904402],[-74.7979518,38.9902602],[-74.7982165,38.9900537],[-74.7985634,38.9898741],[-74.7987792,38.9897051],[-74.7990106,38.9895253],[-74.7992421,38.9893455],[-74.7994735,38.9891657],[-74.7996873,38.9890016],[-74.7998033,38.9888216],[-74.8000168,38.9886643],[-74.8000529,38.9884457],[-74.8005309,38.9882554],[-74.8005956,38.9881246],[-74.8007116,38.9879446],[-74.8008276,38.9877646],[-74.8009291,38.9876147],[-74.8010085,38.9873475],[-74.80173,38.9871565],[-74.8020198,38.9870073],[-74.8020858,38.9868958],[-74.8020863,38.9867156],[-74.8022346,38.9864828],[-74.8025237,38.9862634],[-74.8030904,38.9860895],[-74.8031507,38.985954],[-74.8033335,38.9857637],[-74.8035072,38.9855838],[-74.8036809,38.9854039],[-74.8038546,38.9852239],[-74.8040282,38.985044]]}},{"type":"Feature","properties":{"year":2025,"scene_id":"S2B_MSIL2A_20250728T154809_R054_T18SWJ_20250728T194800","datetime":"2025-07-28T15:48:09.024000Z","cloud_cover_tile_pct":13.97,"cloud_mask_aoi_pct":0.2,"ndwi_threshold":-0.007,"tide":{"level_m_msl":0.931,"time":"2025-07-28T15:48:00Z","source":"verified"},"wave":{"height_m":0.48,"dominant_period_s":9.1,"time":"2025-07-28T15:40:00Z","source":"NDBC historical"},"wave_setup_m":0.124,"horizontal_correction_m":23.4,"uncertainty_m":18.2,"image":"/data/scenes/sentinel-20250728T154809.jpg","image_shape":[477,556],"stac_url":"https://planetarycomputer.microsoft.com/api/stac/v1/collections/sentinel-2-l2a/items/S2B_MSIL2A_20250728T154809_R054_T18SWJ_20250728T194800","high_tide":{"time":"2025-07-28T16:00:00Z","level_m_msl":0.692,"source":"NOAA predicted high tide","image_offset_minutes":-11.8},"geometry_p90_deviation_m":31.3,"geometry_max_deviation_m":45.6,"geometry_kind":"corrected"},"geometry":{"type":"LineString","coordinates":[[-74.7864698,39.0058279],[-74.7864704,39.0056477],[-74.7864709,39.0054675],[-74.7864736,39.0052611],[-74.786538,39.0050559],[-74.7865902,39.0049008],[-74.7865886,39.0047468],[-74.7865973,39.0045153],[-74.7867134,39.0043353],[-74.7867139,39.0041551],[-74.7868299,39.0039751],[-74.7868222,39.0038461],[-74.7868228,39.0036659],[-74.7868316,39.0034344],[-74.7869476,39.0032544],[-74.7869399,39.0031254],[-74.7869404,39.0029452],[-74.786941,39.0027649],[-74.7869415,39.0025847],[-74.78695,39.0024558],[-74.7868554,39.0023186],[-74.7867201,39.0020949],[-74.7867127,39.0018634],[-74.7867132,39.0016832],[-74.7867138,39.0015029],[-74.7867143,39.0013227],[-74.7867231,39.0010913],[-74.7868854,39.0008358],[-74.7871169,39.000656],[-74.7872073,39.0005082],[-74.7873233,39.0003282],[-74.7874393,39.0001482],[-74.7875347,39.0000114],[-74.7875353,38.9998312],[-74.7876719,38.9996079],[-74.7877879,38.9994279],[-74.787904,38.9992479],[-74.78802,38.9990679],[-74.7881869,38.9988331],[-74.7885339,38.9986535],[-74.7886247,38.998496],[-74.7888814,38.9982936],[-74.7891129,38.9981138],[-74.7893192,38.9979566],[-74.7894352,38.9977766],[-74.7897142,38.9975586],[-74.7900389,38.9973946],[-74.7901297,38.9972372],[-74.7903864,38.9970348],[-74.7906402,38.9968394],[-74.7910062,38.996649],[-74.7913341,38.9964802],[-74.791518,38.9963385],[-74.7916341,38.9961585],[-74.7918908,38.9959561],[-74.7921222,38.9957763],[-74.7923537,38.9955965],[-74.79256,38.9954392],[-74.792676,38.9952592],[-74.7929327,38.9950568],[-74.7931641,38.994877],[-74.7933956,38.9946972],[-74.7936019,38.9945399],[-74.7937431,38.9943373],[-74.79409,38.9941577],[-74.7941808,38.9940003],[-74.7944375,38.9937979],[-74.7946438,38.9936406],[-74.7947598,38.9934606],[-74.7949912,38.9932808],[-74.7951324,38.9930782],[-74.7955017,38.992883],[-74.7956856,38.9927413],[-74.7958016,38.9925613],[-74.7960331,38.9923815],[-74.7961491,38.9922015],[-74.7964057,38.9919991],[-74.796612,38.9918418],[-74.796728,38.9916618],[-74.7969594,38.991482],[-74.7970754,38.9913019],[-74.7973068,38.9911221],[-74.7973972,38.9909743],[-74.7975388,38.9907621],[-74.7977955,38.9905597],[-74.7980269,38.9903798],[-74.7982584,38.9902],[-74.7984898,38.9900202],[-74.7987213,38.9898403],[-74.7989527,38.9896605],[-74.7991841,38.9894807],[-74.7994156,38.9893009],[-74.799647,38.989121],[-74.7998785,38.9889412],[-74.8001099,38.9887614],[-74.8003413,38.9885815],[-74.80063,38.9883678],[-74.8011919,38.9881961],[-74.8012157,38.9880973],[-74.8013111,38.9879604],[-74.8013116,38.9877802],[-74.8014738,38.9875247],[-74.8017304,38.9873223],[-74.8019619,38.9871425],[-74.8021933,38.9869627],[-74.8024247,38.9867828],[-74.8026562,38.986603],[-74.8028876,38.9864231],[-74.8031414,38.9862278],[-74.8034882,38.9860481],[-74.8036721,38.9859064],[-74.8037624,38.9857586],[-74.8038784,38.9855786],[-74.8039943,38.9853986],[-74.8041103,38.9852185],[-74.8042262,38.9850385]]}},{"type":"Feature","properties":{"year":2025,"scene_id":"S2B_MSIL2A_20250827T154819_R054_T18SWJ_20250827T194203","datetime":"2025-08-27T15:48:19.024000Z","cloud_cover_tile_pct":0.12,"cloud_mask_aoi_pct":0.2,"ndwi_threshold":-0.002,"tide":{"level_m_msl":0.953,"time":"2025-08-27T15:48:00Z","source":"verified"},"wave":{"height_m":0.97,"dominant_period_s":4.5,"time":"2025-08-27T15:40:00Z","source":"NDBC historical"},"wave_setup_m":0.087,"horizontal_correction_m":23.1,"uncertainty_m":18.2,"image":"/data/scenes/sentinel-20250827T154819.jpg","image_shape":[477,556],"stac_url":"https://planetarycomputer.microsoft.com/api/stac/v1/collections/sentinel-2-l2a/items/S2B_MSIL2A_20250827T154819_R054_T18SWJ_20250827T194203","high_tide":{"time":"2025-08-27T16:02:00Z","level_m_msl":0.788,"source":"NOAA predicted high tide","image_offset_minutes":-13.7},"geometry_p90_deviation_m":48.9,"geometry_max_deviation_m":51.8,"geometry_kind":"corrected"},"geometry":{"type":"LineString","coordinates":[[-74.7865891,39.0058282],[-74.7865897,39.0056479],[-74.7865902,39.0054677],[-74.7865929,39.0052616],[-74.7866571,39.0050569],[-74.7867095,39.0049014],[-74.786716,39.0046965],[-74.786832,39.0045165],[-74.7868325,39.0043363],[-74.7869486,39.0041563],[-74.786941,39.0040265],[-74.7869415,39.0038463],[-74.7869502,39.0036156],[-74.7870662,39.0034356],[-74.7870587,39.0033058],[-74.7870592,39.0031256],[-74.7870597,39.0029454],[-74.7870603,39.0027652],[-74.7870608,39.0025849],[-74.7870893,39.0024979],[-74.7868839,39.0023491],[-74.7867238,39.0020942],[-74.7867165,39.0018634],[-74.7867171,39.0016832],[-74.7867176,39.001503],[-74.7867181,39.0013227],[-74.7867471,39.0010494],[-74.7870288,39.0008155],[-74.7872355,39.000658],[-74.7873262,39.0005098],[-74.7874675,39.000298],[-74.787699,39.0001182],[-74.7877897,38.9999699],[-74.7879058,38.9997899],[-74.7880218,38.9996099],[-74.7881378,38.9994299],[-74.7882538,38.9992499],[-74.7883495,38.9991125],[-74.78835,38.9989322],[-74.7884661,38.9987522],[-74.7884869,38.9985294],[-74.7887437,38.9983178],[-74.7888597,38.9981378],[-74.7891161,38.9979357],[-74.7893696,38.9977406],[-74.7897166,38.997561],[-74.7899261,38.9973965],[-74.7901796,38.9972014],[-74.7905453,38.9970111],[-74.7908923,38.9968315],[-74.7912205,38.9966625],[-74.791452,38.9964827],[-74.791799,38.9963031],[-74.7920084,38.9961386],[-74.7922399,38.9959588],[-74.7924714,38.995779],[-74.7927028,38.9955992],[-74.7929343,38.9954194],[-74.7931409,38.9952618],[-74.7932569,38.9950818],[-74.7935133,38.9948797],[-74.7937447,38.9946999],[-74.7939514,38.9945423],[-74.7940673,38.9943623],[-74.7943237,38.9941602],[-74.7945303,38.9940027],[-74.7946463,38.9938227],[-74.7949026,38.9936206],[-74.7951092,38.993463],[-74.7952501,38.9932607],[-74.795597,38.9930811],[-74.7956881,38.9929234],[-74.7959196,38.9927435],[-74.7960103,38.9925953],[-74.7961516,38.9923835],[-74.7964079,38.9921814],[-74.7966145,38.9920238],[-74.7967052,38.9918756],[-74.7968465,38.9916638],[-74.7970779,38.991484],[-74.7971939,38.9913039],[-74.7974502,38.9911018],[-74.7976568,38.9909443],[-74.7977728,38.9907643],[-74.7980042,38.9905844],[-74.7981202,38.9904044],[-74.7983517,38.9902246],[-74.7984925,38.9900223],[-74.7988615,38.9898273],[-74.7990709,38.9896628],[-74.7993023,38.989483],[-74.7995337,38.9893032],[-74.7997872,38.989108],[-74.8001341,38.9889284],[-74.8003435,38.9887639],[-74.800575,38.988584],[-74.8008472,38.9883783],[-74.8013095,38.9881988],[-74.8014501,38.988099],[-74.8014506,38.9879188],[-74.8017321,38.9876849],[-74.8019856,38.9874897],[-74.8023325,38.9873101],[-74.802517,38.9871678],[-74.802633,38.9869878],[-74.8028644,38.986808],[-74.8030052,38.9866057],[-74.8033521,38.986426],[-74.8034432,38.9862683],[-74.8037215,38.9860508],[-74.8040342,38.9858966],[-74.8040341,38.985803],[-74.8041127,38.9855803],[-74.8043117,38.9853686],[-74.8044725,38.9852032],[-74.804576,38.9850404]]}},{"type":"Feature","properties":{"year":2025,"scene_id":"S2B_MSIL2A_20250923T153859_R011_T18SWJ_20250923T210616","datetime":"2025-09-23T15:38:59.024000Z","cloud_cover_tile_pct":5.9,"cloud_mask_aoi_pct":0.4,"ndwi_threshold":0.012,"tide":{"level_m_msl":0.884,"time":"2025-09-23T15:36:00Z","source":"verified"},"wave":{"height_m":0.8,"dominant_period_s":7.0,"time":"2025-09-23T15:38:59.024000Z","source":"regional climatology fallback"},"wave_setup_m":0.123,"horizontal_correction_m":22.4,"uncertainty_m":18.0,"image":"/data/scenes/sentinel-20250923T153859.jpg","image_shape":[477,556],"stac_url":"https://planetarycomputer.microsoft.com/api/stac/v1/collections/sentinel-2-l2a/items/S2B_MSIL2A_20250923T153859_R011_T18SWJ_20250923T210616","high_tide":{"time":"2025-09-23T14:14:00Z","level_m_msl":0.901,"source":"NOAA predicted high tide","image_offset_minutes":85.0},"geometry_p90_deviation_m":45.0,"geometry_max_deviation_m":50.7,"geometry_kind":"corrected"},"geometry":{"type":"LineString","coordinates":[[-74.7865976,39.0058282],[-74.7866002,39.0056229],[-74.7866643,39.0054189],[-74.7867168,39.0052627],[-74.7867152,39.0051075],[-74.7867158,39.0049273],[-74.7867242,39.0046981],[-74.7868402,39.0045181],[-74.7868408,39.0043379],[-74.7869568,39.0041579],[-74.7869495,39.0040265],[-74.78695,39.0038463],[-74.7869506,39.0036661],[-74.7869511,39.0034859],[-74.7869516,39.0033056],[-74.7869522,39.0031254],[-74.7869527,39.0029452],[-74.7869533,39.002765],[-74.7869538,39.0025847],[-74.7869619,39.0024534],[-74.7868664,39.0023143],[-74.786732,39.0020926],[-74.786725,39.0018634],[-74.7867255,39.0016832],[-74.7867261,39.001503],[-74.7867266,39.0013227],[-74.786735,39.0010936],[-74.7869193,39.00082],[-74.7872663,39.0006404],[-74.7873141,39.000554],[-74.7873146,39.0003738],[-74.7874748,39.0001217],[-74.7877063,38.9999419],[-74.7877978,38.9997927],[-74.7879384,38.9995819],[-74.7881699,38.9994021],[-74.7882614,38.9992528],[-74.7883774,38.9990728],[-74.7884737,38.9989341],[-74.7884743,38.9987538],[-74.78861,38.9985326],[-74.788726,38.9983525],[-74.788842,38.9981725],[-74.7889825,38.9979617],[-74.7892381,38.9977604],[-74.7894696,38.9975806],[-74.7897406,38.9973756],[-74.790203,38.9971962],[-74.7904164,38.9970267],[-74.7907633,38.9968471],[-74.7909948,38.9966673],[-74.7913599,38.9964774],[-74.7916888,38.9963081],[-74.7918989,38.9961431],[-74.7921304,38.9959633],[-74.7923619,38.9957835],[-74.7926147,38.9955888],[-74.7929616,38.9954092],[-74.7931477,38.9952658],[-74.7932637,38.9950858],[-74.7935192,38.9948844],[-74.7937507,38.9947046],[-74.7939581,38.9945463],[-74.7940741,38.9943663],[-74.7943056,38.9941865],[-74.7944216,38.9940065],[-74.794653,38.9938266],[-74.794769,38.9936466],[-74.7950246,38.9934452],[-74.795256,38.9932654],[-74.7954634,38.9931072],[-74.7955549,38.9929579],[-74.7956954,38.9927471],[-74.795951,38.9925457],[-74.7961583,38.9923875],[-74.7962743,38.9922074],[-74.7965299,38.9920061],[-74.7967613,38.9918262],[-74.7969687,38.991668],[-74.7970847,38.9914879],[-74.7973402,38.9912866],[-74.7975476,38.9911283],[-74.7976636,38.9909483],[-74.797895,38.9907684],[-74.7979865,38.9906192],[-74.798127,38.9904084],[-74.7983825,38.990207],[-74.7986139,38.9900272],[-74.7988454,38.9898473],[-74.7990768,38.9896675],[-74.7993083,38.9894877],[-74.7995397,38.9893079],[-74.7997712,38.989128],[-74.8000239,38.9889334],[-74.8003708,38.9887537],[-74.8005569,38.9886103],[-74.8006484,38.988461],[-74.8007888,38.9882502],[-74.8010838,38.9880237],[-74.8015461,38.9878443],[-74.8017381,38.9876896],[-74.8019695,38.9875097],[-74.8021769,38.9873515],[-74.8022929,38.9871714],[-74.8025243,38.9869916],[-74.8026158,38.9868423],[-74.8027803,38.98661],[-74.8031485,38.9864155],[-74.8033345,38.986272],[-74.8034745,38.9860705],[-74.8038325,38.9858827],[-74.8039711,38.9857324],[-74.8041323,38.9855666],[-74.8042362,38.9854032],[-74.8043522,38.9852232],[-74.8044681,38.9850432]]}},{"type":"Feature","properties":{"year":2025,"scene_id":"S2B_MSIL2A_20251222T154559_R011_T18SWJ_20251222T210607","datetime":"2025-12-22T15:45:59.024000Z","cloud_cover_tile_pct":0.03,"cloud_mask_aoi_pct":0.28,"ndwi_threshold":0.038,"tide":{"level_m_msl":0.615,"time":"2025-12-22T15:48:00Z","source":"verified"},"wave":{"height_m":0.8,"dominant_period_s":7.0,"time":"2025-12-22T15:45:59.024000Z","source":"regional climatology fallback"},"wave_setup_m":0.123,"horizontal_correction_m":16.4,"uncertainty_m":17.0,"image":"/data/scenes/sentinel-20251222T154559.jpg","image_shape":[477,556],"stac_url":"https://planetarycomputer.microsoft.com/api/stac/v1/collections/sentinel-2-l2a/items/S2B_MSIL2A_20251222T154559_R011_T18SWJ_20251222T210607","high_tide":{"time":"2025-12-22T14:48:00Z","level_m_msl":0.814,"source":"NOAA predicted high tide","image_offset_minutes":58.0},"geometry_p90_deviation_m":45.8,"geometry_max_deviation_m":60.0,"geometry_kind":"corrected"},"geometry":{"type":"LineString","coordinates":[[-74.7865511,39.0058281],[-74.7865532,39.0056295],[-74.7866157,39.0054319],[-74.786674,39.0052518],[-74.7867323,39.0050717],[-74.7867863,39.004909],[-74.7868056,39.0046811],[-74.787055,39.0044787],[-74.7871387,39.0043515],[-74.7871335,39.0042071],[-74.787134,39.0040269],[-74.7871403,39.0038108],[-74.7872563,39.0036308],[-74.7872511,39.0034864],[-74.7872516,39.0033062],[-74.7872522,39.003126],[-74.7872527,39.0029457],[-74.7872588,39.0028014],[-74.7871439,39.0026209],[-74.7871587,39.002471],[-74.7869636,39.0023288],[-74.7866978,39.0021097],[-74.7866785,39.0018633],[-74.7866791,39.0016831],[-74.7866796,39.0015029],[-74.7866802,39.0013227],[-74.7866865,39.0011066],[-74.7868349,39.0008738],[-74.787084,39.0006782],[-74.7872979,39.0005142],[-74.787396,39.0003567],[-74.787512,39.0001767],[-74.787628,38.9999967],[-74.787744,38.9998167],[-74.787878,38.9996141],[-74.7881095,38.9994343],[-74.7882076,38.9992768],[-74.7883236,38.9990968],[-74.7884396,38.9989168],[-74.7885556,38.9987368],[-74.7886717,38.9985568],[-74.7888056,38.9983542],[-74.7890548,38.9981586],[-74.7892863,38.9979788],[-74.7895001,38.9978148],[-74.7896161,38.9976348],[-74.7898653,38.9974391],[-74.7900968,38.9972593],[-74.7903439,38.9970686],[-74.7906909,38.996889],[-74.7909067,38.9967201],[-74.7911382,38.9965403],[-74.7913697,38.9963605],[-74.7916012,38.9961807],[-74.7918483,38.99599],[-74.7921952,38.9958104],[-74.7924267,38.9956306],[-74.7927737,38.9954509],[-74.7929719,38.9952978],[-74.7930879,38.9951178],[-74.793337,38.9949222],[-74.7935841,38.9947315],[-74.7939311,38.9945519],[-74.7941292,38.9943987],[-74.7942452,38.9942187],[-74.7944944,38.9940231],[-74.7947258,38.9938433],[-74.7949573,38.9936634],[-74.7951711,38.9934994],[-74.7952871,38.9933194],[-74.7955186,38.9931396],[-74.7956346,38.9929595],[-74.795866,38.9927797],[-74.795982,38.9925997],[-74.7962135,38.9924199],[-74.7963295,38.9922399],[-74.7965609,38.99206],[-74.796659,38.9919026],[-74.7967929,38.9917],[-74.7970243,38.9915202],[-74.7971403,38.9913401],[-74.7973894,38.9911445],[-74.7976032,38.9909805],[-74.7977369,38.9907847],[-74.7980838,38.990605],[-74.7981998,38.990425],[-74.7985623,38.9902345],[-74.7987605,38.9900813],[-74.7988765,38.9899013],[-74.7991255,38.9897057],[-74.7993393,38.9895417],[-74.7994553,38.9893616],[-74.7997044,38.989166],[-74.7999515,38.9889753],[-74.8002984,38.9887957],[-74.8004965,38.9886425],[-74.8005946,38.988485],[-74.8007285,38.9882824],[-74.8009776,38.9880868],[-74.8012379,38.9878886],[-74.8017003,38.9877091],[-74.8019028,38.9875477],[-74.8021166,38.9873837],[-74.8022146,38.9872262],[-74.8023485,38.9870236],[-74.8025976,38.986828],[-74.802829,38.9866481],[-74.8030604,38.9864683],[-74.8032918,38.9862885],[-74.8035232,38.9861086],[-74.803737,38.9859446],[-74.803835,38.9857871],[-74.803951,38.9856071],[-74.804067,38.9854271],[-74.8041829,38.985247],[-74.8042989,38.985067]]}},{"type":"Feature","properties":{"year":2026,"scene_id":"S2B_MSIL2A_20260121T154449_R011_T18SWJ_20260121T193033","datetime":"2026-01-21T15:44:49.024000Z","cloud_cover_tile_pct":0.07,"cloud_mask_aoi_pct":0.56,"ndwi_threshold":0.012,"tide":{"level_m_msl":0.676,"time":"2026-01-21T15:42:00Z","source":"verified"},"wave":{"height_m":0.8,"dominant_period_s":7.0,"time":"2026-01-21T15:44:49.024000Z","source":"regional climatology fallback"},"wave_setup_m":0.123,"horizontal_correction_m":17.8,"uncertainty_m":17.2,"image":"/data/scenes/sentinel-20260121T154449.jpg","image_shape":[477,556],"stac_url":"https://planetarycomputer.microsoft.com/api/stac/v1/collections/sentinel-2-l2a/items/S2B_MSIL2A_20260121T154449_R011_T18SWJ_20260121T193033","high_tide":{"time":"2026-01-21T15:01:00Z","level_m_msl":0.797,"source":"NOAA predicted high tide","image_offset_minutes":43.8},"geometry_p90_deviation_m":59.2,"geometry_max_deviation_m":84.6,"geometry_kind":"corrected"},"geometry":{"type":"LineString","coordinates":[[-74.786715,39.0057896],[-74.7867686,39.0056284],[-74.7867675,39.005468],[-74.7867743,39.005249],[-74.786906,39.0050363],[-74.7870064,39.004889],[-74.7870069,39.0047087],[-74.7871386,39.004496],[-74.787239,39.0043487],[-74.7872333,39.0042073],[-74.7872338,39.0040271],[-74.7872344,39.0038468],[-74.7872349,39.0036666],[-74.7872355,39.0034864],[-74.787236,39.0033062],[-74.7872365,39.0031259],[-74.7872371,39.0029457],[-74.7872591,39.0028371],[-74.7870479,39.0026809],[-74.7869137,39.002476],[-74.7867987,39.0022956],[-74.7866683,39.0020824],[-74.7866629,39.0018633],[-74.7866634,39.0016831],[-74.786664,39.0015029],[-74.7866645,39.0013226],[-74.7866869,39.0010709],[-74.7869379,39.0008666],[-74.7870539,39.0006866],[-74.7872854,39.0005068],[-74.7874014,39.0003268],[-74.7876329,39.000147],[-74.7877295,38.9999914],[-74.7878455,38.9998114],[-74.7879616,38.9996314],[-74.7880776,38.9994514],[-74.7881936,38.9992713],[-74.7883096,38.9990913],[-74.7884256,38.9989113],[-74.7885417,38.9987313],[-74.7886771,38.9985269],[-74.7889086,38.9983471],[-74.7890246,38.998167],[-74.7892561,38.9979872],[-74.7893721,38.9978072],[-74.7896227,38.9976103],[-74.7898542,38.9974305],[-74.7900857,38.9972507],[-74.7903172,38.9970709],[-74.7905487,38.9968911],[-74.7907971,38.9966995],[-74.7911441,38.9965199],[-74.7913756,38.99634],[-74.7917225,38.9961604],[-74.791954,38.9959806],[-74.792301,38.995801],[-74.7924964,38.9956501],[-74.7926124,38.9954701],[-74.792863,38.9952731],[-74.7930945,38.9950933],[-74.7933429,38.9949017],[-74.7936898,38.9947221],[-74.7939044,38.9945541],[-74.7941358,38.9943743],[-74.7943482,38.9942115],[-74.7944833,38.9940144],[-74.7948302,38.9938348],[-74.7949462,38.9936548],[-74.7953101,38.9934634],[-74.7954861,38.9933369],[-74.795471,38.9931894],[-74.7956412,38.9929351],[-74.795969,38.9927726],[-74.7960055,38.9925635],[-74.7966098,38.9923703],[-74.7967979,38.9922162],[-74.7970294,38.9920364],[-74.7972223,38.9918981],[-74.797201,38.9917894],[-74.7972619,38.9914961],[-74.7977243,38.9913167],[-74.7976863,38.991178],[-74.7979177,38.9909981],[-74.7979026,38.9908507],[-74.7980342,38.9906379],[-74.7981696,38.9904334],[-74.7984202,38.9902365],[-74.7986516,38.9900567],[-74.7988831,38.9898769],[-74.7991145,38.989697],[-74.7993268,38.9895343],[-74.7994428,38.9893543],[-74.7997103,38.9891456],[-74.8000572,38.9889659],[-74.8002717,38.9887979],[-74.800484,38.9886352],[-74.8005806,38.9884795],[-74.800716,38.9882751],[-74.8009665,38.9880782],[-74.8011788,38.9879154],[-74.8012948,38.9877354],[-74.8015453,38.9875385],[-74.8017937,38.9873469],[-74.8021406,38.9871672],[-74.8023551,38.9869992],[-74.8025865,38.9868193],[-74.8028349,38.9866277],[-74.8031818,38.9864481],[-74.8033962,38.98628],[-74.8036277,38.9861002],[-74.80384,38.9859374],[-74.8039365,38.9857818],[-74.8040438,38.9856172],[-74.8040951,38.9854544],[-74.8041533,38.9852743],[-74.8042115,38.9850941]]}},{"type":"Feature","properties":{"year":2026,"scene_id":"S2C_MSIL2A_20260406T153811_R011_T18SWJ_20260406T211120","datetime":"2026-04-06T15:38:11.025000Z","cloud_cover_tile_pct":1.26,"cloud_mask_aoi_pct":0.19,"ndwi_threshold":0.023,"tide":{"level_m_msl":0.465,"time":"2026-04-06T15:36:00Z","source":"verified"},"wave":{"height_m":0.8,"dominant_period_s":7.0,"time":"2026-04-06T15:38:11.025000Z","source":"regional climatology fallback"},"wave_setup_m":0.123,"horizontal_correction_m":13.1,"uncertainty_m":16.4,"image":"/data/scenes/sentinel-20260406T153811.jpg","image_shape":[477,556],"stac_url":"https://planetarycomputer.microsoft.com/api/stac/v1/collections/sentinel-2-l2a/items/S2C_MSIL2A_20260406T153811_R011_T18SWJ_20260406T211120","high_tide":{"time":"2026-04-06T16:07:00Z","level_m_msl":0.459,"source":"NOAA predicted high tide","image_offset_minutes":-28.8},"geometry_p90_deviation_m":59.1,"geometry_max_deviation_m":66.8,"geometry_kind":"corrected"},"geometry":{"type":"LineString","coordinates":[[-74.7869361,39.0058288],[-74.7869379,39.005634],[-74.7869995,39.0054399],[-74.7870544,39.0052737],[-74.7870538,39.0051081],[-74.7870589,39.0048993],[-74.7871749,39.0047193],[-74.7871709,39.0045676],[-74.7871714,39.0043874],[-74.787172,39.0042072],[-74.7871725,39.004027],[-74.787173,39.0038467],[-74.7871736,39.0036665],[-74.7871785,39.0035149],[-74.7870636,39.0033344],[-74.7870597,39.0031256],[-74.7870602,39.0029454],[-74.7870608,39.0027652],[-74.7870657,39.0026135],[-74.7869622,39.0024572],[-74.7868472,39.0022768],[-74.7867209,39.0020722],[-74.786717,39.0018634],[-74.7867176,39.0016832],[-74.7867181,39.001503],[-74.7867187,39.0013227],[-74.7867238,39.0011139],[-74.7868797,39.0008793],[-74.7872267,39.0006997],[-74.7873143,39.0005502],[-74.7874447,39.0003522],[-74.7876762,39.0001724],[-74.7877922,38.9999924],[-74.7880237,38.9998126],[-74.7881254,38.9996506],[-74.7882557,38.9994526],[-74.7884729,38.9992907],[-74.788462,38.9991346],[-74.7885895,38.9989305],[-74.7887055,38.9987505],[-74.7888215,38.9985705],[-74.7889375,38.9983905],[-74.7890679,38.9981925],[-74.7892994,38.9980127],[-74.7894154,38.9978326],[-74.7896609,38.9976402],[-74.7898924,38.9974604],[-74.7901099,38.9972932],[-74.7902259,38.9971132],[-74.7904714,38.9969208],[-74.7907029,38.996741],[-74.7909344,38.9965612],[-74.7911783,38.9963727],[-74.7915359,38.9961871],[-74.7918723,38.9960135],[-74.7921037,38.9958337],[-74.7924613,38.995648],[-74.7928082,38.9954684],[-74.7931446,38.9952948],[-74.7933636,38.9951237],[-74.7935951,38.9949439],[-74.7938266,38.994764],[-74.794058,38.9945842],[-74.7942755,38.994417],[-74.7943915,38.994237],[-74.7946229,38.9940572],[-74.7947246,38.9938951],[-74.7948549,38.9936971],[-74.7950864,38.9935173],[-74.7952164,38.9933247],[-74.7955758,38.9931364],[-74.7957948,38.9929652],[-74.7960122,38.992798],[-74.7961139,38.9926359],[-74.7962442,38.992438],[-74.7964897,38.9922455],[-74.7967212,38.9920657],[-74.7969386,38.9918985],[-74.7970546,38.9917185],[-74.7972717,38.9915566],[-74.7972722,38.9913764],[-74.7975037,38.9911966],[-74.7975326,38.9909858],[-74.7980074,38.9907977],[-74.7980969,38.9906389],[-74.7983424,38.9904465],[-74.7985738,38.9902667],[-74.7988053,38.9900868],[-74.7990227,38.9899196],[-74.7991386,38.9897396],[-74.7993701,38.9895597],[-74.7994861,38.9893797],[-74.799744,38.9891786],[-74.8000909,38.988999],[-74.8003224,38.9888192],[-74.8006568,38.9886482],[-74.8007444,38.9884987],[-74.8008747,38.9883007],[-74.8011326,38.9880996],[-74.8014795,38.98792],[-74.8016985,38.9877488],[-74.8019299,38.987569],[-74.8021614,38.9873892],[-74.8023787,38.9872219],[-74.8024947,38.9870419],[-74.8027402,38.9868495],[-74.8029716,38.9866696],[-74.803203,38.9864898],[-74.8034469,38.9863013],[-74.8037938,38.9861216],[-74.8039987,38.9859631],[-74.8041003,38.985801],[-74.80421,38.9856323],[-74.804263,38.9854649],[-74.8043328,38.9852607],[-74.8045207,38.9850628]]}},{"type":"Feature","properties":{"year":2026,"scene_id":"S2B_MSIL2A_20260421T153809_R011_T18SWJ_20260421T193125","datetime":"2026-04-21T15:38:09.024000Z","cloud_cover_tile_pct":0.83,"cloud_mask_aoi_pct":0.68,"ndwi_threshold":0.043,"tide":{"level_m_msl":0.666,"time":"2026-04-21T15:36:00Z","source":"verified"},"wave":{"height_m":0.8,"dominant_period_s":7.0,"time":"2026-04-21T15:38:09.024000Z","source":"regional climatology fallback"},"wave_setup_m":0.123,"horizontal_correction_m":17.5,"uncertainty_m":17.2,"image":"/data/scenes/sentinel-20260421T153809.jpg","image_shape":[477,556],"stac_url":"https://planetarycomputer.microsoft.com/api/stac/v1/collections/sentinel-2-l2a/items/S2B_MSIL2A_20260421T153809_R011_T18SWJ_20260421T193125","high_tide":{"time":"2026-04-21T16:30:00Z","level_m_msl":0.567,"source":"NOAA predicted high tide","image_offset_minutes":-51.8},"geometry_p90_deviation_m":62.2,"geometry_max_deviation_m":77.8,"geometry_kind":"corrected"},"geometry":{"type":"LineString","coordinates":[[-74.7869484,39.0057905],[-74.7870022,39.0056291],[-74.7870011,39.0054685],[-74.7870033,39.0052686],[-74.7870661,39.0050698],[-74.7871313,39.0048725],[-74.7872404,39.0047097],[-74.7872348,39.0045677],[-74.7872353,39.0043875],[-74.7872359,39.0042073],[-74.7872364,39.0040271],[-74.7872369,39.0038468],[-74.7872375,39.0036666],[-74.787238,39.0034864],[-74.7872386,39.0033062],[-74.7872391,39.0031259],[-74.7872456,39.0029841],[-74.7871306,39.0028036],[-74.7871252,39.0025851],[-74.7871258,39.0024048],[-74.7871263,39.0022246],[-74.7871269,39.0020444],[-74.7871274,39.0018642],[-74.7871279,39.0016839],[-74.7871346,39.0014654],[-74.7872507,39.0012854],[-74.787245,39.0011435],[-74.7872517,39.0009249],[-74.7873678,39.0007449],[-74.7873683,39.0005647],[-74.787519,39.0003282],[-74.7877505,39.0001484],[-74.7878473,38.9999925],[-74.7879633,38.9998125],[-74.7880793,38.9996325],[-74.7881953,38.9994525],[-74.7883114,38.9992725],[-74.7884466,38.9990683],[-74.7886781,38.9988885],[-74.7887749,38.9987326],[-74.7888909,38.9985526],[-74.7890261,38.9983485],[-74.7892576,38.9981687],[-74.7893736,38.9979886],[-74.7896051,38.9978088],[-74.789702,38.9976529],[-74.7898372,38.9974488],[-74.7900875,38.9972521],[-74.790319,38.9970723],[-74.7905672,38.9968808],[-74.7909284,38.9966932],[-74.7912612,38.9965216],[-74.7914759,38.9963534],[-74.7917074,38.9961736],[-74.7919389,38.9959938],[-74.7921704,38.995814],[-74.7924186,38.9956226],[-74.7927655,38.995443],[-74.7929803,38.9952748],[-74.7932427,38.9950753],[-74.793717,38.9948901],[-74.7940379,38.9947243],[-74.7942145,38.9945971],[-74.7942343,38.9943928],[-74.7946001,38.9941963],[-74.794678,38.9940572],[-74.794794,38.9938772],[-74.7949292,38.9936731],[-74.7951795,38.9934764],[-74.7953921,38.9933134],[-74.7955081,38.9931334],[-74.7957584,38.9929367],[-74.7959899,38.9927569],[-74.7962214,38.9925771],[-74.796434,38.9924141],[-74.7965308,38.9922582],[-74.7966659,38.9920541],[-74.7968974,38.9918743],[-74.7970134,38.9916942],[-74.7972637,38.9914975],[-74.7974571,38.9913587],[-74.7974576,38.9911785],[-74.7977271,38.9909576],[-74.7979586,38.9907778],[-74.79819,38.990598],[-74.7984026,38.9904351],[-74.7985186,38.990255],[-74.7987689,38.9900583],[-74.7990003,38.9898785],[-74.7992129,38.9897155],[-74.7993097,38.9895596],[-74.7994804,38.989327],[-74.7999788,38.9891296],[-74.8003885,38.9889797],[-74.8004318,38.9887741],[-74.8012405,38.9885953],[-74.8011386,38.9885521],[-74.8011607,38.9883012],[-74.8013921,38.9881214],[-74.8014118,38.987917],[-74.8018085,38.9877008],[-74.8021245,38.9875409],[-74.8022024,38.9874018],[-74.8023375,38.9871977],[-74.8025878,38.987001],[-74.8028192,38.9868211],[-74.8030507,38.9866413],[-74.8032821,38.9864615],[-74.8035135,38.9862816],[-74.8037449,38.9861018],[-74.8039671,38.9859296],[-74.8041312,38.9857589],[-74.8042857,38.9856031],[-74.8043285,38.9854553],[-74.8043936,38.985258],[-74.8045181,38.9850628]]}},{"type":"Feature","properties":{"year":2026,"scene_id":"S2A_MSIL2A_20260421T155711_R054_T18SWJ_20260422T013313","datetime":"2026-04-21T15:57:11.024000Z","cloud_cover_tile_pct":0.1,"cloud_mask_aoi_pct":0.32,"ndwi_threshold":0.018,"tide":{"level_m_msl":0.708,"time":"2026-04-21T16:00:00Z","source":"verified"},"wave":{"height_m":0.8,"dominant_period_s":7.0,"time":"2026-04-21T15:57:11.024000Z","source":"regional climatology fallback"},"wave_setup_m":0.123,"horizontal_correction_m":18.5,"uncertainty_m":17.3,"image":"/data/scenes/sentinel-20260421T155711.jpg","image_shape":[477,556],"stac_url":"https://planetarycomputer.microsoft.com/api/stac/v1/collections/sentinel-2-l2a/items/S2A_MSIL2A_20260421T155711_R054_T18SWJ_20260422T013313","high_tide":{"time":"2026-04-21T16:30:00Z","level_m_msl":0.567,"source":"NOAA predicted high tide","image_offset_minutes":-32.8},"geometry_p90_deviation_m":63.5,"geometry_max_deviation_m":71.3,"geometry_kind":"corrected"},"geometry":{"type":"LineString","coordinates":[[-74.7869892,39.0058289],[-74.7869915,39.005628],[-74.7870546,39.0054282],[-74.7871081,39.0052678],[-74.7871069,39.0051082],[-74.7871139,39.0048876],[-74.78723,39.0047076],[-74.787224,39.0045677],[-74.7872245,39.0043875],[-74.7872251,39.0042073],[-74.7872256,39.0040271],[-74.7872262,39.0038468],[-74.7872267,39.0036666],[-74.7872335,39.0035268],[-74.7871185,39.0033463],[-74.7871128,39.0031257],[-74.7871134,39.0029455],[-74.7871139,39.0027653],[-74.7871207,39.0026254],[-74.7870218,39.0024791],[-74.7869069,39.0022986],[-74.7867759,39.0020841],[-74.7867702,39.0018635],[-74.7867707,39.0016833],[-74.7867712,39.001503],[-74.7867718,39.0013228],[-74.7867788,39.0011022],[-74.7869512,39.000845],[-74.7872982,39.0006654],[-74.7873741,39.0005286],[-74.7875103,39.0003232],[-74.7877617,39.0001256],[-74.7879734,38.9999636],[-74.7880529,38.999843],[-74.7880697,38.9996287],[-74.7883214,38.9994235],[-74.7884172,38.9992689],[-74.7885332,38.9990889],[-74.7886493,38.9989089],[-74.7887855,38.9987034],[-74.789017,38.9985236],[-74.7891128,38.998369],[-74.7892288,38.998189],[-74.789365,38.9979836],[-74.7895965,38.9978038],[-74.7897125,38.9976238],[-74.7899639,38.9974262],[-74.7901755,38.9972641],[-74.7903114,38.9970663],[-74.7906909,38.996866],[-74.7910379,38.9966864],[-74.7913699,38.9965153],[-74.7915838,38.9963477],[-74.7918153,38.9961679],[-74.7920468,38.9959881],[-74.7922782,38.9958083],[-74.7925097,38.9956284],[-74.7927588,38.9954364],[-74.7931058,38.9952568],[-74.7933196,38.9950892],[-74.7935687,38.9948971],[-74.7939157,38.9947175],[-74.7941097,38.9945677],[-74.7942257,38.9943877],[-74.794477,38.9941901],[-74.7946886,38.9940281],[-74.7948046,38.9938481],[-74.7950559,38.9936504],[-74.7952675,38.9934884],[-74.7953835,38.9933084],[-74.7956348,38.9931108],[-74.7958663,38.9929309],[-74.7960978,38.9927511],[-74.7963094,38.9925891],[-74.7964051,38.9924345],[-74.7965211,38.9922544],[-74.7966573,38.992049],[-74.7968888,38.9918692],[-74.7970048,38.9916892],[-74.7972561,38.9914916],[-74.7974677,38.9913295],[-74.7975837,38.9911495],[-74.797835,38.9909519],[-74.7980664,38.9907721],[-74.798278,38.99061],[-74.798394,38.99043],[-74.7986254,38.9902502],[-74.7987414,38.9900701],[-74.7989927,38.9898725],[-74.7992242,38.9896927],[-74.7994357,38.9895307],[-74.7995315,38.989376],[-74.7997431,38.9891217],[-74.8005414,38.9889472],[-74.800477,38.9888115],[-74.8008437,38.9886141],[-74.8009034,38.9885113],[-74.8009201,38.988297],[-74.8012093,38.9880618],[-74.8015836,38.9878676],[-74.8020335,38.9876942],[-74.8021923,38.9875783],[-74.8021765,38.9874321],[-74.8023289,38.9871926],[-74.8025978,38.9869828],[-74.8029447,38.9868031],[-74.8031585,38.9866355],[-74.8033701,38.9864735],[-74.8034861,38.9862935],[-74.8037549,38.9860836],[-74.8040842,38.9859162],[-74.8041601,38.9857793],[-74.8042761,38.9855993],[-74.804392,38.9854193],[-74.8044917,38.9852733],[-74.8044857,38.9851334]]}},{"type":"Feature","properties":{"year":2026,"scene_id":"S2B_MSIL2A_20260504T154809_R054_T18SWJ_20260504T194337","datetime":"2026-05-04T15:48:09.024000Z","cloud_cover_tile_pct":0.69,"cloud_mask_aoi_pct":0.38,"ndwi_threshold":-0.002,"tide":{"level_m_msl":0.589,"time":"2026-05-04T15:48:00Z","source":"verified"},"wave":{"height_m":0.8,"dominant_period_s":7.0,"time":"2026-05-04T15:48:09.024000Z","source":"regional climatology fallback"},"wave_setup_m":0.123,"horizontal_correction_m":15.8,"uncertainty_m":16.8,"image":"/data/scenes/sentinel-20260504T154809.jpg","image_shape":[477,556],"stac_url":"https://planetarycomputer.microsoft.com/api/stac/v1/collections/sentinel-2-l2a/items/S2B_MSIL2A_20260504T154809_R054_T18SWJ_20260504T194337","high_tide":{"time":"2026-05-04T15:04:00Z","level_m_msl":0.492,"source":"NOAA predicted high tide","image_offset_minutes":44.2},"geometry_p90_deviation_m":59.7,"geometry_max_deviation_m":75.5,"geometry_kind":"corrected"},"geometry":{"type":"LineString","coordinates":[[-74.7868521,39.005794],[-74.7869063,39.0056308],[-74.7869054,39.0054683],[-74.7869074,39.0052704],[-74.7869698,39.0050734],[-74.7870239,39.0049101],[-74.7870286,39.004713],[-74.7871446,39.004533],[-74.7871396,39.0043873],[-74.7871401,39.0042071],[-74.7871407,39.0040269],[-74.7871412,39.0038467],[-74.7871418,39.0036664],[-74.7871423,39.0034862],[-74.7871482,39.0033406],[-74.7870332,39.0031602],[-74.7870284,39.0029453],[-74.787029,39.0027651],[-74.7870295,39.0025849],[-74.78703,39.0024047],[-74.7870359,39.002259],[-74.786921,39.0020786],[-74.7869162,39.0018638],[-74.7869167,39.0016835],[-74.7869173,39.0015033],[-74.7869178,39.0013231],[-74.7869239,39.0011083],[-74.7870712,39.0008773],[-74.7873027,39.0006975],[-74.7874014,39.0005393],[-74.7875347,39.0003375],[-74.7877662,39.0001577],[-74.7878649,38.9999994],[-74.7879983,38.9997977],[-74.7882298,38.9996179],[-74.7883285,38.9994596],[-74.7884445,38.9992796],[-74.7885466,38.9991287],[-74.7885611,38.9989193],[-74.7888099,38.9987178],[-74.7889086,38.9985595],[-74.7890246,38.9983795],[-74.7891579,38.9981777],[-74.7893894,38.9979979],[-74.7895054,38.9978179],[-74.7897369,38.9976381],[-74.7898529,38.9974581],[-74.7901015,38.997263],[-74.790333,38.9970832],[-74.7905644,38.9969034],[-74.790811,38.9967131],[-74.7911708,38.9965262],[-74.7915178,38.9963466],[-74.7918519,38.9961743],[-74.7920834,38.9959945],[-74.7924304,38.9958149],[-74.7926467,38.9956455],[-74.7928782,38.9954657],[-74.7931097,38.9952859],[-74.7933412,38.9951061],[-74.7935726,38.9949263],[-74.7938041,38.9947464],[-74.7940356,38.9945666],[-74.7942822,38.9943763],[-74.794614,38.9942072],[-74.794713,38.9940424],[-74.7949445,38.9938626],[-74.7950431,38.9937043],[-74.7951764,38.9935025],[-74.7954079,38.9933227],[-74.7955239,38.9931427],[-74.7957724,38.9929476],[-74.7960038,38.9927678],[-74.7962353,38.992588],[-74.7964497,38.9924234],[-74.7965484,38.9922651],[-74.7966817,38.9920634],[-74.7969132,38.9918835],[-74.7970292,38.9917035],[-74.7972606,38.9915237],[-74.7973766,38.9913437],[-74.7976251,38.9911486],[-74.7978565,38.9909688],[-74.7980709,38.9908042],[-74.7981696,38.9906459],[-74.7983029,38.9904441],[-74.7985665,38.9902386],[-74.7989134,38.9900589],[-74.7991297,38.9898896],[-74.7993442,38.989725],[-74.7994428,38.9895668],[-74.7995761,38.989365],[-74.7998525,38.9891521],[-74.800302,38.98898],[-74.8003859,38.9888257],[-74.8006173,38.9886458],[-74.800716,38.9884876],[-74.8008493,38.9882858],[-74.8011128,38.9880802],[-74.8014597,38.9879006],[-74.8016761,38.9877312],[-74.8019075,38.9875514],[-74.8021389,38.9873716],[-74.8023703,38.9871917],[-74.8025847,38.9870271],[-74.8027007,38.9868471],[-74.8029642,38.9866415],[-74.8033111,38.9864619],[-74.8035275,38.9862925],[-74.8037589,38.9861127],[-74.803982,38.9859398],[-74.804147,38.9857682],[-74.8043033,38.98561],[-74.8043477,38.985459],[-74.8044121,38.9852634],[-74.8045357,38.9850697]]}},{"type":"Feature","properties":{"year":2026,"scene_id":"S2C_MSIL2A_20260519T154811_R054_T18SWJ_20260519T203302","datetime":"2026-05-19T15:48:11.025000Z","cloud_cover_tile_pct":1.85,"cloud_mask_aoi_pct":1.54,"ndwi_threshold":-0.012,"tide":{"level_m_msl":0.667,"time":"2026-05-19T15:48:00Z","source":"verified"},"wave":{"height_m":0.8,"dominant_period_s":7.0,"time":"2026-05-19T15:48:11.025000Z","source":"regional climatology fallback"},"wave_setup_m":0.123,"horizontal_correction_m":17.6,"uncertainty_m":17.2,"image":"/data/scenes/sentinel-20260519T154811.jpg","image_shape":[477,556],"stac_url":"https://planetarycomputer.microsoft.com/api/stac/v1/collections/sentinel-2-l2a/items/S2C_MSIL2A_20260519T154811_R054_T18SWJ_20260519T203302","high_tide":{"time":"2026-05-19T15:23:00Z","level_m_msl":0.632,"source":"NOAA predicted high tide","image_offset_minutes":25.2},"geometry_p90_deviation_m":65.1,"geometry_max_deviation_m":78.4,"geometry_kind":"corrected"},"geometry":{"type":"LineString","coordinates":[[-74.7868843,39.0058287],[-74.7868864,39.0056288],[-74.7869493,39.00543],[-74.787003,39.0052686],[-74.7870019,39.005108],[-74.7870025,39.0049278],[-74.787003,39.0047476],[-74.7870035,39.0045673],[-74.7870041,39.0043871],[-74.7870046,39.0042069],[-74.7870052,39.0040267],[-74.7870057,39.0038464],[-74.7870062,39.0036662],[-74.7870068,39.003486],[-74.7870073,39.0033057],[-74.7870079,39.0031255],[-74.7870084,39.0029453],[-74.7870089,39.0027651],[-74.7870095,39.0025848],[-74.78701,39.0024046],[-74.7870106,39.0022244],[-74.7870702,39.0021562],[-74.7866088,39.0019751],[-74.7865502,39.0016829],[-74.7865508,39.0015026],[-74.7865513,39.0013224],[-74.7865519,39.0011422],[-74.7866289,39.0008385],[-74.7872211,39.0006513],[-74.7872872,39.0005079],[-74.7875187,39.0003281],[-74.7876001,39.0002046],[-74.7875945,39.0000627],[-74.7876012,38.9998441],[-74.7877708,38.9995907],[-74.7881487,38.9993914],[-74.7884458,38.9992484],[-74.7884117,38.9991247],[-74.7885432,38.9989123],[-74.7886592,38.9987323],[-74.7887944,38.9985282],[-74.7890067,38.9983725],[-74.7890072,38.9981923],[-74.789258,38.9979883],[-74.7893548,38.9978324],[-74.7894708,38.9976524],[-74.7895868,38.9974724],[-74.7897028,38.9972924],[-74.7898188,38.9971124],[-74.7899348,38.9969323],[-74.7901057,38.9966996],[-74.7906125,38.9964993],[-74.7911975,38.9963178],[-74.7917501,38.9961481],[-74.7919554,38.995982],[-74.7923024,38.9958024],[-74.7925171,38.9956343],[-74.7927654,38.9954428],[-74.7931123,38.9952632],[-74.7933271,38.995095],[-74.7935585,38.9949152],[-74.79379,38.9947354],[-74.7940215,38.9945556],[-74.7942529,38.9943757],[-74.7944844,38.9941959],[-74.7947159,38.9940161],[-74.7949474,38.9938363],[-74.7951788,38.9936565],[-74.7953914,38.9934936],[-74.7955074,38.9933135],[-74.7957389,38.9931337],[-74.7958548,38.9929537],[-74.7961052,38.9927569],[-74.7962986,38.9926182],[-74.7962991,38.992438],[-74.7965497,38.992234],[-74.7966465,38.9920781],[-74.7967817,38.9918739],[-74.7970132,38.9916941],[-74.7971292,38.9915141],[-74.7973606,38.9913343],[-74.7974766,38.9911542],[-74.7977269,38.9909575],[-74.7979395,38.9907946],[-74.7980555,38.9906146],[-74.7983226,38.9904062],[-74.7986695,38.9902265],[-74.7988842,38.9900584],[-74.7991156,38.9898785],[-74.7993282,38.9897156],[-74.7994249,38.9895597],[-74.79961,38.9893189],[-74.8001878,38.9891397],[-74.8002539,38.9889963],[-74.8005043,38.9887996],[-74.8006976,38.9886608],[-74.8006765,38.9885513],[-74.800677,38.9883711],[-74.8006837,38.9881525],[-74.8008151,38.9879401],[-74.8009503,38.9877359],[-74.8012006,38.9875391],[-74.801463,38.9873396],[-74.8019253,38.9871602],[-74.8020877,38.9870411],[-74.8020882,38.9868609],[-74.8023388,38.9866569],[-74.8024356,38.986501],[-74.8025708,38.9862968],[-74.8028211,38.9861001],[-74.8030336,38.9859372],[-74.8031304,38.9857813],[-74.8032463,38.9856012],[-74.8033623,38.9854212],[-74.8034628,38.9852735],[-74.8034571,38.9851317]]}},{"type":"Feature","properties":{"year":2026,"scene_id":"S2B_MSIL2A_20260603T154809_R054_T18SWJ_20260603T194014","datetime":"2026-06-03T15:48:09.024000Z","cloud_cover_tile_pct":17.19,"cloud_mask_aoi_pct":0.92,"ndwi_threshold":-0.02,"tide":{"level_m_msl":0.615,"time":"2026-06-03T15:48:00Z","source":"verified"},"wave":{"height_m":0.8,"dominant_period_s":7.0,"time":"2026-06-03T15:48:09.024000Z","source":"regional climatology fallback"},"wave_setup_m":0.123,"horizontal_correction_m":16.4,"uncertainty_m":17.0,"image":"/data/scenes/sentinel-20260603T154809.jpg","image_shape":[477,556],"stac_url":"https://planetarycomputer.microsoft.com/api/stac/v1/collections/sentinel-2-l2a/items/S2B_MSIL2A_20260603T154809_R054_T18SWJ_20260603T194014","high_tide":{"time":"2026-06-03T15:20:00Z","level_m_msl":0.445,"source":"NOAA predicted high tide","image_offset_minutes":28.2},"geometry_p90_deviation_m":66.0,"geometry_max_deviation_m":80.0,"geometry_kind":"corrected"},"geometry":{"type":"LineString","coordinates":[[-74.7867821,39.0058285],[-74.7867842,39.00563],[-74.7868467,39.0054323],[-74.7869008,39.0052697],[-74.7868998,39.0051078],[-74.7869003,39.0049276],[-74.7869066,39.0047115],[-74.7870371,39.0045013],[-74.7871387,39.0043515],[-74.7871335,39.0042071],[-74.787134,39.0040269],[-74.7871345,39.0038467],[-74.7871351,39.0036664],[-74.7871356,39.0034862],[-74.7871362,39.003306],[-74.7871422,39.0031616],[-74.7870273,39.0029812],[-74.7870223,39.0027651],[-74.7870228,39.0025849],[-74.7870289,39.0024405],[-74.786914,39.0022601],[-74.786909,39.002044],[-74.7869095,39.0018638],[-74.78691,39.0016835],[-74.7869106,39.0015033],[-74.7869111,39.0013231],[-74.7869174,39.001107],[-74.7870658,39.0008742],[-74.7872974,39.0006944],[-74.7874134,39.0005144],[-74.7876449,39.0003346],[-74.787743,39.0001771],[-74.7878769,38.9999746],[-74.7881084,38.9997947],[-74.7881921,38.9996675],[-74.7881926,38.9994873],[-74.7883231,38.999277],[-74.7884391,38.999097],[-74.7885731,38.9988945],[-74.7888046,38.9987146],[-74.7889026,38.9985572],[-74.7890186,38.9983772],[-74.7891526,38.9981746],[-74.7894017,38.997979],[-74.7896156,38.997815],[-74.7897316,38.997635],[-74.7899631,38.9974552],[-74.7900791,38.9972751],[-74.7903439,38.9970686],[-74.7906909,38.996889],[-74.7909223,38.9967092],[-74.7912693,38.9965296],[-74.7914852,38.9963607],[-74.7917166,38.9961809],[-74.7919481,38.9960011],[-74.7921952,38.9958104],[-74.7925422,38.9956308],[-74.792758,38.9954618],[-74.7930052,38.9952711],[-74.7933521,38.9950915],[-74.7935679,38.9949226],[-74.7937994,38.9947428],[-74.7940465,38.9945521],[-74.7943935,38.9943724],[-74.7946093,38.9942035],[-74.7948231,38.9940395],[-74.7949391,38.9938595],[-74.7951882,38.9936638],[-74.7954021,38.9934998],[-74.795518,38.9933198],[-74.7957672,38.9931242],[-74.795981,38.9929602],[-74.796079,38.9928027],[-74.796213,38.9926001],[-74.7964621,38.9924045],[-74.7966759,38.9922405],[-74.7967739,38.992083],[-74.7968899,38.991903],[-74.7970059,38.9917229],[-74.7971398,38.9915204],[-74.7973889,38.9913247],[-74.7976204,38.9911449],[-74.7978518,38.9909651],[-74.7980656,38.9908011],[-74.7981637,38.9906436],[-74.7982796,38.9904636],[-74.7984312,38.9902452],[-74.798807,38.9900471],[-74.7991539,38.9898675],[-74.7994543,38.9897221],[-74.7994167,38.9896305],[-74.7994886,38.989335],[-74.8000908,38.9891428],[-74.8002646,38.9890026],[-74.8003982,38.9888067],[-74.8007451,38.9886271],[-74.8008434,38.9884629],[-74.8010749,38.988283],[-74.8012241,38.9880763],[-74.8016998,38.9878893],[-74.8019023,38.9877279],[-74.8020981,38.9875865],[-74.8020784,38.9874723],[-74.8020847,38.9872562],[-74.8022151,38.987046],[-74.802331,38.9868659],[-74.802447,38.9866859],[-74.8026386,38.9864438],[-74.8033411,38.9862609],[-74.8035633,38.9860849],[-74.80413,38.985911],[-74.8041814,38.9857877],[-74.8042894,38.9856219],[-74.8043412,38.9854578],[-74.8043994,38.9852776],[-74.8044576,38.9850975]]}}]}